ISO-10303-21;
HEADER;
FILE_DESCRIPTION (( 'STEP AP214' ),
    '1' );
FILE_NAME ('bouton.STEP',
    '2026-09-04T12:39:37',
    ( '' ),
    ( '' ),
    'SwSTEP 2.0',
    'SolidWorks 2026',
    '' );
FILE_SCHEMA (( 'AUTOMOTIVE_DESIGN' ));
ENDSEC;

DATA;
#1 = DIRECTION ( 'NONE',  ( 0.9999412215650127500, 0.000000000000000000, 0.01084220526785186975 ) ) ;
#2 = CYLINDRICAL_SURFACE ( 'NONE', #1561, 0.7499999999999996669 ) ;
#3 = DIRECTION ( 'NONE',  ( 0.9476501889972759329, 0.000000000000000000, 0.3193103808106264041 ) ) ;
#4 = ORIENTED_EDGE ( 'NONE', *, *, #5304, .F. ) ;
#5 = ORIENTED_EDGE ( 'NONE', *, *, #4069, .T. ) ;
#6 = VECTOR ( 'NONE', #1463, 999.9999999999998863 ) ;
#7 = EDGE_CURVE ( 'NONE', #912, #3274, #4735, .T. ) ;
#8 = CARTESIAN_POINT ( 'NONE',  ( 17.62530740377556882, 0.000000000000000000, -4.231461929903995944 ) ) ;
#9 = EDGE_LOOP ( 'NONE', ( #623, #4189, #654, #428 ) ) ;
#10 = CARTESIAN_POINT ( 'NONE',  ( -3.069084940777321524, 5.698158863361341534E-16, 19.37743969349919126 ) ) ;
#11 = CARTESIAN_POINT ( 'NONE',  ( 19.75376681190278561, 17.50000000000000000, 3.128689300804657680 ) ) ;
#12 = CARTESIAN_POINT ( 'NONE',  ( -7.380272627690073861, 0.000000000000000000, -16.81171633241358165 ) ) ;
#13 = AXIS2_PLACEMENT_3D ( 'NONE', #2460, #2790, #698 ) ;
#14 = EDGE_LOOP ( 'NONE', ( #2681, #1149, #2810, #2756 ) ) ;
#15 =( BOUNDED_CURVE ( )  B_SPLINE_CURVE ( 3, ( #3303, #1614, #2049, #4119 ),
 .UNSPECIFIED., .F., .T. ) 
 B_SPLINE_CURVE_WITH_KNOTS ( ( 4, 4 ),
 ( 4.712388980384689674, 6.283185307179586232 ),
 .UNSPECIFIED. ) 
 CURVE ( )  GEOMETRIC_REPRESENTATION_ITEM ( )  RATIONAL_B_SPLINE_CURVE ( ( 1.000000000000000000, 0.8047378541243649375, 0.8047378541243649375, 1.000000000000000000 ) ) 
 REPRESENTATION_ITEM ( '' )  );
#16 = EDGE_CURVE ( 'NONE', #4391, #3284, #3308, .T. ) ;
#17 = EDGE_LOOP ( 'NONE', ( #5293, #4316, #4795, #2766 ) ) ;
#18 = EDGE_LOOP ( 'NONE', ( #4237, #356, #5379, #4506 ) ) ;
#19 = CARTESIAN_POINT ( 'NONE',  ( 0.000000000000000000, -0.6952007619927221826, 10.50000000000000000 ) ) ;
#20 = EDGE_CURVE ( 'NONE', #4367, #3897, #2534, .T. ) ;
#21 = LINE ( 'NONE', #4215, #3254 ) ;
#22 = ORIENTED_EDGE ( 'NONE', *, *, #3885, .F. ) ;
#23 = DIRECTION ( 'NONE',  ( -0.8860318940314827474, -0.000000000000000000, 0.4636242905187166752 ) ) ;
#24 = CARTESIAN_POINT ( 'NONE',  ( 19.75376681190278561, 0.7500000000000006661, -3.128689300804587958 ) ) ;
#25 = FACE_OUTER_BOUND ( 'NONE', #3693, .T. ) ;
#26 = ADVANCED_FACE ( 'NONE', ( #3752 ), #3799, .T. ) ;
#27 = EDGE_CURVE ( 'NONE', #4226, #1781, #2823, .T. ) ;
#28 = AXIS2_PLACEMENT_3D ( 'NONE', #4634, #929, #105 ) ;
#29 = DIRECTION ( 'NONE',  ( 0.9476501889972759329, 0.000000000000000000, 0.3193103808106264596 ) ) ;
#30 = CARTESIAN_POINT ( 'NONE',  ( -16.18033988749897745, 17.50000000000000000, -11.75570504584944587 ) ) ;
#31 = CARTESIAN_POINT ( 'NONE',  ( -18.94142934092946007, 0.3106601717798205264, -1.490722818829026242 ) ) ;
#32 = ORIENTED_EDGE ( 'NONE', *, *, #4577, .F. ) ;
#33 = ORIENTED_EDGE ( 'NONE', *, *, #7, .T. ) ;
#34 = DIRECTION ( 'NONE',  ( -0.4443033392582338426, -0.000000000000000000, 0.8958764104071401668 ) ) ;
#35 = ORIENTED_EDGE ( 'NONE', *, *, #3669, .F. ) ;
#36 = DIRECTION ( 'NONE',  ( -0.000000000000000000, -1.000000000000000000, -0.000000000000000000 ) ) ;
#37 = LINE ( 'NONE', #1696, #3742 ) ;
#38 = EDGE_CURVE ( 'NONE', #2963, #4567, #3777, .T. ) ;
#39 = PLANE ( 'NONE',  #3340 ) ;
#40 = ORIENTED_EDGE ( 'NONE', *, *, #3871, .T. ) ;
#41 = EDGE_CURVE ( 'NONE', #2622, #4202, #3825, .T. ) ;
#42 = VECTOR ( 'NONE', #3599, 1000.000000000000000 ) ;
#43 = VERTEX_POINT ( 'NONE', #85 ) ;
#44 = VERTEX_POINT ( 'NONE', #1673 ) ;
#45 = DIRECTION ( 'NONE',  ( 0.9893263804011545037, -0.000000000000000000, 0.1457165503378051452 ) ) ;
#46 = VECTOR ( 'NONE', #3721, 1000.000000000000227 ) ;
#47 = EDGE_CURVE ( 'NONE', #2374, #2796, #2474, .T. ) ;
#48 = LINE ( 'NONE', #871, #2144 ) ;
#49 = LINE ( 'NONE', #3421, #1812 ) ;
#50 = CARTESIAN_POINT ( 'NONE',  ( -4.350962353431354401, 5.698158863361341534E-16, -18.12306249041971640 ) ) ;
#51 = FACE_OUTER_BOUND ( 'NONE', #720, .T. ) ;
#52 = CARTESIAN_POINT ( 'NONE',  ( -6.180339887498959683, 17.50000000000000000, 19.02113032590313679 ) ) ;
#53 = PLANE ( 'NONE',  #4430 ) ;
#54 = ORIENTED_EDGE ( 'NONE', *, *, #5220, .T. ) ;
#55 = VECTOR ( 'NONE', #4145, 1000.000000000000000 ) ;
#56 = ORIENTED_EDGE ( 'NONE', *, *, #1485, .T. ) ;
#57 = CARTESIAN_POINT ( 'NONE',  ( -6.404355348150440719, 0.7500000000000006661, 18.30536704562878469 ) ) ;
#58 = ORIENTED_EDGE ( 'NONE', *, *, #3886, .F. ) ;
#59 = CARTESIAN_POINT ( 'NONE',  ( 0.000000000000000000, 0.000000000000000000, 0.000000000000000000 ) ) ;
#60 = DIRECTION ( 'NONE',  ( -0.5965222315134212083, 0.000000000000000000, -0.8025965532633742017 ) ) ;
#61 = CARTESIAN_POINT ( 'NONE',  ( 9.184850993605151889E-16, 1.500000000000000000, 7.500000000000001776 ) ) ;
#62 = ORIENTED_EDGE ( 'NONE', *, *, #3834, .F. ) ;
#63 = ADVANCED_FACE ( 'NONE', ( #5073 ), #988, .T. ) ;
#64 = ORIENTED_EDGE ( 'NONE', *, *, #2096, .F. ) ;
#65 = ORIENTED_EDGE ( 'NONE', *, *, #3975, .T. ) ;
#66 = DIRECTION ( 'NONE',  ( -0.000000000000000000, -1.000000000000000000, -0.000000000000000000 ) ) ;
#67 = VECTOR ( 'NONE', #4462, 1000.000000000000114 ) ;
#68 = VECTOR ( 'NONE', #3394, 1000.000000000000227 ) ;
#69 =( BOUNDED_CURVE ( )  B_SPLINE_CURVE ( 3, ( #491, #4607, #876, #795 ),
 .UNSPECIFIED., .F., .T. ) 
 B_SPLINE_CURVE_WITH_KNOTS ( ( 4, 4 ),
 ( 4.712388980384689674, 6.283185307179586232 ),
 .UNSPECIFIED. ) 
 CURVE ( )  GEOMETRIC_REPRESENTATION_ITEM ( )  RATIONAL_B_SPLINE_CURVE ( ( 1.000000000000000000, 0.8047378541243649375, 0.8047378541243649375, 1.000000000000000000 ) ) 
 REPRESENTATION_ITEM ( '' )  );
#70 = EDGE_CURVE ( 'NONE', #5274, #4097, #4720, .T. ) ;
#71 = DIRECTION ( 'NONE',  ( -0.8958764104071420542, 0.000000000000000000, -0.4443033392582300123 ) ) ;
#72 = LINE ( 'NONE', #5061, #311 ) ;
#73 = CARTESIAN_POINT ( 'NONE',  ( -14.20823056079263758, 0.000000000000000000, -11.62877527652552168 ) ) ;
#74 = LINE ( 'NONE', #1763, #259 ) ;
#75 = VECTOR ( 'NONE', #1107, 1000.000000000000000 ) ;
#76 = PLANE ( 'NONE',  #4213 ) ;
#77 = DIRECTION ( 'NONE',  ( 0.01084220526785186975, -0.000000000000000000, 0.9999412215650126390 ) ) ;
#78 = FACE_OUTER_BOUND ( 'NONE', #4037, .T. ) ;
#79 = CARTESIAN_POINT ( 'NONE',  ( 6.180339887498962348, 17.50000000000000000, -19.02113032590307284 ) ) ;
#80 = LINE ( 'NONE', #387, #4711 ) ;
#81 = VERTEX_POINT ( 'NONE', #4361 ) ;
#82 = ORIENTED_EDGE ( 'NONE', *, *, #4437, .T. ) ;
#83 = DIRECTION ( 'NONE',  ( 0.8958764104071391676, -0.000000000000000000, 0.4443033392582361740 ) ) ;
#84 = ORIENTED_EDGE ( 'NONE', *, *, #89, .T. ) ;
#85 = CARTESIAN_POINT ( 'NONE',  ( 15.43615830453686044, 0.000000000000000000, -11.21502547726912269 ) ) ;
#86 = DIRECTION ( 'NONE',  ( 0.8025965532633696498, -0.000000000000000000, 0.5965222315134273146 ) ) ;
#87 = CARTESIAN_POINT ( 'NONE',  ( -4.435461913262215283, 17.50000000000000000, -18.47502848755585347 ) ) ;
#88 = ORIENTED_EDGE ( 'NONE', *, *, #2278, .F. ) ;
#89 = EDGE_CURVE ( 'NONE', #133, #4202, #2635, .T. ) ;
#90 = ADVANCED_FACE ( 'NONE', ( #183 ), #2663, .F. ) ;
#91 = EDGE_CURVE ( 'NONE', #3146, #2088, #478, .T. ) ;
#92 = CARTESIAN_POINT ( 'NONE',  ( 6.180339887498962348, 17.50000000000000000, -19.02113032590307284 ) ) ;
#93 = VECTOR ( 'NONE', #312, 1000.000000000000114 ) ;
#94 = ORIENTED_EDGE ( 'NONE', *, *, #3489, .T. ) ;
#95 = EDGE_LOOP ( 'NONE', ( #2078, #4259, #4287, #2442 ) ) ;
#96 = CARTESIAN_POINT ( 'NONE',  ( 16.20016312272777270, 0.7500000000000006661, 9.927472729603072921 ) ) ;
#97 = CYLINDRICAL_SURFACE ( 'NONE', #4728, 0.7500000000000001110 ) ;
#98 = CARTESIAN_POINT ( 'NONE',  ( 14.44771334640060445, 0.7500000000000006661, -12.33951291827347596 ) ) ;
#99 = ORIENTED_EDGE ( 'NONE', *, *, #2846, .F. ) ;
#100 = DIRECTION ( 'NONE',  ( 0.9476501889972736015, -0.000000000000000000, -0.3193103808106329544 ) ) ;
#101 = DIRECTION ( 'NONE',  ( 0.6993986216886716178, -0.000000000000000000, -0.7147318154244893806 ) ) ;
#102 = EDGE_CURVE ( 'NONE', #4876, #5192, #111, .T. ) ;
#103 = DIRECTION ( 'NONE',  ( 0.000000000000000000, 1.000000000000000000, 0.000000000000000000 ) ) ;
#104 = DIRECTION ( 'NONE',  ( -0.9999412215650127500, 0.000000000000000000, 0.01084220526784429074 ) ) ;
#105 = DIRECTION ( 'NONE',  ( 0.2986872808686369951, 0.000000000000000000, -0.9543510403658078678 ) ) ;
#106 = DIRECTION ( 'NONE',  ( 0.000000000000000000, 1.000000000000000000, 0.000000000000000000 ) ) ;
#107 = ORIENTED_EDGE ( 'NONE', *, *, #2188, .T. ) ;
#108 = VERTEX_POINT ( 'NONE', #2285 ) ;
#109 = ADVANCED_FACE ( 'NONE', ( #1474 ), #2208, .T. ) ;
#110 = CARTESIAN_POINT ( 'NONE',  ( 6.180339887498962348, 17.50000000000000000, -19.02113032590307284 ) ) ;
#111 = LINE ( 'NONE', #3071, #4298 ) ;
#112 = LINE ( 'NONE', #3021, #782 ) ;
#113 = EDGE_LOOP ( 'NONE', ( #3962, #4451, #1227, #4994 ) ) ;
#114 = FACE_OUTER_BOUND ( 'NONE', #4274, .T. ) ;
#115 = EDGE_CURVE ( 'NONE', #1726, #3995, #3044, .T. ) ;
#116 = ORIENTED_EDGE ( 'NONE', *, *, #3469, .F. ) ;
#117 = VECTOR ( 'NONE', #4378, 1000.000000000000000 ) ;
#118 = EDGE_LOOP ( 'NONE', ( #1543, #309, #2791, #2819 ) ) ;
#119 = CARTESIAN_POINT ( 'NONE',  ( -14.14213562373097588, 17.50000000000000000, 14.14213562373101141 ) ) ;
#120 = AXIS2_PLACEMENT_3D ( 'NONE', #4797, #4308, #1043 ) ;
#121 = CYLINDRICAL_SURFACE ( 'NONE', #4775, 0.7500000000000001110 ) ;
#122 = ORIENTED_EDGE ( 'NONE', *, *, #760, .F. ) ;
#123 = CARTESIAN_POINT ( 'NONE',  ( -9.470878960739323560, 0.000000000000000000, -15.45506981067498664 ) ) ;
#124 = VECTOR ( 'NONE', #2106, 1000.000000000000114 ) ;
#125 = DIRECTION ( 'NONE',  ( 0.1457165503378061722, -0.000000000000000000, -0.9893263804011542817 ) ) ;
#126 = ADVANCED_FACE ( 'NONE', ( #2183 ), #4744, .F. ) ;
#127 = AXIS2_PLACEMENT_3D ( 'NONE', #1442, #2200, #4270 ) ;
#128 = CARTESIAN_POINT ( 'NONE',  ( -19.75376681190278916, 17.50000000000000000, 3.128689300804659013 ) ) ;
#129 = FACE_OUTER_BOUND ( 'NONE', #4872, .T. ) ;
#130 = CARTESIAN_POINT ( 'NONE',  ( -18.58057798583385178, -1.207873165520662855E-15, -1.462323201273025619 ) ) ;
#131 = LINE ( 'NONE', #3065, #2525 ) ;
#132 = EDGE_CURVE ( 'NONE', #1928, #5279, #2098, .T. ) ;
#133 = VERTEX_POINT ( 'NONE', #4253 ) ;
#134 = DIRECTION ( 'NONE',  ( 0.5965222315134229847, 0.000000000000000000, 0.8025965532633728694 ) ) ;
#135 = LINE ( 'NONE', #1878, #206 ) ;
#136 = LINE ( 'NONE', #2134, #3204 ) ;
#137 = EDGE_CURVE ( 'NONE', #5005, #4005, #1019, .T. ) ;
#138 = CARTESIAN_POINT ( 'NONE',  ( 0.000000000000000000, 15.00000000000000178, -2.950000000000000622 ) ) ;
#139 = ORIENTED_EDGE ( 'NONE', *, *, #4352, .F. ) ;
#140 = CIRCLE ( 'NONE', #4499, 5.500000000000000000 ) ;
#141 = EDGE_LOOP ( 'NONE', ( #5211, #5266, #62, #1868 ) ) ;
#142 = ORIENTED_EDGE ( 'NONE', *, *, #2531, .T. ) ;
#143 = LINE ( 'NONE', #670, #238 ) ;
#144 = DIRECTION ( 'NONE',  ( -0.8025965532633724253, 0.000000000000000000, -0.5965222315134237618 ) ) ;
#145 = VERTEX_POINT ( 'NONE', #215 ) ;
#146 = DIRECTION ( 'NONE',  ( -0.9859341912392908247, 0.000000000000000000, 0.1671339897965870569 ) ) ;
#147 = LINE ( 'NONE', #1817, #3670 ) ;
#148 = VECTOR ( 'NONE', #5168, 1000.000000000000227 ) ;
#149 = CARTESIAN_POINT ( 'NONE',  ( 6.735557395310442023E-16, 15.50000000000000000, 5.500000000000000000 ) ) ;
#150 = LINE ( 'NONE', #4326, #581 ) ;
#151 = EDGE_CURVE ( 'NONE', #3253, #3491, #135, .T. ) ;
#152 = CARTESIAN_POINT ( 'NONE',  ( 3.128689300804621709, 17.50000000000000000, 19.75376681190282468 ) ) ;
#153 = CARTESIAN_POINT ( 'NONE',  ( -9.189097407544307927, 0.7500000000000006661, -17.07813569846648605 ) ) ;
#154 = VECTOR ( 'NONE', #3716, 1000.000000000000000 ) ;
#155 = DIRECTION ( 'NONE',  ( -0.000000000000000000, -1.000000000000000000, -0.000000000000000000 ) ) ;
#156 = ORIENTED_EDGE ( 'NONE', *, *, #3469, .T. ) ;
#157 = AXIS2_PLACEMENT_3D ( 'NONE', #1067, #5144, #4381 ) ;
#158 = DIRECTION ( 'NONE',  ( -0.9859341912392907137, 0.000000000000000000, 0.1671339897965874177 ) ) ;
#159 = CARTESIAN_POINT ( 'NONE',  ( 18.47502848755588190, 17.50000000000000000, -4.435461913262180644 ) ) ;
#160 = CARTESIAN_POINT ( 'NONE',  ( -18.14629240691751022, 0.000000000000000000, 5.896087816609165699 ) ) ;
#161 = DIRECTION ( 'NONE',  ( -0.7147318154245566602, 0.000000000000000000, 0.6993986216886028950 ) ) ;
#162 = ORIENTED_EDGE ( 'NONE', *, *, #1901, .T. ) ;
#163 = FACE_OUTER_BOUND ( 'NONE', #4924, .T. ) ;
#164 = ORIENTED_EDGE ( 'NONE', *, *, #3627, .T. ) ;
#165 = ORIENTED_EDGE ( 'NONE', *, *, #714, .F. ) ;
#166 = FACE_OUTER_BOUND ( 'NONE', #4950, .T. ) ;
#167 = EDGE_CURVE ( 'NONE', #2683, #2796, #1422, .T. ) ;
#168 = VECTOR ( 'NONE', #4003, 1000.000000000000000 ) ;
#169 = EDGE_LOOP ( 'NONE', ( #3730, #3050, #2778, #4915 ) ) ;
#170 = CARTESIAN_POINT ( 'NONE',  ( 17.07813569846652157, 0.7500000000000006661, -9.189097407544270624 ) ) ;
#171 = AXIS2_PLACEMENT_3D ( 'NONE', #930, #106, #983 ) ;
#172 =( BOUNDED_CURVE ( )  B_SPLINE_CURVE ( 3, ( #3534, #4789, #1577, #763 ),
 .UNSPECIFIED., .F., .T. ) 
 B_SPLINE_CURVE_WITH_KNOTS ( ( 4, 4 ),
 ( 4.712388980384689674, 6.283185307179586232 ),
 .UNSPECIFIED. ) 
 CURVE ( )  GEOMETRIC_REPRESENTATION_ITEM ( )  RATIONAL_B_SPLINE_CURVE ( ( 1.000000000000000000, 0.8047378541243649375, 0.8047378541243649375, 1.000000000000000000 ) ) 
 REPRESENTATION_ITEM ( '' )  );
#173 = ADVANCED_FACE ( 'NONE', ( #3929 ), #3541, .F. ) ;
#174 = DIRECTION ( 'NONE',  ( 0.000000000000000000, 0.000000000000000000, -1.000000000000000000 ) ) ;
#175 = CARTESIAN_POINT ( 'NONE',  ( -2.984791646450140501, 0.000000000000000000, 18.84523277876400371 ) ) ;
#176 = ADVANCED_FACE ( 'NONE', ( #3510 ), #548, .F. ) ;
#177 = DIRECTION ( 'NONE',  ( 0.7147318154244899358, 0.000000000000000000, -0.6993986216886711738 ) ) ;
#178 = ADVANCED_FACE ( 'NONE', ( #1612 ), #1073, .F. ) ;
#179 = CARTESIAN_POINT ( 'NONE',  ( -19.37743969349916284, 3.529754518390332666E-16, 3.069084940777353943 ) ) ;
#180 = PLANE ( 'NONE',  #3477 ) ;
#181 = ORIENTED_EDGE ( 'NONE', *, *, #1572, .F. ) ;
#182 = CARTESIAN_POINT ( 'NONE',  ( -1.490722818829057328, 0.7500000000000006661, -18.94142934092942809 ) ) ;
#183 = FACE_OUTER_BOUND ( 'NONE', #326, .T. ) ;
#184 = CARTESIAN_POINT ( 'NONE',  ( -18.94142934092946007, 17.50000000000000000, -1.490722818829024021 ) ) ;
#185 = CARTESIAN_POINT ( 'NONE',  ( -3.128689300804341933, 17.50000000000000000, -19.75376681190280337 ) ) ;
#186 = ORIENTED_EDGE ( 'NONE', *, *, #3898, .F. ) ;
#187 = CARTESIAN_POINT ( 'NONE',  ( 3.128689300804621709, 0.7500000000000006661, 19.75376681190282468 ) ) ;
#188 = ADVANCED_FACE ( 'NONE', ( #1911 ), #268, .F. ) ;
#189 = DIRECTION ( 'NONE',  ( -0.3193103808106303454, -0.000000000000000000, -0.9476501889972746007 ) ) ;
#190 = VECTOR ( 'NONE', #3904, 1000.000000000000000 ) ;
#191 = ORIENTED_EDGE ( 'NONE', *, *, #5354, .F. ) ;
#192 = CARTESIAN_POINT ( 'NONE',  ( 19.02113032590310482, 17.50000000000000000, -6.180339887498925044 ) ) ;
#193 = LINE ( 'NONE', #1860, #775 ) ;
#194 = EDGE_LOOP ( 'NONE', ( #2942, #4030 ) ) ;
#195 = ADVANCED_FACE ( 'NONE', ( #2803 ), #2721, .T. ) ;
#196 = VECTOR ( 'NONE', #1418, 1000.000000000000114 ) ;
#197 = VERTEX_POINT ( 'NONE', #4065 ) ;
#198 = CARTESIAN_POINT ( 'NONE',  ( -18.94142934092946007, 0.7500000000000006661, 1.490722818829087748 ) ) ;
#199 = CARTESIAN_POINT ( 'NONE',  ( 5.896087816609133725, 0.000000000000000000, -18.14629240691747825 ) ) ;
#200 = VERTEX_POINT ( 'NONE', #5336 ) ;
#201 = VECTOR ( 'NONE', #1658, 1000.000000000000227 ) ;
#202 = EDGE_LOOP ( 'NONE', ( #4169, #122, #2928, #4644 ) ) ;
#203 = EDGE_CURVE ( 'NONE', #197, #1306, #321, .T. ) ;
#204 = ORIENTED_EDGE ( 'NONE', *, *, #925, .T. ) ;
#205 = VECTOR ( 'NONE', #1814, 1000.000000000000114 ) ;
#206 = VECTOR ( 'NONE', #521, 999.9999999999998863 ) ;
#207 = CARTESIAN_POINT ( 'NONE',  ( -3.128689300804341933, 17.50000000000000000, -19.75376681190280337 ) ) ;
#208 = CYLINDRICAL_SURFACE ( 'NONE', #5270, 0.7500000000000006661 ) ;
#209 = LINE ( 'NONE', #2336, #5377 ) ;
#210 = CARTESIAN_POINT ( 'NONE',  ( -13.78322037140357992, 0.000000000000000000, 11.77198230270241552 ) ) ;
#211 = CARTESIAN_POINT ( 'NONE',  ( 16.74636413877164642, 0.000000000000000000, -6.936571146717626313 ) ) ;
#212 = VERTEX_POINT ( 'NONE', #2427 ) ;
#213 = VECTOR ( 'NONE', #4918, 1000.000000000000000 ) ;
#214 = DIRECTION ( 'NONE',  ( 0.2986872808686412695, 0.000000000000000000, -0.9543510403658066465 ) ) ;
#215 = CARTESIAN_POINT ( 'NONE',  ( -6.936571146717745329, 0.000000000000000000, -16.74636413877163221 ) ) ;
#216 = DIRECTION ( 'NONE',  ( 0.000000000000000000, -0.000000000000000000, -1.000000000000000000 ) ) ;
#217 = LINE ( 'NONE', #4340, #1336 ) ;
#218 = ORIENTED_EDGE ( 'NONE', *, *, #2926, .F. ) ;
#219 = CARTESIAN_POINT ( 'NONE',  ( -19.02113032590310837, 0.7500000000000006661, 6.180339887498993434 ) ) ;
#220 = EDGE_LOOP ( 'NONE', ( #1014, #88, #3664, #3505 ) ) ;
#221 = CARTESIAN_POINT ( 'NONE',  ( 6.180339887498962348, 17.50000000000000000, -19.02113032590307284 ) ) ;
#222 = EDGE_CURVE ( 'NONE', #2559, #2141, #4388, .T. ) ;
#223 = DIRECTION ( 'NONE',  ( -0.8860318940314849678, 0.000000000000000000, 0.4636242905187122898 ) ) ;
#224 = EDGE_LOOP ( 'NONE', ( #509, #4718, #1369, #5028 ) ) ;
#225 = VECTOR ( 'NONE', #2731, 1000.000000000000114 ) ;
#226 = VERTEX_POINT ( 'NONE', #661 ) ;
#227 = CARTESIAN_POINT ( 'NONE',  ( -13.49169707002271146, 0.000000000000000000, -13.49169707002267415 ) ) ;
#228 = DIRECTION ( 'NONE',  ( -0.01084220526784371308, 0.000000000000000000, 0.9999412215650127500 ) ) ;
#229 = ORIENTED_EDGE ( 'NONE', *, *, #2842, .T. ) ;
#230 = ADVANCED_FACE ( 'NONE', ( #2371 ), #4857, .F. ) ;
#231 = DIRECTION ( 'NONE',  ( 0.000000000000000000, 0.000000000000000000, 1.000000000000000000 ) ) ;
#232 = CARTESIAN_POINT ( 'NONE',  ( 0.000000000000000000, -0.6952007619927221826, 10.50000000000000000 ) ) ;
#233 = LINE ( 'NONE', #1904, #2848 ) ;
#234 = CARTESIAN_POINT ( 'NONE',  ( -14.44771334640060800, 0.7500000000000006661, 12.33951291827353636 ) ) ;
#235 = FACE_OUTER_BOUND ( 'NONE', #5305, .T. ) ;
#236 = VECTOR ( 'NONE', #2473, 1000.000000000000227 ) ;
#237 = ORIENTED_EDGE ( 'NONE', *, *, #4897, .F. ) ;
#238 = VECTOR ( 'NONE', #2324, 1000.000000000000114 ) ;
#239 = DIRECTION ( 'NONE',  ( -0.000000000000000000, -1.000000000000000000, -0.000000000000000000 ) ) ;
#240 =( BOUNDED_CURVE ( )  B_SPLINE_CURVE ( 3, ( #5097, #5146, #1367, #2229 ),
 .UNSPECIFIED., .F., .T. ) 
 B_SPLINE_CURVE_WITH_KNOTS ( ( 4, 4 ),
 ( 4.712388980384689674, 6.283185307179586232 ),
 .UNSPECIFIED. ) 
 CURVE ( )  GEOMETRIC_REPRESENTATION_ITEM ( )  RATIONAL_B_SPLINE_CURVE ( ( 1.000000000000000000, 0.8047378541243649375, 0.8047378541243649375, 1.000000000000000000 ) ) 
 REPRESENTATION_ITEM ( '' )  );
#241 = DIRECTION ( 'NONE',  ( 0.8025965532633696498, 0.000000000000000000, 0.5965222315134273146 ) ) ;
#242 = CARTESIAN_POINT ( 'NONE',  ( 20.00000000000003197, 0.7500000000000006661, 3.484000922962643298E-14 ) ) ;
#243 = LINE ( 'NONE', #1532, #3243 ) ;
#244 = ORIENTED_EDGE ( 'NONE', *, *, #3076, .F. ) ;
#245 = ADVANCED_FACE ( 'NONE', ( #1193 ), #3212, .T. ) ;
#246 = DIRECTION ( 'NONE',  ( -0.8153423299809100522, 0.000000000000000000, 0.5789791748770424240 ) ) ;
#247 = VERTEX_POINT ( 'NONE', #293 ) ;
#248 = CARTESIAN_POINT ( 'NONE',  ( -17.82013048376738951, 0.7500000000000006661, 9.079809994790986494 ) ) ;
#249 = LINE ( 'NONE', #2596, #1880 ) ;
#250 = ADVANCED_FACE ( 'NONE', ( #3629 ), #350, .T. ) ;
#251 = LINE ( 'NONE', #724, #1156 ) ;
#252 = EDGE_CURVE ( 'NONE', #4590, #2556, #2312, .T. ) ;
#253 = EDGE_CURVE ( 'NONE', #4741, #2593, #4475, .T. ) ;
#254 = ORIENTED_EDGE ( 'NONE', *, *, #203, .F. ) ;
#255 = EDGE_LOOP ( 'NONE', ( #2836, #1547, #437, #3498 ) ) ;
#256 = CARTESIAN_POINT ( 'NONE',  ( 9.927472729603040946, 17.50000000000000000, -16.20016312272774783 ) ) ;
#257 = FACE_OUTER_BOUND ( 'NONE', #4140, .T. ) ;
#258 = ORIENTED_EDGE ( 'NONE', *, *, #3596, .F. ) ;
#259 = VECTOR ( 'NONE', #2548, 999.9999999999998863 ) ;
#260 = VERTEX_POINT ( 'NONE', #687 ) ;
#261 = CARTESIAN_POINT ( 'NONE',  ( -0.4342343811577871748, 0.7500000000000006661, 19.38849325251439026 ) ) ;
#262 = AXIS2_PLACEMENT_3D ( 'NONE', #2367, #681, #1129 ) ;
#263 = DIRECTION ( 'NONE',  ( -0.9999412215650126390, 0.000000000000000000, 0.01084220526785186975 ) ) ;
#264 = CARTESIAN_POINT ( 'NONE',  ( 18.84523277876396818, 0.000000000000000000, -2.984791646450108527 ) ) ;
#265 = ORIENTED_EDGE ( 'NONE', *, *, #2749, .F. ) ;
#266 = EDGE_CURVE ( 'NONE', #3415, #838, #2397, .T. ) ;
#267 = CARTESIAN_POINT ( 'NONE',  ( 6.180339887498957019, 17.50000000000000000, 19.02113032590313679 ) ) ;
#268 = CYLINDRICAL_SURFACE ( 'NONE', #2735, 17.50000000000000355 ) ;
#269 = CARTESIAN_POINT ( 'NONE',  ( 3.128689300804621709, 17.50000000000000000, 19.75376681190282468 ) ) ;
#270 = CARTESIAN_POINT ( 'NONE',  ( -14.44771334640061156, 17.50000000000000000, -12.33951291827347596 ) ) ;
#271 = ORIENTED_EDGE ( 'NONE', *, *, #89, .F. ) ;
#272 = ORIENTED_EDGE ( 'NONE', *, *, #4056, .F. ) ;
#273 = EDGE_CURVE ( 'NONE', #1745, #1209, #4828, .T. ) ;
#274 =( BOUNDED_CURVE ( )  B_SPLINE_CURVE ( 3, ( #227, #1864, #3140, #5190 ),
 .UNSPECIFIED., .F., .T. ) 
 B_SPLINE_CURVE_WITH_KNOTS ( ( 4, 4 ),
 ( 4.712388980384689674, 6.283185307179586232 ),
 .UNSPECIFIED. ) 
 CURVE ( )  GEOMETRIC_REPRESENTATION_ITEM ( )  RATIONAL_B_SPLINE_CURVE ( ( 1.000000000000000000, 0.8047378541243649375, 0.8047378541243649375, 1.000000000000000000 ) ) 
 REPRESENTATION_ITEM ( '' )  );
#275 = CYLINDRICAL_SURFACE ( 'NONE', #3358, 0.7500000000000001110 ) ;
#276 = ORIENTED_EDGE ( 'NONE', *, *, #4575, .T. ) ;
#277 = LINE ( 'NONE', #4043, #3258 ) ;
#278 = CARTESIAN_POINT ( 'NONE',  ( -7.270985214936714236, 0.3106601717798219142, 17.55371111771449577 ) ) ;
#279 = CARTESIAN_POINT ( 'NONE',  ( 2.143131898507867854E-15, -0.5000000000000000000, 17.49999999999999645 ) ) ;
#280 = ORIENTED_EDGE ( 'NONE', *, *, #1929, .F. ) ;
#281 = VECTOR ( 'NONE', #4968, 1000.000000000000000 ) ;
#282 = ORIENTED_EDGE ( 'NONE', *, *, #783, .T. ) ;
#283 = DIRECTION ( 'NONE',  ( -0.5789791748770459767, 0.000000000000000000, 0.8153423299809076097 ) ) ;
#284 = FACE_OUTER_BOUND ( 'NONE', #2631, .T. ) ;
#285 = CARTESIAN_POINT ( 'NONE',  ( 15.94085710189100524, 0.7500000000000006661, 11.04496740410156086 ) ) ;
#286 = DIRECTION ( 'NONE',  ( -0.8958764104071414991, 0.000000000000000000, 0.4443033392582314556 ) ) ;
#287 = CARTESIAN_POINT ( 'NONE',  ( 3.469446951953613794E-15, 0.9999999999999998890, 10.50000000000000178 ) ) ;
#288 = VECTOR ( 'NONE', #29, 1000.000000000000000 ) ;
#289 = DIRECTION ( 'NONE',  ( 0.000000000000000000, -0.000000000000000000, -1.000000000000000000 ) ) ;
#290 = ADVANCED_FACE ( 'NONE', ( #2342 ), #716, .F. ) ;
#291 = AXIS2_PLACEMENT_3D ( 'NONE', #2101, #405, #2935 ) ;
#292 = CARTESIAN_POINT ( 'NONE',  ( -15.94085710189100880, 0.7500000000000006661, 11.04496740410156086 ) ) ;
#293 = CARTESIAN_POINT ( 'NONE',  ( -4.435461913262215283, 0.7500000000000006661, -18.47502848755585347 ) ) ;
#294 = LINE ( 'NONE', #5233, #2855 ) ;
#295 = EDGE_CURVE ( 'NONE', #2282, #5218, #3688, .T. ) ;
#296 = PLANE ( 'NONE',  #3417 ) ;
#297 = ORIENTED_EDGE ( 'NONE', *, *, #3727, .F. ) ;
#298 = VECTOR ( 'NONE', #547, 1000.000000000000114 ) ;
#299 = VERTEX_POINT ( 'NONE', #3745 ) ;
#300 = EDGE_CURVE ( 'NONE', #3666, #108, #1541, .T. ) ;
#301 = CARTESIAN_POINT ( 'NONE',  ( -1.490722818829057550, 0.7500000000000006661, -18.94142934092942809 ) ) ;
#302 = AXIS2_PLACEMENT_3D ( 'NONE', #4396, #1944, #666 ) ;
#303 = ORIENTED_EDGE ( 'NONE', *, *, #5196, .T. ) ;
#304 = CARTESIAN_POINT ( 'NONE',  ( 17.82013048376738595, 0.3106601717798219142, -9.079809994790915439 ) ) ;
#305 = CARTESIAN_POINT ( 'NONE',  ( 19.02113032590310482, 17.50000000000000000, -6.180339887498925044 ) ) ;
#306 = CARTESIAN_POINT ( 'NONE',  ( 0.000000000000000000, -1.000000000000000000, -17.49999999999999645 ) ) ;
#307 = ORIENTED_EDGE ( 'NONE', *, *, #4687, .T. ) ;
#308 = ORIENTED_EDGE ( 'NONE', *, *, #2551, .T. ) ;
#309 = ORIENTED_EDGE ( 'NONE', *, *, #1500, .F. ) ;
#310 = DIRECTION ( 'NONE',  ( 0.000000000000000000, -1.000000000000000000, 0.000000000000000000 ) ) ;
#311 = VECTOR ( 'NONE', #4652, 1000.000000000000000 ) ;
#312 = DIRECTION ( 'NONE',  ( -0.9893263804011543927, 0.000000000000000000, 0.1457165503378053950 ) ) ;
#313 = EDGE_LOOP ( 'NONE', ( #3950, #1324, #3305, #4038 ) ) ;
#314 = DIRECTION ( 'NONE',  ( 0.3193103808106264596, 0.000000000000000000, 0.9476501889972758219 ) ) ;
#315 = CARTESIAN_POINT ( 'NONE',  ( 0.000000000000000000, 3.500000000000020428, 0.000000000000000000 ) ) ;
#316 = DIRECTION ( 'NONE',  ( 0.7147318154244904909, 0.000000000000000000, 0.6993986216886707297 ) ) ;
#317 = DIRECTION ( 'NONE',  ( 0.000000000000000000, -1.000000000000000000, 0.000000000000000000 ) ) ;
#318 = ADVANCED_FACE ( 'NONE', ( #1740 ), #4530, .T. ) ;
#319 = EDGE_CURVE ( 'NONE', #1253, #4344, #2074, .T. ) ;
#320 = CARTESIAN_POINT ( 'NONE',  ( 16.74636413877164642, 0.000000000000000000, -6.936571146717626313 ) ) ;
#321 = LINE ( 'NONE', #1557, #1519 ) ;
#322 = DIRECTION ( 'NONE',  ( -1.000000000000000000, 0.000000000000000000, 0.000000000000000000 ) ) ;
#323 = AXIS2_PLACEMENT_3D ( 'NONE', #5161, #1462, #1436 ) ;
#324 = LINE ( 'NONE', #3717, #1176 ) ;
#325 = EDGE_LOOP ( 'NONE', ( #56, #3821, #4572, #612 ) ) ;
#326 = EDGE_LOOP ( 'NONE', ( #1809, #3102, #1869, #1223 ) ) ;
#327 = VECTOR ( 'NONE', #5216, 1000.000000000000000 ) ;
#328 = LINE ( 'NONE', #3307, #833 ) ;
#329 = VERTEX_POINT ( 'NONE', #3354 ) ;
#330 = CYLINDRICAL_SURFACE ( 'NONE', #3993, 3.049999999999999822 ) ;
#331 = PLANE ( 'NONE',  #672 ) ;
#332 = CARTESIAN_POINT ( 'NONE',  ( 19.02113032590310482, 0.7500000000000006661, -6.180339887498925044 ) ) ;
#333 = EDGE_LOOP ( 'NONE', ( #3335, #5018, #4929, #3225 ) ) ;
#334 = AXIS2_PLACEMENT_3D ( 'NONE', #1723, #1803, #2235 ) ;
#335 = VECTOR ( 'NONE', #1294, 1000.000000000000000 ) ;
#336 = ORIENTED_EDGE ( 'NONE', *, *, #115, .F. ) ;
#337 = EDGE_LOOP ( 'NONE', ( #409, #3033, #5282, #807 ) ) ;
#338 = VERTEX_POINT ( 'NONE', #2498 ) ;
#339 = CARTESIAN_POINT ( 'NONE',  ( 13.78322037140357459, 0.000000000000000000, -11.77198230270235868 ) ) ;
#340 = DIRECTION ( 'NONE',  ( 0.4636242905187136221, -0.000000000000000000, 0.8860318940314843017 ) ) ;
#341 = VERTEX_POINT ( 'NONE', #376 ) ;
#342 = VERTEX_POINT ( 'NONE', #2527 ) ;
#343 = CARTESIAN_POINT ( 'NONE',  ( -19.38849325251435118, 0.7500000000000006661, -0.4342343811577480395 ) ) ;
#344 = LINE ( 'NONE', #1549, #5284 ) ;
#345 = CARTESIAN_POINT ( 'NONE',  ( 11.21502547726915644, 0.000000000000000000, 15.43615830453689419 ) ) ;
#346 = CARTESIAN_POINT ( 'NONE',  ( 18.07025710545692121, 0.000000000000000000, 1.422160076959175123 ) ) ;
#347 = ADVANCED_FACE ( 'NONE', ( #3814 ), #2047, .F. ) ;
#348 = EDGE_CURVE ( 'NONE', #3192, #2783, #3715, .T. ) ;
#349 = FACE_OUTER_BOUND ( 'NONE', #202, .T. ) ;
#350 = CYLINDRICAL_SURFACE ( 'NONE', #385, 0.7499999999999995559 ) ;
#351 = CARTESIAN_POINT ( 'NONE',  ( -7.132466372432060275, 3.529754518390332666E-16, -17.21929704949538475 ) ) ;
#352 = CARTESIAN_POINT ( 'NONE',  ( 7.270985214936714236, 17.50000000000000000, -17.55371111771444248 ) ) ;
#353 = EDGE_LOOP ( 'NONE', ( #3849, #2618, #3088, #1799 ) ) ;
#354 = VERTEX_POINT ( 'NONE', #2151 ) ;
#355 = CARTESIAN_POINT ( 'NONE',  ( 11.04496740410152533, 0.000000000000000000, 15.94085710189104077 ) ) ;
#356 = ORIENTED_EDGE ( 'NONE', *, *, #3085, .F. ) ;
#357 = FACE_OUTER_BOUND ( 'NONE', #4128, .T. ) ;
#358 = CARTESIAN_POINT ( 'NONE',  ( -19.75376681190278916, 17.50000000000000000, -3.128689300804586626 ) ) ;
#359 = EDGE_CURVE ( 'NONE', #2571, #1174, #69, .T. ) ;
#360 = CARTESIAN_POINT ( 'NONE',  ( 0.000000000000000000, -0.5000000000000011102, 10.50000000000000000 ) ) ;
#361 = VERTEX_POINT ( 'NONE', #4117 ) ;
#362 = ORIENTED_EDGE ( 'NONE', *, *, #4239, .F. ) ;
#363 = LINE ( 'NONE', #2465, #3736 ) ;
#364 = ADVANCED_FACE ( 'NONE', ( #1712 ), #4632, .F. ) ;
#365 = CARTESIAN_POINT ( 'NONE',  ( 16.20016312272777270, 0.7500000000000006661, 9.927472729603072921 ) ) ;
#366 = VERTEX_POINT ( 'NONE', #52 ) ;
#367 = EDGE_CURVE ( 'NONE', #1101, #3367, #2959, .T. ) ;
#368 = CARTESIAN_POINT ( 'NONE',  ( 0.000000000000000000, 1.500000000000000000, 15.49999999999998401 ) ) ;
#369 = ORIENTED_EDGE ( 'NONE', *, *, #2249, .T. ) ;
#370 = DIRECTION ( 'NONE',  ( -0.000000000000000000, 1.000000000000000000, -0.000000000000000000 ) ) ;
#371 = VECTOR ( 'NONE', #4558, 1000.000000000000114 ) ;
#372 = CARTESIAN_POINT ( 'NONE',  ( 0.000000000000000000, 3.500000000000020428, -5.500000000000000000 ) ) ;
#373 = DIRECTION ( 'NONE',  ( -0.000000000000000000, -1.000000000000000000, -0.000000000000000000 ) ) ;
#374 = VECTOR ( 'NONE', #4959, 1000.000000000000227 ) ;
#375 = DIRECTION ( 'NONE',  ( -0.4636242905187151764, -0.000000000000000000, -0.8860318940314834135 ) ) ;
#376 = CARTESIAN_POINT ( 'NONE',  ( -13.78322037140358525, 0.000000000000000000, -11.77198230270236046 ) ) ;
#377 = DIRECTION ( 'NONE',  ( 0.000000000000000000, 0.000000000000000000, 1.000000000000000000 ) ) ;
#378 = LINE ( 'NONE', #4477, #2197 ) ;
#379 = ORIENTED_EDGE ( 'NONE', *, *, #4630, .F. ) ;
#380 = ORIENTED_EDGE ( 'NONE', *, *, #1123, .F. ) ;
#381 = VECTOR ( 'NONE', #1695, 1000.000000000000114 ) ;
#382 = CARTESIAN_POINT ( 'NONE',  ( -19.37743969349916284, 7.866563208332349416E-16, -3.069084940777284221 ) ) ;
#383 = ORIENTED_EDGE ( 'NONE', *, *, #1325, .F. ) ;
#384 = CARTESIAN_POINT ( 'NONE',  ( -16.18033988749897745, 0.7500000000000006661, -11.75570504584944587 ) ) ;
#385 = AXIS2_PLACEMENT_3D ( 'NONE', #4885, #2019, #1936 ) ;
#386 = CARTESIAN_POINT ( 'NONE',  ( -7.270985214936714236, 17.50000000000000000, 17.55371111771449577 ) ) ;
#387 = CARTESIAN_POINT ( 'NONE',  ( 6.735557395310442023E-16, 3.500000000000020428, 5.500000000000000000 ) ) ;
#388 = ORIENTED_EDGE ( 'NONE', *, *, #4995, .F. ) ;
#389 = AXIS2_PLACEMENT_3D ( 'NONE', #110, #1319, #134 ) ;
#390 = EDGE_CURVE ( 'NONE', #2411, #133, #1638, .T. ) ;
#391 = AXIS2_PLACEMENT_3D ( 'NONE', #979, #3893, #5167 ) ;
#392 = EDGE_CURVE ( 'NONE', #4132, #2309, #2857, .T. ) ;
#393 = VERTEX_POINT ( 'NONE', #821 ) ;
#394 = ORIENTED_EDGE ( 'NONE', *, *, #1173, .T. ) ;
#395 = DIRECTION ( 'NONE',  ( 0.8025965532633735355, 0.000000000000000000, -0.5965222315134220965 ) ) ;
#396 = CARTESIAN_POINT ( 'NONE',  ( 16.18033988749897389, 0.3106601717798219142, 11.75570504584951870 ) ) ;
#397 = ORIENTED_EDGE ( 'NONE', *, *, #2169, .F. ) ;
#398 = ORIENTED_EDGE ( 'NONE', *, *, #5035, .F. ) ;
#399 = DIRECTION ( 'NONE',  ( 0.000000000000000000, 0.000000000000000000, 1.000000000000000000 ) ) ;
#400 = CARTESIAN_POINT ( 'NONE',  ( -1.251166298259757314E-15, 0.3268088205148577119, 5.497631290795383485 ) ) ;
#401 = CARTESIAN_POINT ( 'NONE',  ( -16.18033988749897745, 17.50000000000000000, -11.75570504584944587 ) ) ;
#402 = AXIS2_PLACEMENT_3D ( 'NONE', #2918, #4593, #860 ) ;
#403 = EDGE_CURVE ( 'NONE', #1863, #1516, #3940, .T. ) ;
#404 = DIRECTION ( 'NONE',  ( 0.8958764104071407219, 0.000000000000000000, 0.4443033392582328434 ) ) ;
#405 = DIRECTION ( 'NONE',  ( -0.8860318940314855229, 0.000000000000000000, -0.4636242905187115126 ) ) ;
#406 = CARTESIAN_POINT ( 'NONE',  ( -6.936571146717745329, 0.000000000000000000, -16.74636413877163221 ) ) ;
#407 = DIRECTION ( 'NONE',  ( -0.000000000000000000, 1.000000000000000000, -0.000000000000000000 ) ) ;
#408 = ADVANCED_FACE ( 'NONE', ( #927 ), #2984, .F. ) ;
#409 = ORIENTED_EDGE ( 'NONE', *, *, #4617, .T. ) ;
#410 = ORIENTED_EDGE ( 'NONE', *, *, #659, .T. ) ;
#411 = CARTESIAN_POINT ( 'NONE',  ( -17.82013048376738951, 17.50000000000000000, 9.079809994790986494 ) ) ;
#412 = CARTESIAN_POINT ( 'NONE',  ( 17.55371111771447090, 0.7500000000000006661, 7.270985214936744434 ) ) ;
#413 = DIRECTION ( 'NONE',  ( -0.9476501889972736015, 0.000000000000000000, 0.3193103808106329544 ) ) ;
#414 = DIRECTION ( 'NONE',  ( 0.9859341912392906027, 0.000000000000000000, -0.1671339897965881949 ) ) ;
#415 = ORIENTED_EDGE ( 'NONE', *, *, #151, .T. ) ;
#416 = VECTOR ( 'NONE', #1628, 1000.000000000000000 ) ;
#417 = ADVANCED_FACE ( 'NONE', ( #2265 ), #2668, .T. ) ;
#418 = EDGE_CURVE ( 'NONE', #4547, #1652, #3881, .T. ) ;
#419 = EDGE_CURVE ( 'NONE', #465, #1279, #2129, .T. ) ;
#420 = EDGE_LOOP ( 'NONE', ( #3115, #1059, #1914, #280 ) ) ;
#421 = EDGE_CURVE ( 'NONE', #785, #3276, #996, .T. ) ;
#422 = VECTOR ( 'NONE', #413, 1000.000000000000227 ) ;
#423 =( BOUNDED_CURVE ( )  B_SPLINE_CURVE ( 3, ( #3915, #1006, #3057, #2272 ),
 .UNSPECIFIED., .F., .T. ) 
 B_SPLINE_CURVE_WITH_KNOTS ( ( 4, 4 ),
 ( 4.712388980384689674, 6.283185307179586232 ),
 .UNSPECIFIED. ) 
 CURVE ( )  GEOMETRIC_REPRESENTATION_ITEM ( )  RATIONAL_B_SPLINE_CURVE ( ( 1.000000000000000000, 0.8047378541243649375, 0.8047378541243649375, 1.000000000000000000 ) ) 
 REPRESENTATION_ITEM ( '' )  );
#424 = ORIENTED_EDGE ( 'NONE', *, *, #987, .F. ) ;
#425 = CARTESIAN_POINT ( 'NONE',  ( 8.906831404756506032, 4.605826747125912431E-16, 17.48064088573835662 ) ) ;
#426 = TOROIDAL_SURFACE ( 'NONE', #3466, 5.896076596910249101, 0.5000000000000000000 ) ;
#427 = CARTESIAN_POINT ( 'NONE',  ( 1.422160076959151809, 0.000000000000000000, -18.07025710545689634 ) ) ;
#428 = ORIENTED_EDGE ( 'NONE', *, *, #560, .F. ) ;
#429 = LINE ( 'NONE', #1683, #3531 ) ;
#430 = CARTESIAN_POINT ( 'NONE',  ( -3.069084940777072834, 6.782361035846846955E-16, -19.37743969349917350 ) ) ;
#431 = LINE ( 'NONE', #2095, #4187 ) ;
#432 = EDGE_CURVE ( 'NONE', #354, #1889, #4700, .T. ) ;
#433 = CARTESIAN_POINT ( 'NONE',  ( 2.143131898507868643E-15, 17.50000000000000000, -17.50000000000000355 ) ) ;
#434 = CARTESIAN_POINT ( 'NONE',  ( 17.82013048376738595, 0.7500000000000006661, -9.079809994790915439 ) ) ;
#435 = CARTESIAN_POINT ( 'NONE',  ( -14.44771334640061156, 0.7500000000000006661, -12.33951291827347596 ) ) ;
#436 = DIRECTION ( 'NONE',  ( 0.01084220526784615730, -0.000000000000000000, 0.9999412215650127500 ) ) ;
#437 = ORIENTED_EDGE ( 'NONE', *, *, #1286, .F. ) ;
#438 = ADVANCED_FACE ( 'NONE', ( #114 ), #2998, .T. ) ;
#439 = ORIENTED_EDGE ( 'NONE', *, *, #1325, .T. ) ;
#440 = VECTOR ( 'NONE', #2037, 1000.000000000000114 ) ;
#441 = DIRECTION ( 'NONE',  ( -0.01084220526784615037, 0.000000000000000000, 0.9999412215650127500 ) ) ;
#442 = VERTEX_POINT ( 'NONE', #2615 ) ;
#443 = CARTESIAN_POINT ( 'NONE',  ( 18.07025710545691766, 0.000000000000000000, -1.422160076959120723 ) ) ;
#444 = CARTESIAN_POINT ( 'NONE',  ( -6.936571146717649405, 0.000000000000000000, 16.74636413877166774 ) ) ;
#445 = AXIS2_PLACEMENT_3D ( 'NONE', #4383, #4822, #289 ) ;
#446 = ORIENTED_EDGE ( 'NONE', *, *, #1757, .T. ) ;
#447 = EDGE_CURVE ( 'NONE', #3620, #4896, #3907, .T. ) ;
#448 = ORIENTED_EDGE ( 'NONE', *, *, #3951, .T. ) ;
#449 = ORIENTED_EDGE ( 'NONE', *, *, #4554, .T. ) ;
#450 = ORIENTED_EDGE ( 'NONE', *, *, #700, .T. ) ;
#451 = PLANE ( 'NONE',  #4690 ) ;
#452 = PRODUCT_DEFINITION_CONTEXT ( 'detailed design', #2007, 'design' ) ;
#453 =( BOUNDED_CURVE ( )  B_SPLINE_CURVE ( 3, ( #4476, #1613, #2048, #3272 ),
 .UNSPECIFIED., .F., .T. ) 
 B_SPLINE_CURVE_WITH_KNOTS ( ( 4, 4 ),
 ( 4.712388980384689674, 6.130189506010877309 ),
 .UNSPECIFIED. ) 
 CURVE ( )  GEOMETRIC_REPRESENTATION_ITEM ( )  RATIONAL_B_SPLINE_CURVE ( ( 1.000000000000000000, 0.8393855087293401462, 0.8393855087293401462, 1.000000000000000000 ) ) 
 REPRESENTATION_ITEM ( '' )  );
#454 = CARTESIAN_POINT ( 'NONE',  ( -19.21771795033442132, 0.7500000000000006661, -2.604140334538085355 ) ) ;
#455 = CARTESIAN_POINT ( 'NONE',  ( -17.82013048376738951, 17.50000000000000000, -9.079809994790915439 ) ) ;
#456 = CARTESIAN_POINT ( 'NONE',  ( -3.128689300804341933, 0.3106601717798219142, -19.75376681190280337 ) ) ;
#457 = DIRECTION ( 'NONE',  ( 0.9543510403658066465, 0.000000000000000000, 0.2986872808686413250 ) ) ;
#458 = VECTOR ( 'NONE', #3, 1000.000000000000114 ) ;
#459 = LINE ( 'NONE', #3766, #911 ) ;
#460 = ADVANCED_FACE ( 'NONE', ( #163 ), #4285, .T. ) ;
#461 = DIRECTION ( 'NONE',  ( -0.9893263804011542817, 0.000000000000000000, 0.1457165503378068105 ) ) ;
#462 = DIRECTION ( 'NONE',  ( -0.000000000000000000, 1.000000000000000000, -0.000000000000000000 ) ) ;
#463 = LINE ( 'NONE', #4201, #726 ) ;
#464 = ORIENTED_EDGE ( 'NONE', *, *, #5035, .T. ) ;
#465 = VERTEX_POINT ( 'NONE', #187 ) ;
#466 = VECTOR ( 'NONE', #4821, 1000.000000000000114 ) ;
#467 = ORIENTED_EDGE ( 'NONE', *, *, #880, .F. ) ;
#468 = EDGE_CURVE ( 'NONE', #1560, #498, #2390, .T. ) ;
#469 = CARTESIAN_POINT ( 'NONE',  ( -14.01678513138353566, 0.000000000000000000, 13.40268498030154198 ) ) ;
#470 = ORIENTED_EDGE ( 'NONE', *, *, #714, .T. ) ;
#471 = VERTEX_POINT ( 'NONE', #3104 ) ;
#472 = DIRECTION ( 'NONE',  ( 0.9543510403658079788, 0.000000000000000000, -0.2986872808686367731 ) ) ;
#473 = CARTESIAN_POINT ( 'NONE',  ( -17.82013048376738951, 17.50000000000000000, -9.079809994790915439 ) ) ;
#474 = ORIENTED_EDGE ( 'NONE', *, *, #4442, .T. ) ;
#475 = VECTOR ( 'NONE', #1337, 999.9999999999998863 ) ;
#476 = VECTOR ( 'NONE', #5240, 1000.000000000000000 ) ;
#477 = ADVANCED_FACE ( 'NONE', ( #2660 ), #2340, .T. ) ;
#478 = CIRCLE ( 'NONE', #4571, 17.49999999999999645 ) ;
#479 = ORIENTED_EDGE ( 'NONE', *, *, #1804, .T. ) ;
#480 = ORIENTED_EDGE ( 'NONE', *, *, #3859, .F. ) ;
#481 = LINE ( 'NONE', #1680, #68 ) ;
#482 = VECTOR ( 'NONE', #5126, 1000.000000000000227 ) ;
#483 = DIRECTION ( 'NONE',  ( -0.7147318154244926003, 0.000000000000000000, -0.6993986216886683982 ) ) ;
#484 = ORIENTED_EDGE ( 'NONE', *, *, #2046, .T. ) ;
#485 = CARTESIAN_POINT ( 'NONE',  ( -9.079809994790952743, 17.50000000000000000, 17.82013048376742148 ) ) ;
#486 = DIRECTION ( 'NONE',  ( -0.8860318940314839686, 0.000000000000000000, -0.4636242905187143992 ) ) ;
#487 = FACE_BOUND ( 'NONE', #905, .T. ) ;
#488 = DIRECTION ( 'NONE',  ( 0.000000000000000000, 1.000000000000000000, 0.000000000000000000 ) ) ;
#489 = ADVANCED_FACE ( 'NONE', ( #2632 ), #4305, .T. ) ;
#490 = EDGE_CURVE ( 'NONE', #1489, #4012, #5205, .T. ) ;
#491 = CARTESIAN_POINT ( 'NONE',  ( -9.470878960739323560, 0.000000000000000000, -15.45506981067498664 ) ) ;
#492 = CARTESIAN_POINT ( 'NONE',  ( -11.74757339189859984, 0.7500000000000006661, -15.43038397132518114 ) ) ;
#493 = CARTESIAN_POINT ( 'NONE',  ( -16.18033988749897745, 17.50000000000000000, 11.75570504584951692 ) ) ;
#494 = DIRECTION ( 'NONE',  ( -0.5965222315134229847, 0.000000000000000000, -0.8025965532633728694 ) ) ;
#495 = ORIENTED_EDGE ( 'NONE', *, *, #4689, .T. ) ;
#496 = ORIENTED_EDGE ( 'NONE', *, *, #4725, .F. ) ;
#497 = CARTESIAN_POINT ( 'NONE',  ( 19.37743969349916284, 6.774231092096921299E-16, 3.069084940777353943 ) ) ;
#498 = VERTEX_POINT ( 'NONE', #4385 ) ;
#499 = DIRECTION ( 'NONE',  ( -0.1457165503378067828, 0.000000000000000000, -0.9893263804011541707 ) ) ;
#500 = CARTESIAN_POINT ( 'NONE',  ( -6.180339887498861984, 17.50000000000000000, -19.02113032590267494 ) ) ;
#501 = VERTEX_POINT ( 'NONE', #656 ) ;
#502 = EDGE_LOOP ( 'NONE', ( #2645, #3802, #3718, #593 ) ) ;
#503 = EDGE_LOOP ( 'NONE', ( #2557, #1282, #854, #3318 ) ) ;
#504 = PLANE ( 'NONE',  #5206 ) ;
#505 = VECTOR ( 'NONE', #1333, 999.9999999999998863 ) ;
#506 = VECTOR ( 'NONE', #1539, 1000.000000000000114 ) ;
#507 = CARTESIAN_POINT ( 'NONE',  ( -16.20016312272777625, 17.50000000000000000, 9.927472729603072921 ) ) ;
#508 = CARTESIAN_POINT ( 'NONE',  ( 15.94085710189100169, 0.7500000000000006661, -11.04496740410149158 ) ) ;
#509 = ORIENTED_EDGE ( 'NONE', *, *, #3645, .T. ) ;
#510 = CARTESIAN_POINT ( 'NONE',  ( 17.47241226587835072, 0.000000000000000000, -8.415286074267303462 ) ) ;
#511 = CARTESIAN_POINT ( 'NONE',  ( -11.75570504584948850, 17.50000000000000000, -16.18033988749894192 ) ) ;
#512 = CIRCLE ( 'NONE', #4604, 0.5000000000000004441 ) ;
#513 = CARTESIAN_POINT ( 'NONE',  ( 19.02113032590310482, 17.50000000000000000, -6.180339887498925044 ) ) ;
#514 = CARTESIAN_POINT ( 'NONE',  ( 4.435461913262209954, 0.7500000000000006661, 18.47502848755591032 ) ) ;
#515 = CARTESIAN_POINT ( 'NONE',  ( -12.33951291827351149, 17.50000000000000000, -14.44771334640057781 ) ) ;
#516 = CARTESIAN_POINT ( 'NONE',  ( 2.604140334538119106, 0.000000000000000000, 19.21771795033446040 ) ) ;
#517 = FACE_OUTER_BOUND ( 'NONE', #2104, .T. ) ;
#518 = ORIENTED_EDGE ( 'NONE', *, *, #4645, .T. ) ;
#519 = ADVANCED_FACE ( 'NONE', ( #604 ), #1780, .T. ) ;
#520 = CARTESIAN_POINT ( 'NONE',  ( 18.07025710545691766, 0.000000000000000000, -1.422160076959120723 ) ) ;
#521 = DIRECTION ( 'NONE',  ( -0.9893263804011550588, 0.000000000000000000, -0.1457165503378019256 ) ) ;
#522 = FACE_OUTER_BOUND ( 'NONE', #3028, .T. ) ;
#523 = DIRECTION ( 'NONE',  ( 0.000000000000000000, 0.000000000000000000, -1.000000000000000000 ) ) ;
#524 = ORIENTED_EDGE ( 'NONE', *, *, #4051, .T. ) ;
#525 = CARTESIAN_POINT ( 'NONE',  ( 1.490722818829056218, 0.7500000000000006661, -18.94142934092942809 ) ) ;
#526 = EDGE_CURVE ( 'NONE', #1233, #1560, #3977, .T. ) ;
#527 = VECTOR ( 'NONE', #340, 1000.000000000000000 ) ;
#528 = VERTEX_POINT ( 'NONE', #4824 ) ;
#529 = ADVANCED_FACE ( 'NONE', ( #3438 ), #963, .F. ) ;
#530 = ORIENTED_EDGE ( 'NONE', *, *, #5368, .F. ) ;
#531 = DIRECTION ( 'NONE',  ( -0.9999412215650128610, -0.000000000000000000, -0.01084220526784427166 ) ) ;
#532 =( BOUNDED_CURVE ( )  B_SPLINE_CURVE ( 3, ( #4746, #2315, #3574, #1913 ),
 .UNSPECIFIED., .F., .T. ) 
 B_SPLINE_CURVE_WITH_KNOTS ( ( 4, 4 ),
 ( 0.000000000000000000, 1.570796326794896558 ),
 .UNSPECIFIED. ) 
 CURVE ( )  GEOMETRIC_REPRESENTATION_ITEM ( )  RATIONAL_B_SPLINE_CURVE ( ( 1.000000000000000000, 0.8047378541243649375, 0.8047378541243649375, 1.000000000000000000 ) ) 
 REPRESENTATION_ITEM ( '' )  );
#533 = EDGE_CURVE ( 'NONE', #3984, #2874, #4279, .T. ) ;
#534 = LINE ( 'NONE', #4263, #201 ) ;
#535 = DIRECTION ( 'NONE',  ( -0.5789791748770451996, 0.000000000000000000, -0.8153423299809079428 ) ) ;
#536 = ORIENTED_EDGE ( 'NONE', *, *, #5277, .F. ) ;
#537 = DIRECTION ( 'NONE',  ( 0.8958764104071416101, 0.000000000000000000, -0.4443033392582310115 ) ) ;
#538 = LINE ( 'NONE', #5113, #3576 ) ;
#539 = ADVANCED_FACE ( 'NONE', ( #1805 ), #990, .F. ) ;
#540 = PLANE ( 'NONE',  #2726 ) ;
#541 = CARTESIAN_POINT ( 'NONE',  ( 14.44771334640060623, 0.7500000000000006661, 12.33951291827353458 ) ) ;
#542 = CARTESIAN_POINT ( 'NONE',  ( 0.000000000000000000, -0.5000000000000000000, -17.49999999999999645 ) ) ;
#543 = CARTESIAN_POINT ( 'NONE',  ( 7.220611331933756389E-16, -1.000000000000000444, 16.39607659691024821 ) ) ;
#544 = PLANE ( 'NONE',  #3761 ) ;
#545 = EDGE_LOOP ( 'NONE', ( #1644, #3796, #4493, #5376 ) ) ;
#546 = VECTOR ( 'NONE', #436, 1000.000000000000114 ) ;
#547 = DIRECTION ( 'NONE',  ( 0.8153423299809067215, -0.000000000000000000, 0.5789791748770470869 ) ) ;
#548 = PLANE ( 'NONE',  #4825 ) ;
#549 = CARTESIAN_POINT ( 'NONE',  ( 3.603089355156714376E-15, 3.500000000000001332, 1.734723475976807094E-15 ) ) ;
#550 = CARTESIAN_POINT ( 'NONE',  ( 16.18033988749897389, 17.50000000000000000, 11.75570504584951870 ) ) ;
#551 = CYLINDRICAL_SURFACE ( 'NONE', #4121, 0.5000000000000000000 ) ;
#552 = VECTOR ( 'NONE', #2228, 1000.000000000000114 ) ;
#553 = ORIENTED_EDGE ( 'NONE', *, *, #4641, .F. ) ;
#554 = CARTESIAN_POINT ( 'NONE',  ( 3.128689300804621709, 0.3106601717798219142, 19.75376681190282468 ) ) ;
#555 = EDGE_LOOP ( 'NONE', ( #4483, #800, #2972, #1439 ) ) ;
#556 = AXIS2_PLACEMENT_3D ( 'NONE', #1243, #103, #1739 ) ;
#557 = ORIENTED_EDGE ( 'NONE', *, *, #3493, .T. ) ;
#558 = DIRECTION ( 'NONE',  ( -0.8958764104071011980, 0.000000000000000000, -0.4443033392583126684 ) ) ;
#559 = VECTOR ( 'NONE', #36, 1000.000000000000000 ) ;
#560 = EDGE_CURVE ( 'NONE', #3666, #2559, #3218, .T. ) ;
#561 = CARTESIAN_POINT ( 'NONE',  ( -13.40268498030151179, 0.7500000000000006661, -14.01678513138349658 ) ) ;
#562 = ORIENTED_EDGE ( 'NONE', *, *, #2524, .F. ) ;
#563 = DIRECTION ( 'NONE',  ( -0.000000000000000000, -1.000000000000000000, -0.000000000000000000 ) ) ;
#564 = VECTOR ( 'NONE', #2026, 1000.000000000000000 ) ;
#565 = CARTESIAN_POINT ( 'NONE',  ( -4.435461913262215283, 0.7500000000000006661, -18.47502848755585347 ) ) ;
#566 =( BOUNDED_CURVE ( )  B_SPLINE_CURVE ( 3, ( #5210, #4311, #4830, #5177 ),
 .UNSPECIFIED., .F., .T. ) 
 B_SPLINE_CURVE_WITH_KNOTS ( ( 4, 4 ),
 ( 0.000000000000000000, 1.570796326794896558 ),
 .UNSPECIFIED. ) 
 CURVE ( )  GEOMETRIC_REPRESENTATION_ITEM ( )  RATIONAL_B_SPLINE_CURVE ( ( 1.000000000000000000, 0.8047378541243649375, 0.8047378541243649375, 1.000000000000000000 ) ) 
 REPRESENTATION_ITEM ( '' )  );
#567 = VECTOR ( 'NONE', #569, 1000.000000000000114 ) ;
#568 = DIRECTION ( 'NONE',  ( -0.8025965532632670651, 0.000000000000000000, -0.5965222315135654263 ) ) ;
#569 = DIRECTION ( 'NONE',  ( 0.9999412215650126390, -0.000000000000000000, 0.01084220526785186975 ) ) ;
#570 = CARTESIAN_POINT ( 'NONE',  ( 4.659477373913689213, 0.000000000000000000, 17.75926520728155467 ) ) ;
#571 = DIRECTION ( 'NONE',  ( 0.7147318154244899358, 0.000000000000000000, -0.6993986216886711738 ) ) ;
#572 = CARTESIAN_POINT ( 'NONE',  ( -6.180339887498861984, 17.50000000000000000, -19.02113032590267494 ) ) ;
#573 = EDGE_CURVE ( 'NONE', #5138, #2130, #2405, .T. ) ;
#574 = ORIENTED_EDGE ( 'NONE', *, *, #2223, .F. ) ;
#575 = DIRECTION ( 'NONE',  ( 0.000000000000000000, 0.000000000000000000, 1.000000000000000000 ) ) ;
#576 = DIRECTION ( 'NONE',  ( 0.9893263804011543927, 0.000000000000000000, -0.1457165503378054228 ) ) ;
#577 = ADVANCED_FACE ( 'NONE', ( #4482 ), #4996, .F. ) ;
#578 = DIRECTION ( 'NONE',  ( -0.000000000000000000, -1.000000000000000000, -0.000000000000000000 ) ) ;
#579 = CARTESIAN_POINT ( 'NONE',  ( -19.75376681190278916, 0.7500000000000006661, -3.128689300804586626 ) ) ;
#580 = ORIENTED_EDGE ( 'NONE', *, *, #222, .F. ) ;
#581 = VECTOR ( 'NONE', #597, 1000.000000000000000 ) ;
#582 = DIRECTION ( 'NONE',  ( -0.9893263804011550588, -0.000000000000000000, -0.1457165503378019256 ) ) ;
#583 = ORIENTED_EDGE ( 'NONE', *, *, #4781, .T. ) ;
#584 = ORIENTED_EDGE ( 'NONE', *, *, #1835, .F. ) ;
#585 = FACE_OUTER_BOUND ( 'NONE', #3080, .T. ) ;
#586 = EDGE_CURVE ( 'NONE', #1274, #3004, #1248, .T. ) ;
#587 = ADVANCED_FACE ( 'NONE', ( #1647 ), #4508, .T. ) ;
#588 = EDGE_CURVE ( 'NONE', #2351, #5005, #1175, .T. ) ;
#589 = VECTOR ( 'NONE', #3964, 1000.000000000000000 ) ;
#590 = ORIENTED_EDGE ( 'NONE', *, *, #4704, .T. ) ;
#591 = CARTESIAN_POINT ( 'NONE',  ( -11.75570504584948672, 0.7500000000000006661, 16.18033988749900942 ) ) ;
#592 = CARTESIAN_POINT ( 'NONE',  ( -2.912768570027275219E-16, 0.3106601717798220808, -20.00000000000000000 ) ) ;
#593 = ORIENTED_EDGE ( 'NONE', *, *, #3569, .F. ) ;
#594 = VECTOR ( 'NONE', #558, 1000.000000000000000 ) ;
#595 = ORIENTED_EDGE ( 'NONE', *, *, #941, .T. ) ;
#596 = DIRECTION ( 'NONE',  ( 0.5965222315135666475, 0.000000000000000000, -0.8025965532632661770 ) ) ;
#597 = DIRECTION ( 'NONE',  ( 0.8025965532633737576, 0.000000000000000000, -0.5965222315134218745 ) ) ;
#598 = DIRECTION ( 'NONE',  ( 0.8153423299809096081, -0.000000000000000000, 0.5789791748770429791 ) ) ;
#599 = CYLINDRICAL_SURFACE ( 'NONE', #3247, 0.7500000000000005551 ) ;
#600 =( BOUNDED_CURVE ( )  B_SPLINE_CURVE ( 3, ( #2533, #2583, #497, #3824 ),
 .UNSPECIFIED., .F., .T. ) 
 B_SPLINE_CURVE_WITH_KNOTS ( ( 4, 4 ),
 ( 0.000000000000000000, 1.570796326794896558 ),
 .UNSPECIFIED. ) 
 CURVE ( )  GEOMETRIC_REPRESENTATION_ITEM ( )  RATIONAL_B_SPLINE_CURVE ( ( 1.000000000000000000, 0.8047378541243649375, 0.8047378541243649375, 1.000000000000000000 ) ) 
 REPRESENTATION_ITEM ( '' )  );
#601 = FACE_OUTER_BOUND ( 'NONE', #2082, .T. ) ;
#602 = ORIENTED_EDGE ( 'NONE', *, *, #3951, .F. ) ;
#603 = EDGE_CURVE ( 'NONE', #4679, #1382, #4891, .T. ) ;
#604 = FACE_OUTER_BOUND ( 'NONE', #4478, .T. ) ;
#605 = EDGE_CURVE ( 'NONE', #4890, #2453, #2809, .T. ) ;
#606 = VECTOR ( 'NONE', #4715, 1000.000000000000000 ) ;
#607 = CARTESIAN_POINT ( 'NONE',  ( 4.435461913262208178, 17.50000000000000000, -18.47502848755584992 ) ) ;
#608 = CARTESIAN_POINT ( 'NONE',  ( -18.94142934092946007, 0.7500000000000006661, -1.490722818829023577 ) ) ;
#609 = DIRECTION ( 'NONE',  ( -0.5965222315134262043, 0.000000000000000000, -0.8025965532633705379 ) ) ;
#610 = EDGE_CURVE ( 'NONE', #2411, #4890, #5056, .T. ) ;
#611 = DIRECTION ( 'NONE',  ( -0.9859341912392908247, -0.000000000000000000, 0.1671339897965861965 ) ) ;
#612 = ORIENTED_EDGE ( 'NONE', *, *, #1555, .F. ) ;
#613 = LINE ( 'NONE', #4804, #4055 ) ;
#614 = VERTEX_POINT ( 'NONE', #2887 ) ;
#615 = EDGE_CURVE ( 'NONE', #361, #2333, #3665, .T. ) ;
#616 = CARTESIAN_POINT ( 'NONE',  ( -9.470878960739321784, 0.000000000000000000, 15.45506981067504171 ) ) ;
#617 = VECTOR ( 'NONE', #4937, 1000.000000000000227 ) ;
#618 = VERTEX_POINT ( 'NONE', #3246 ) ;
#619 = DIRECTION ( 'NONE',  ( -0.5965222315134212083, -0.000000000000000000, -0.8025965532633743127 ) ) ;
#620 = CARTESIAN_POINT ( 'NONE',  ( 0.000000000000000000, 0.7500000000000006661, -20.00000000000000000 ) ) ;
#621 = ORIENTED_EDGE ( 'NONE', *, *, #2897, .F. ) ;
#622 = AXIS2_PLACEMENT_3D ( 'NONE', #279, #4104, #1146 ) ;
#623 = ORIENTED_EDGE ( 'NONE', *, *, #300, .T. ) ;
#624 = CYLINDRICAL_SURFACE ( 'NONE', #3605, 17.50000000000000355 ) ;
#625 = CARTESIAN_POINT ( 'NONE',  ( -11.75570504584948672, 0.7500000000000006661, 16.18033988749900942 ) ) ;
#626 = LINE ( 'NONE', #152, #2513 ) ;
#627 = DIRECTION ( 'NONE',  ( 0.5789791748770443114, 0.000000000000000000, 0.8153423299809087199 ) ) ;
#628 = CARTESIAN_POINT ( 'NONE',  ( 19.37743969349915929, 8.942635437067931153E-16, -3.069084940777287329 ) ) ;
#629 = ORIENTED_EDGE ( 'NONE', *, *, #605, .F. ) ;
#630 = EDGE_CURVE ( 'NONE', #1514, #2999, #3694, .T. ) ;
#631 = CARTESIAN_POINT ( 'NONE',  ( 0.000000000000000000, 3.500000000000020428, 0.000000000000000000 ) ) ;
#632 =( BOUNDED_CURVE ( )  B_SPLINE_CURVE ( 3, ( #4936, #4879, #1550, #3234 ),
 .UNSPECIFIED., .F., .T. ) 
 B_SPLINE_CURVE_WITH_KNOTS ( ( 4, 4 ),
 ( 0.000000000000000000, 1.570796326794896558 ),
 .UNSPECIFIED. ) 
 CURVE ( )  GEOMETRIC_REPRESENTATION_ITEM ( )  RATIONAL_B_SPLINE_CURVE ( ( 1.000000000000000000, 0.8047378541243649375, 0.8047378541243649375, 1.000000000000000000 ) ) 
 REPRESENTATION_ITEM ( '' )  );
#633 = DIRECTION ( 'NONE',  ( 0.5789791748770430901, 0.000000000000000000, -0.8153423299809096081 ) ) ;
#634 = CARTESIAN_POINT ( 'NONE',  ( 3.603089355156714376E-15, 15.00000000000000178, 1.734723475976807094E-15 ) ) ;
#635 = LINE ( 'NONE', #185, #2283 ) ;
#636 = ORIENTED_EDGE ( 'NONE', *, *, #630, .F. ) ;
#637 = EDGE_LOOP ( 'NONE', ( #1311, #922, #1451, #5077 ) ) ;
#638 = LINE ( 'NONE', #1886, #837 ) ;
#639 = ORIENTED_EDGE ( 'NONE', *, *, #3059, .F. ) ;
#640 = CARTESIAN_POINT ( 'NONE',  ( -18.84523277876397174, 0.000000000000000000, 2.984791646450172475 ) ) ;
#641 = DIRECTION ( 'NONE',  ( -0.8860318940314824143, 0.000000000000000000, -0.4636242905187173413 ) ) ;
#642 = ORIENTED_EDGE ( 'NONE', *, *, #5251, .T. ) ;
#643 = EDGE_CURVE ( 'NONE', #43, #744, #5297, .T. ) ;
#644 = VECTOR ( 'NONE', #2811, 1000.000000000000114 ) ;
#645 = ORIENTED_EDGE ( 'NONE', *, *, #2355, .T. ) ;
#646 = DIRECTION ( 'NONE',  ( 0.3193103808106303454, 0.000000000000000000, 0.9476501889972746007 ) ) ;
#647 = CARTESIAN_POINT ( 'NONE',  ( -11.74757339189860517, 0.7500000000000006661, 15.43038397132525041 ) ) ;
#648 = AXIS2_PLACEMENT_3D ( 'NONE', #3061, #2251, #4788 ) ;
#649 = ORIENTED_EDGE ( 'NONE', *, *, #1440, .F. ) ;
#650 = CARTESIAN_POINT ( 'NONE',  ( 18.47502848755587834, 17.50000000000000000, 4.435461913262236600 ) ) ;
#651 = LINE ( 'NONE', #2713, #1527 ) ;
#652 = CARTESIAN_POINT ( 'NONE',  ( -7.270985214936714236, 0.7500000000000006661, 17.55371111771449577 ) ) ;
#653 = CARTESIAN_POINT ( 'NONE',  ( 6.180339887498957019, 17.50000000000000000, 19.02113032590313679 ) ) ;
#654 = ORIENTED_EDGE ( 'NONE', *, *, #5033, .F. ) ;
#655 = AXIS2_PLACEMENT_3D ( 'NONE', #2370, #715, #4910 ) ;
#656 = CARTESIAN_POINT ( 'NONE',  ( 17.00053009192102849, 0.000000000000000000, -8.662202736729591734 ) ) ;
#657 = EDGE_CURVE ( 'NONE', #1382, #788, #1562, .T. ) ;
#658 = EDGE_CURVE ( 'NONE', #2895, #912, #328, .T. ) ;
#659 = EDGE_CURVE ( 'NONE', #2291, #788, #3206, .T. ) ;
#660 = DIRECTION ( 'NONE',  ( 0.01084220526784615904, 0.000000000000000000, 0.9999412215650128610 ) ) ;
#661 = CARTESIAN_POINT ( 'NONE',  ( 18.84523277876396818, 0.000000000000000000, -2.984791646450108527 ) ) ;
#662 = DIRECTION ( 'NONE',  ( 0.2986872808686397707, 0.000000000000000000, 0.9543510403658070906 ) ) ;
#663 = LINE ( 'NONE', #3956, #3944 ) ;
#664 = ORIENTED_EDGE ( 'NONE', *, *, #4179, .F. ) ;
#665 = ORIENTED_EDGE ( 'NONE', *, *, #4636, .T. ) ;
#666 = DIRECTION ( 'NONE',  ( 0.8025965532633706490, 0.000000000000000000, -0.5965222315134260933 ) ) ;
#667 = ORIENTED_EDGE ( 'NONE', *, *, #2686, .T. ) ;
#668 = DIRECTION ( 'NONE',  ( -0.000000000000000000, -1.000000000000000000, -0.000000000000000000 ) ) ;
#669 = CARTESIAN_POINT ( 'NONE',  ( -17.82013048376738951, 0.7500000000000006661, 9.079809994790986494 ) ) ;
#670 = CARTESIAN_POINT ( 'NONE',  ( -6.180339887498861984, 0.7500000000000006661, -19.02113032590267494 ) ) ;
#671 = ORIENTED_EDGE ( 'NONE', *, *, #468, .T. ) ;
#672 = AXIS2_PLACEMENT_3D ( 'NONE', #3310, #414, #4975 ) ;
#673 = ORIENTED_EDGE ( 'NONE', *, *, #3781, .T. ) ;
#674 = LINE ( 'NONE', #591, #2418 ) ;
#675 = EDGE_CURVE ( 'NONE', #3995, #2309, #5086, .T. ) ;
#676 = VERTEX_POINT ( 'NONE', #3278 ) ;
#677 = VERTEX_POINT ( 'NONE', #3334 ) ;
#678 = DIRECTION ( 'NONE',  ( -0.9893263804011538376, 0.000000000000000000, -0.1457165503378092530 ) ) ;
#679 = DIRECTION ( 'NONE',  ( 0.9476501889972740456, -0.000000000000000000, 0.3193103808106315666 ) ) ;
#680 = CARTESIAN_POINT ( 'NONE',  ( 3.128689300804625262, 17.50000000000000000, -19.75376681190276074 ) ) ;
#681 = DIRECTION ( 'NONE',  ( -0.8153423299809087199, 0.000000000000000000, 0.5789791748770442004 ) ) ;
#682 = EDGE_CURVE ( 'NONE', #4774, #1454, #906, .T. ) ;
#683 = VECTOR ( 'NONE', #4843, 1000.000000000000000 ) ;
#684 = VERTEX_POINT ( 'NONE', #4666 ) ;
#685 = AXIS2_PLACEMENT_3D ( 'NONE', #1674, #2917, #2943 ) ;
#686 = CARTESIAN_POINT ( 'NONE',  ( 6.936571146717650294, 0.000000000000000000, 16.74636413877167485 ) ) ;
#687 = CARTESIAN_POINT ( 'NONE',  ( 1.816590212458494058, 15.00000000000000178, -2.450000000000000622 ) ) ;
#688 = CYLINDRICAL_SURFACE ( 'NONE', #1307, 0.7500000000000007772 ) ;
#689 = CARTESIAN_POINT ( 'NONE',  ( -3.128689300804341933, 0.7500000000000006661, -19.75376681190280337 ) ) ;
#690 = ORIENTED_EDGE ( 'NONE', *, *, #5387, .F. ) ;
#691 = ADVANCED_FACE ( 'NONE', ( #1721 ), #1370, .T. ) ;
#692 = EDGE_LOOP ( 'NONE', ( #4985, #2027, #1302, #1807 ) ) ;
#693 = AXIS2_PLACEMENT_3D ( 'NONE', #542, #4608, #3843 ) ;
#694 = LINE ( 'NONE', #2347, #4146 ) ;
#695 = EDGE_LOOP ( 'NONE', ( #3129, #415, #3603, #1855 ) ) ;
#696 = CARTESIAN_POINT ( 'NONE',  ( 6.735557395310442023E-16, 3.500000000000020428, 5.500000000000000000 ) ) ;
#697 = DIRECTION ( 'NONE',  ( 0.3193103808106303454, 0.000000000000000000, 0.9476501889972746007 ) ) ;
#698 = DIRECTION ( 'NONE',  ( -0.1457165503378049787, 0.000000000000000000, -0.9893263804011543927 ) ) ;
#699 = ORIENTED_EDGE ( 'NONE', *, *, #2353, .F. ) ;
#700 = EDGE_CURVE ( 'NONE', #728, #4946, #600, .T. ) ;
#701 = ORIENTED_EDGE ( 'NONE', *, *, #2188, .F. ) ;
#702 = CARTESIAN_POINT ( 'NONE',  ( 0.000000000000000000, 17.50000000000000000, -20.00000000000000000 ) ) ;
#703 = CARTESIAN_POINT ( 'NONE',  ( 18.30536704562874561, 0.7500000000000006661, 6.404355348150472693 ) ) ;
#704 = ORIENTED_EDGE ( 'NONE', *, *, #3791, .T. ) ;
#705 = VECTOR ( 'NONE', #4472, 1000.000000000000114 ) ;
#706 = ORIENTED_EDGE ( 'NONE', *, *, #2674, .T. ) ;
#707 = EDGE_CURVE ( 'NONE', #4741, #1730, #3383, .T. ) ;
#708 = FACE_OUTER_BOUND ( 'NONE', #169, .T. ) ;
#709 = DIRECTION ( 'NONE',  ( -0.4443033392582322882, 0.000000000000000000, -0.8958764104071411660 ) ) ;
#710 = AXIS2_PLACEMENT_3D ( 'NONE', #1621, #4866, #5275 ) ;
#711 = DIRECTION ( 'NONE',  ( -0.000000000000000000, -1.000000000000000000, -0.000000000000000000 ) ) ;
#712 = DIRECTION ( 'NONE',  ( 0.8153423299809067215, 0.000000000000000000, 0.5789791748770470869 ) ) ;
#713 = ORIENTED_EDGE ( 'NONE', *, *, #4162, .T. ) ;
#714 = EDGE_CURVE ( 'NONE', #4622, #3405, #960, .T. ) ;
#715 = DIRECTION ( 'NONE',  ( -0.1457165503378019256, 0.000000000000000000, 0.9893263804011550588 ) ) ;
#716 = PLANE ( 'NONE',  #5003 ) ;
#717 = PLANE ( 'NONE',  #4868 ) ;
#718 = DIRECTION ( 'NONE',  ( 0.000000000000000000, 0.000000000000000000, -1.000000000000000000 ) ) ;
#719 = ORIENTED_EDGE ( 'NONE', *, *, #3077, .F. ) ;
#720 = EDGE_LOOP ( 'NONE', ( #857, #3227, #3633, #1728 ) ) ;
#721 = FACE_OUTER_BOUND ( 'NONE', #2947, .T. ) ;
#722 = VERTEX_POINT ( 'NONE', #4638 ) ;
#723 = DIRECTION ( 'NONE',  ( 0.9999412215650128610, 0.000000000000000000, 0.01084220526784427166 ) ) ;
#724 = CARTESIAN_POINT ( 'NONE',  ( -15.43038397132521844, 0.000000000000000000, -11.74757339189855898 ) ) ;
#725 = ORIENTED_EDGE ( 'NONE', *, *, #3728, .F. ) ;
#726 = VECTOR ( 'NONE', #3380, 1000.000000000000000 ) ;
#727 = EDGE_CURVE ( 'NONE', #855, #4505, #4695, .T. ) ;
#728 = VERTEX_POINT ( 'NONE', #5072 ) ;
#729 = CARTESIAN_POINT ( 'NONE',  ( -18.94142934092946007, 17.50000000000000000, -1.490722818829024021 ) ) ;
#730 = VECTOR ( 'NONE', #723, 999.9999999999998863 ) ;
#731 = LINE ( 'NONE', #4875, #440 ) ;
#732 = EDGE_CURVE ( 'NONE', #4611, #2614, #4252, .T. ) ;
#733 = ORIENTED_EDGE ( 'NONE', *, *, #868, .F. ) ;
#734 = DIRECTION ( 'NONE',  ( -0.7147318154244899358, 0.000000000000000000, 0.6993986216886711738 ) ) ;
#735 = DIRECTION ( 'NONE',  ( -0.9859341912392903806, 0.000000000000000000, -0.1671339897965892496 ) ) ;
#736 = CYLINDRICAL_SURFACE ( 'NONE', #4951, 0.7500000000000013323 ) ;
#737 = AXIS2_PLACEMENT_3D ( 'NONE', #789, #1521, #3650 ) ;
#738 = CARTESIAN_POINT ( 'NONE',  ( 3.603089355156714376E-15, 15.50000000000000178, 1.734723475976807094E-15 ) ) ;
#739 = AXIS2_PLACEMENT_3D ( 'NONE', #2577, #3464, #2215 ) ;
#740 = CARTESIAN_POINT ( 'NONE',  ( 6.404355348150440719, 0.000000000000000000, -18.30536704562871719 ) ) ;
#741 = DIRECTION ( 'NONE',  ( 0.8025965532633743127, 0.000000000000000000, -0.5965222315134212083 ) ) ;
#742 = CARTESIAN_POINT ( 'NONE',  ( -7.270985214936721341, 0.3106601717798218032, -17.55371111771444603 ) ) ;
#743 = CARTESIAN_POINT ( 'NONE',  ( 0.000000000000000000, -0.5000000000000000000, 0.000000000000000000 ) ) ;
#744 = VERTEX_POINT ( 'NONE', #2132 ) ;
#745 = AXIS2_PLACEMENT_3D ( 'NONE', #267, #214, #1133 ) ;
#746 = VERTEX_POINT ( 'NONE', #4612 ) ;
#747 = CARTESIAN_POINT ( 'NONE',  ( -16.20016312272777625, 17.50000000000000000, 9.927472729603072921 ) ) ;
#748 = ORIENTED_EDGE ( 'NONE', *, *, #1495, .T. ) ;
#749 = CARTESIAN_POINT ( 'NONE',  ( -17.00053009192103204, 0.000000000000000000, 8.662202736729659236 ) ) ;
#750 = FACE_OUTER_BOUND ( 'NONE', #4494, .T. ) ;
#751 = ORIENTED_EDGE ( 'NONE', *, *, #1145, .F. ) ;
#752 = VERTEX_POINT ( 'NONE', #4307 ) ;
#753 = EDGE_CURVE ( 'NONE', #2156, #1101, #2182, .T. ) ;
#754 = ORIENTED_EDGE ( 'NONE', *, *, #3601, .T. ) ;
#755 = CARTESIAN_POINT ( 'NONE',  ( 14.44771334640060445, 0.3106601717798219142, -12.33951291827347418 ) ) ;
#756 = VECTOR ( 'NONE', #2381, 1000.000000000000000 ) ;
#757 = CARTESIAN_POINT ( 'NONE',  ( -3.128689300804341933, 17.50000000000000000, -19.75376681190280337 ) ) ;
#758 = EDGE_LOOP ( 'NONE', ( #3759, #3758, #3514, #2454 ) ) ;
#759 = ADVANCED_FACE ( 'NONE', ( #2991 ), #5099, .F. ) ;
#760 = EDGE_CURVE ( 'NONE', #226, #1730, #2558, .T. ) ;
#761 = ORIENTED_EDGE ( 'NONE', *, *, #3596, .T. ) ;
#762 = DIRECTION ( 'NONE',  ( -0.1671339897965873900, 0.000000000000000000, -0.9859341912392906027 ) ) ;
#763 = CARTESIAN_POINT ( 'NONE',  ( -4.435461913262208178, 0.7500000000000006661, 18.47502848755591032 ) ) ;
#764 = CARTESIAN_POINT ( 'NONE',  ( -1.289691760614765095E-31, 0.9999999999999997780, 10.49999999999999822 ) ) ;
#765 = FILL_AREA_STYLE ('',( #3296 ) ) ;
#766 = ADVANCED_FACE ( 'NONE', ( #1398 ), #2158, .F. ) ;
#767 = LINE ( 'NONE', #2018, #2480 ) ;
#768 = DIRECTION ( 'NONE',  ( -0.1457165503378058113, 0.000000000000000000, -0.9893263804011545037 ) ) ;
#769 = CARTESIAN_POINT ( 'NONE',  ( -17.55371111771447801, 17.50000000000000000, -7.270985214936684038 ) ) ;
#770 = AXIS2_PLACEMENT_3D ( 'NONE', #2844, #1571, #395 ) ;
#771 = DIRECTION ( 'NONE',  ( -0.000000000000000000, -1.000000000000000000, -0.000000000000000000 ) ) ;
#772 = ORIENTED_EDGE ( 'NONE', *, *, #3217, .F. ) ;
#773 = ADVANCED_FACE ( 'NONE', ( #1772 ), #1693, .T. ) ;
#774 = ORIENTED_EDGE ( 'NONE', *, *, #38, .F. ) ;
#775 = VECTOR ( 'NONE', #3523, 1000.000000000000114 ) ;
#776 = EDGE_CURVE ( 'NONE', #2725, #1514, #4275, .T. ) ;
#777 = DIRECTION ( 'NONE',  ( -0.1671339897965862242, 0.000000000000000000, -0.9859341912392909357 ) ) ;
#778 = EDGE_LOOP ( 'NONE', ( #754, #1378, #4969, #530 ) ) ;
#779 = CARTESIAN_POINT ( 'NONE',  ( -18.47502848755587834, 0.3106601717798218032, -4.435461913262178868 ) ) ;
#780 = CARTESIAN_POINT ( 'NONE',  ( -7.270985214936722230, 0.7500000000000006661, -17.55371111771444603 ) ) ;
#781 = ORIENTED_EDGE ( 'NONE', *, *, #1016, .T. ) ;
#782 = VECTOR ( 'NONE', #4206, 1000.000000000000114 ) ;
#783 = EDGE_CURVE ( 'NONE', #2921, #4376, #4501, .T. ) ;
#784 = ORIENTED_EDGE ( 'NONE', *, *, #4548, .T. ) ;
#785 = VERTEX_POINT ( 'NONE', #4719 ) ;
#786 = LINE ( 'NONE', #729, #416 ) ;
#787 = DIRECTION ( 'NONE',  ( 0.01084220526784811754, 0.000000000000000000, -0.9999412215650127500 ) ) ;
#788 = VERTEX_POINT ( 'NONE', #3360 ) ;
#789 = CARTESIAN_POINT ( 'NONE',  ( 18.57373865226803389, 0.7500000000000006661, -5.578392472551398029 ) ) ;
#790 = CARTESIAN_POINT ( 'NONE',  ( -17.82013048376738951, 0.7500000000000006661, -9.079809994790915439 ) ) ;
#791 = CARTESIAN_POINT ( 'NONE',  ( -4.435461913262208178, 17.50000000000000000, 18.47502848755591032 ) ) ;
#792 = CARTESIAN_POINT ( 'NONE',  ( -6.180339887498959683, 17.50000000000000000, 19.02113032590313679 ) ) ;
#793 = VECTOR ( 'NONE', #1661, 1000.000000000000114 ) ;
#794 = CARTESIAN_POINT ( 'NONE',  ( 9.079809994790950967, 17.50000000000000000, -17.82013048376735753 ) ) ;
#795 = CARTESIAN_POINT ( 'NONE',  ( -9.927472729603048052, 0.7500000000000006661, -16.20016312272774783 ) ) ;
#796 = LINE ( 'NONE', #2604, #4605 ) ;
#797 = CARTESIAN_POINT ( 'NONE',  ( 11.53174823564547502, 6.774231092096921299E-16, 15.87208978296782114 ) ) ;
#798 = ORIENTED_EDGE ( 'NONE', *, *, #4426, .T. ) ;
#799 = EDGE_CURVE ( 'NONE', #4809, #744, #3968, .T. ) ;
#800 = ORIENTED_EDGE ( 'NONE', *, *, #1554, .F. ) ;
#801 = EDGE_CURVE ( 'NONE', #2257, #2061, #5207, .T. ) ;
#802 = CARTESIAN_POINT ( 'NONE',  ( -2.604140334537889512, 0.000000000000000000, -19.21771795033438579 ) ) ;
#803 = VERTEX_POINT ( 'NONE', #4796 ) ;
#804 = CARTESIAN_POINT ( 'NONE',  ( -2.604140334538120438, 0.7500000000000006661, 19.21771795033445684 ) ) ;
#805 = DIRECTION ( 'NONE',  ( -0.000000000000000000, -1.000000000000000000, -0.000000000000000000 ) ) ;
#806 = FACE_OUTER_BOUND ( 'NONE', #2303, .T. ) ;
#807 = ORIENTED_EDGE ( 'NONE', *, *, #1506, .F. ) ;
#808 = ORIENTED_EDGE ( 'NONE', *, *, #753, .T. ) ;
#809 =( BOUNDED_CURVE ( )  B_SPLINE_CURVE ( 3, ( #897, #50, #1710, #565 ),
 .UNSPECIFIED., .F., .T. ) 
 B_SPLINE_CURVE_WITH_KNOTS ( ( 4, 4 ),
 ( 4.712388980384689674, 6.283185307179586232 ),
 .UNSPECIFIED. ) 
 CURVE ( )  GEOMETRIC_REPRESENTATION_ITEM ( )  RATIONAL_B_SPLINE_CURVE ( ( 1.000000000000000000, 0.8047378541243649375, 0.8047378541243649375, 1.000000000000000000 ) ) 
 REPRESENTATION_ITEM ( '' )  );
#810 = VERTEX_POINT ( 'NONE', #4445 ) ;
#811 = CYLINDRICAL_SURFACE ( 'NONE', #3812, 0.7500000000000012212 ) ;
#812 = EDGE_CURVE ( 'NONE', #1101, #3361, #5296, .T. ) ;
#813 = LINE ( 'NONE', #2821, #527 ) ;
#814 = ORIENTED_EDGE ( 'NONE', *, *, #2466, .T. ) ;
#815 = CARTESIAN_POINT ( 'NONE',  ( -4.231461929903998609, 0.000000000000000000, -17.62530740377562211 ) ) ;
#816 = CIRCLE ( 'NONE', #3858, 5.500000000000000000 ) ;
#817 = DIRECTION ( 'NONE',  ( 0.8153423299809062774, 0.000000000000000000, -0.5789791748770475310 ) ) ;
#818 = DIRECTION ( 'NONE',  ( 0.9543510403658068686, 0.000000000000000000, -0.2986872808686406033 ) ) ;
#819 = AXIS2_PLACEMENT_3D ( 'NONE', #285, #2471, #314 ) ;
#820 = CARTESIAN_POINT ( 'NONE',  ( 4.435461913262209954, 17.50000000000000000, 18.47502848755591032 ) ) ;
#821 = CARTESIAN_POINT ( 'NONE',  ( 18.94142934092945652, 0.7500000000000006661, 1.490722818829083751 ) ) ;
#822 = CARTESIAN_POINT ( 'NONE',  ( 0.000000000000000000, -0.5000000000000011102, 4.603923403089751787 ) ) ;
#823 = CARTESIAN_POINT ( 'NONE',  ( 9.927472729603042723, 0.7500000000000006661, 16.20016312272780468 ) ) ;
#824 = EDGE_CURVE ( 'NONE', #3441, #1359, #2673, .T. ) ;
#825 = ORIENTED_EDGE ( 'NONE', *, *, #5131, .T. ) ;
#826 = ORIENTED_EDGE ( 'NONE', *, *, #1953, .T. ) ;
#827 = EDGE_CURVE ( 'NONE', #2406, #299, #2720, .T. ) ;
#828 = ADVANCED_FACE ( 'NONE', ( #3900 ), #4360, .F. ) ;
#829 = ADVANCED_FACE ( 'NONE', ( #3508 ), #4856, .F. ) ;
#830 = DIRECTION ( 'NONE',  ( -0.000000000000000000, 1.000000000000000000, -0.000000000000000000 ) ) ;
#831 = DIRECTION ( 'NONE',  ( 0.7147318154245566602, 0.000000000000000000, -0.6993986216886028950 ) ) ;
#832 = CYLINDRICAL_SURFACE ( 'NONE', #1646, 0.7499999999999992228 ) ;
#833 = VECTOR ( 'NONE', #830, 1000.000000000000000 ) ;
#834 = CARTESIAN_POINT ( 'NONE',  ( -18.94142934092946007, 0.7500000000000006661, 1.490722818829087970 ) ) ;
#835 = ORIENTED_EDGE ( 'NONE', *, *, #4704, .F. ) ;
#836 = VECTOR ( 'NONE', #4116, 999.9999999999998863 ) ;
#837 = VECTOR ( 'NONE', #4422, 1000.000000000000000 ) ;
#838 = VERTEX_POINT ( 'NONE', #3953 ) ;
#839 = VERTEX_POINT ( 'NONE', #1421 ) ;
#840 = CARTESIAN_POINT ( 'NONE',  ( -8.662202736729629038, 0.000000000000000000, -17.00053009192099651 ) ) ;
#841 = ORIENTED_EDGE ( 'NONE', *, *, #2024, .T. ) ;
#842 =( BOUNDED_CURVE ( )  B_SPLINE_CURVE ( 3, ( #4053, #3677, #2820, #4083 ),
 .UNSPECIFIED., .F., .T. ) 
 B_SPLINE_CURVE_WITH_KNOTS ( ( 4, 4 ),
 ( 0.000000000000000000, 1.570796326794896558 ),
 .UNSPECIFIED. ) 
 CURVE ( )  GEOMETRIC_REPRESENTATION_ITEM ( )  RATIONAL_B_SPLINE_CURVE ( ( 1.000000000000000000, 0.8047378541243649375, 0.8047378541243649375, 1.000000000000000000 ) ) 
 REPRESENTATION_ITEM ( '' )  );
#843 = ADVANCED_FACE ( 'NONE', ( #1826 ), #4220, .T. ) ;
#844 = CARTESIAN_POINT ( 'NONE',  ( 7.220611331933755403E-16, -0.5000000000000011102, 16.39607659691024821 ) ) ;
#845 = ORIENTED_EDGE ( 'NONE', *, *, #4826, .F. ) ;
#846 = CARTESIAN_POINT ( 'NONE',  ( -11.21502547726916177, 0.000000000000000000, 15.43615830453689419 ) ) ;
#847 = LINE ( 'NONE', #1187, #236 ) ;
#848 = AXIS2_PLACEMENT_3D ( 'NONE', #4439, #709, #286 ) ;
#849 = CARTESIAN_POINT ( 'NONE',  ( -13.70826270297114036, 0.000000000000000000, 12.21416242592609436 ) ) ;
#850 = EDGE_CURVE ( 'NONE', #788, #1884, #4387, .T. ) ;
#851 = CARTESIAN_POINT ( 'NONE',  ( 16.18033988749897389, 17.50000000000000000, -11.75570504584944764 ) ) ;
#852 = CARTESIAN_POINT ( 'NONE',  ( 14.14213562373097588, 17.50000000000000000, -14.14213562373094035 ) ) ;
#853 = PLANE ( 'NONE',  #28 ) ;
#854 = ORIENTED_EDGE ( 'NONE', *, *, #3983, .F. ) ;
#855 = VERTEX_POINT ( 'NONE', #3598 ) ;
#856 = DIRECTION ( 'NONE',  ( 0.01084220526784623016, -0.000000000000000000, 0.9999412215650128610 ) ) ;
#857 = ORIENTED_EDGE ( 'NONE', *, *, #203, .T. ) ;
#858 = ORIENTED_EDGE ( 'NONE', *, *, #3425, .T. ) ;
#859 = FACE_OUTER_BOUND ( 'NONE', #2013, .T. ) ;
#860 = DIRECTION ( 'NONE',  ( -0.8958764104071408330, 0.000000000000000000, 0.4443033392582326768 ) ) ;
#861 = ORIENTED_EDGE ( 'NONE', *, *, #359, .F. ) ;
#862 = AXIS2_PLACEMENT_3D ( 'NONE', #5112, #486, #923 ) ;
#863 = ORIENTED_EDGE ( 'NONE', *, *, #5294, .T. ) ;
#864 = CIRCLE ( 'NONE', #953, 7.500000000000001776 ) ;
#865 = VERTEX_POINT ( 'NONE', #3485 ) ;
#866 = CARTESIAN_POINT ( 'NONE',  ( -12.33951291827350794, 17.50000000000000000, 14.44771334640063820 ) ) ;
#867 = VECTOR ( 'NONE', #1036, 1000.000000000000000 ) ;
#868 = EDGE_CURVE ( 'NONE', #1642, #5123, #2311, .T. ) ;
#869 = PLANE ( 'NONE',  #4820 ) ;
#870 = ORIENTED_EDGE ( 'NONE', *, *, #1554, .T. ) ;
#871 = CARTESIAN_POINT ( 'NONE',  ( 11.75570504584948139, 17.50000000000000000, -16.18033988749894192 ) ) ;
#872 = LINE ( 'NONE', #2523, #945 ) ;
#873 = DIRECTION ( 'NONE',  ( -0.8958764104071391676, 0.000000000000000000, -0.4443033392582361740 ) ) ;
#874 = EDGE_CURVE ( 'NONE', #618, #528, #1910, .T. ) ;
#875 = CYLINDRICAL_SURFACE ( 'NONE', #1950, 0.7499999999999991118 ) ;
#876 = CARTESIAN_POINT ( 'NONE',  ( -9.927472729603048052, 0.3106601717798218032, -16.20016312272774783 ) ) ;
#877 = CARTESIAN_POINT ( 'NONE',  ( 17.55371111771447090, 17.50000000000000000, 7.270985214936744434 ) ) ;
#878 = CARTESIAN_POINT ( 'NONE',  ( 0.000000000000000000, 15.50000000000000000, 0.000000000000000000 ) ) ;
#879 = ORIENTED_EDGE ( 'NONE', *, *, #1555, .T. ) ;
#880 = EDGE_CURVE ( 'NONE', #4136, #3133, #1876, .T. ) ;
#881 = ORIENTED_EDGE ( 'NONE', *, *, #850, .T. ) ;
#882 = VECTOR ( 'NONE', #4413, 1000.000000000000114 ) ;
#883 = CARTESIAN_POINT ( 'NONE',  ( 19.21771795033442132, 0.7500000000000006661, 2.604140334538153745 ) ) ;
#884 = ORIENTED_EDGE ( 'NONE', *, *, #5007, .F. ) ;
#885 = CARTESIAN_POINT ( 'NONE',  ( -20.00000000000003553, 0.7500000000000006661, 3.589030062008058859E-14 ) ) ;
#886 = CARTESIAN_POINT ( 'NONE',  ( 16.20016312272777270, 0.7500000000000006661, -9.927472729603014301 ) ) ;
#887 = VERTEX_POINT ( 'NONE', #3571 ) ;
#888 = ORIENTED_EDGE ( 'NONE', *, *, #5322, .F. ) ;
#889 = ORIENTED_EDGE ( 'NONE', *, *, #1825, .T. ) ;
#890 = LINE ( 'NONE', #96, #1725 ) ;
#891 = ADVANCED_FACE ( 'NONE', ( #2284 ), #5231, .F. ) ;
#892 = EDGE_CURVE ( 'NONE', #3192, #3432, #4004, .T. ) ;
#893 = CARTESIAN_POINT ( 'NONE',  ( 1.490722818829055774, 17.50000000000000000, 18.94142934092948494 ) ) ;
#894 = ORIENTED_EDGE ( 'NONE', *, *, #2470, .F. ) ;
#895 = DIRECTION ( 'NONE',  ( 0.9476501889972741566, 0.000000000000000000, 0.3193103808106316222 ) ) ;
#896 = FACE_OUTER_BOUND ( 'NONE', #4183, .T. ) ;
#897 = CARTESIAN_POINT ( 'NONE',  ( -4.231461929903998609, 0.000000000000000000, -17.62530740377562211 ) ) ;
#898 = AXIS2_PLACEMENT_3D ( 'NONE', #1829, #3488, #1971 ) ;
#899 = DIRECTION ( 'NONE',  ( -0.2986872808686369951, -0.000000000000000000, 0.9543510403658078678 ) ) ;
#900 = CARTESIAN_POINT ( 'NONE',  ( 9.079809994790949190, 0.7500000000000006661, 17.82013048376742148 ) ) ;
#901 = CYLINDRICAL_SURFACE ( 'NONE', #4870, 0.7500000000000006661 ) ;
#902 = CARTESIAN_POINT ( 'NONE',  ( -18.94142934092946007, 0.7500000000000006661, -1.490722818829024021 ) ) ;
#903 = CARTESIAN_POINT ( 'NONE',  ( 6.180339887498962348, 0.7500000000000006661, -19.02113032590307284 ) ) ;
#904 =( GEOMETRIC_REPRESENTATION_CONTEXT ( 3 ) GLOBAL_UNCERTAINTY_ASSIGNED_CONTEXT ( ( #1232 ) ) GLOBAL_UNIT_ASSIGNED_CONTEXT ( ( #4002, #3653, #4470 ) ) REPRESENTATION_CONTEXT ( 'NONE', 'WORKASPACE' ) );
#905 = EDGE_LOOP ( 'NONE', ( #1112, #2970 ) ) ;
#906 = LINE ( 'NONE', #1298, #3436 ) ;
#907 = CARTESIAN_POINT ( 'NONE',  ( -3.128689300804625706, 0.3106601717798219142, 19.75376681190282113 ) ) ;
#908 = DIRECTION ( 'NONE',  ( -0.8025965532633739796, 0.000000000000000000, 0.5965222315134216524 ) ) ;
#909 = LINE ( 'NONE', #3779, #2718 ) ;
#910 = ORIENTED_EDGE ( 'NONE', *, *, #1343, .T. ) ;
#911 = VECTOR ( 'NONE', #1292, 1000.000000000000114 ) ;
#912 = VERTEX_POINT ( 'NONE', #1497 ) ;
#913 = DIRECTION ( 'NONE',  ( 0.5789791748770429791, -0.000000000000000000, -0.8153423299809096081 ) ) ;
#914 = AXIS2_PLACEMENT_3D ( 'NONE', #1161, #1530, #241 ) ;
#915 = ORIENTED_EDGE ( 'NONE', *, *, #4214, .F. ) ;
#916 = ORIENTED_EDGE ( 'NONE', *, *, #1692, .F. ) ;
#917 = DIRECTION ( 'NONE',  ( 0.9999412215650128610, 0.000000000000000000, -0.01084220526784429248 ) ) ;
#918 = AXIS2_PLACEMENT_3D ( 'NONE', #3540, #4827, #1529 ) ;
#919 = ADVANCED_FACE ( 'NONE', ( #349 ), #2905, .T. ) ;
#920 = LINE ( 'NONE', #2569, #4646 ) ;
#921 = DIRECTION ( 'NONE',  ( 0.000000000000000000, 1.000000000000000000, 0.000000000000000000 ) ) ;
#922 = ORIENTED_EDGE ( 'NONE', *, *, #5387, .T. ) ;
#923 = DIRECTION ( 'NONE',  ( -0.4636242905187143437, 0.000000000000000000, 0.8860318940314838576 ) ) ;
#924 = CARTESIAN_POINT ( 'NONE',  ( 0.000000000000000000, 17.50000000000000000, 0.000000000000000000 ) ) ;
#925 = EDGE_CURVE ( 'NONE', #4579, #1694, #2073, .T. ) ;
#926 = FACE_OUTER_BOUND ( 'NONE', #2212, .T. ) ;
#927 = FACE_OUTER_BOUND ( 'NONE', #2065, .T. ) ;
#928 = FACE_OUTER_BOUND ( 'NONE', #5182, .T. ) ;
#929 = DIRECTION ( 'NONE',  ( 0.9543510403658079788, -0.000000000000000000, 0.2986872808686370506 ) ) ;
#930 = CARTESIAN_POINT ( 'NONE',  ( 0.000000000000000000, 1.500000000000001332, 0.000000000000000000 ) ) ;
#931 = VECTOR ( 'NONE', #3339, 1000.000000000000000 ) ;
#932 = ORIENTED_EDGE ( 'NONE', *, *, #3116, .T. ) ;
#933 = EDGE_CURVE ( 'NONE', #2146, #2622, #1214, .T. ) ;
#934 = ADVANCED_FACE ( 'NONE', ( #4149 ), #4064, .F. ) ;
#935 = DIRECTION ( 'NONE',  ( -0.6993986216886717289, 0.000000000000000000, 0.7147318154244894917 ) ) ;
#936 = ORIENTED_EDGE ( 'NONE', *, *, #1335, .F. ) ;
#937 = CARTESIAN_POINT ( 'NONE',  ( 18.57373865226803389, 0.000000000000000000, -5.578392472551398029 ) ) ;
#938 = FACE_OUTER_BOUND ( 'NONE', #1987, .T. ) ;
#939 = VERTEX_POINT ( 'NONE', #1556 ) ;
#940 = ADVANCED_FACE ( 'NONE', ( #3687 ), #1267, .T. ) ;
#941 = EDGE_CURVE ( 'NONE', #1830, #2344, #3025, .T. ) ;
#942 = VERTEX_POINT ( 'NONE', #2426 ) ;
#943 = VERTEX_POINT ( 'NONE', #820 ) ;
#944 = DIRECTION ( 'NONE',  ( -0.000000000000000000, -1.000000000000000000, -0.000000000000000000 ) ) ;
#945 = VECTOR ( 'NONE', #3837, 1000.000000000000000 ) ;
#946 = ADVANCED_FACE ( 'NONE', ( #4883 ), #1192, .T. ) ;
#947 = VECTOR ( 'NONE', #1257, 1000.000000000000114 ) ;
#948 = DIRECTION ( 'NONE',  ( -1.224646799147351482E-16, 0.000000000000000000, -1.000000000000000000 ) ) ;
#949 = LINE ( 'NONE', #3520, #5187 ) ;
#950 = ORIENTED_EDGE ( 'NONE', *, *, #3143, .F. ) ;
#951 = DIRECTION ( 'NONE',  ( 0.4443033392582310115, -0.000000000000000000, 0.8958764104071416101 ) ) ;
#952 = CARTESIAN_POINT ( 'NONE',  ( -18.94142934092946007, 0.7500000000000006661, 1.490722818829087748 ) ) ;
#953 = AXIS2_PLACEMENT_3D ( 'NONE', #3753, #1201, #1224 ) ;
#954 = LINE ( 'NONE', #3401, #2633 ) ;
#955 = DIRECTION ( 'NONE',  ( 0.000000000000000000, 0.000000000000000000, -1.000000000000000000 ) ) ;
#956 = CARTESIAN_POINT ( 'NONE',  ( 0.000000000000000000, 1.500000000000000000, 0.000000000000000000 ) ) ;
#957 = LINE ( 'NONE', #2177, #1764 ) ;
#958 = DIRECTION ( 'NONE',  ( -0.000000000000000000, 1.000000000000000000, -0.000000000000000000 ) ) ;
#959 = EDGE_LOOP ( 'NONE', ( #4760, #1949, #5020, #2987 ) ) ;
#960 = LINE ( 'NONE', #469, #482 ) ;
#961 = DIRECTION ( 'NONE',  ( -0.8860318940314854119, 0.000000000000000000, -0.4636242905187114571 ) ) ;
#962 = CARTESIAN_POINT ( 'NONE',  ( -18.47502848755588545, 0.7500000000000006661, 4.435461913262241040 ) ) ;
#963 = PLANE ( 'NONE',  #3873 ) ;
#964 = CYLINDRICAL_SURFACE ( 'NONE', #3497, 0.7499999999999997780 ) ;
#965 = ORIENTED_EDGE ( 'NONE', *, *, #1123, .T. ) ;
#966 = ADVANCED_FACE ( 'NONE', ( #1160 ), #5315, .T. ) ;
#967 = VECTOR ( 'NONE', #4681, 1000.000000000000000 ) ;
#968 = AXIS2_PLACEMENT_3D ( 'NONE', #3870, #1651, #3482 ) ;
#969 = ORIENTED_EDGE ( 'NONE', *, *, #3059, .T. ) ;
#970 = EDGE_LOOP ( 'NONE', ( #4900, #1050, #5332, #3529 ) ) ;
#971 = LINE ( 'NONE', #3937, #2588 ) ;
#972 = EDGE_CURVE ( 'NONE', #3196, #1782, #2880, .T. ) ;
#973 = LINE ( 'NONE', #1082, #644 ) ;
#974 = ORIENTED_EDGE ( 'NONE', *, *, #1061, .T. ) ;
#975 = FACE_OUTER_BOUND ( 'NONE', #3957, .T. ) ;
#976 = CARTESIAN_POINT ( 'NONE',  ( -7.270985214936722230, 17.50000000000000000, -17.55371111771444603 ) ) ;
#977 = ADVANCED_FACE ( 'NONE', ( #4092 ), #3659, .T. ) ;
#978 = CARTESIAN_POINT ( 'NONE',  ( -3.910912946995704687, 0.000000000000000000, 17.93897962598754248 ) ) ;
#979 = CARTESIAN_POINT ( 'NONE',  ( 17.07813569846652157, 0.7500000000000006661, 9.189097407544341678 ) ) ;
#980 = FACE_OUTER_BOUND ( 'NONE', #637, .T. ) ;
#981 = CARTESIAN_POINT ( 'NONE',  ( -14.17247134405519304, 5.698158863361341534E-16, 12.10443404024202785 ) ) ;
#982 =( BOUNDED_CURVE ( )  B_SPLINE_CURVE ( 3, ( #4877, #2391, #1210, #4438 ),
 .UNSPECIFIED., .F., .T. ) 
 B_SPLINE_CURVE_WITH_KNOTS ( ( 4, 4 ),
 ( 0.000000000000000000, 1.570796326794896558 ),
 .UNSPECIFIED. ) 
 CURVE ( )  GEOMETRIC_REPRESENTATION_ITEM ( )  RATIONAL_B_SPLINE_CURVE ( ( 1.000000000000000000, 0.8047378541243649375, 0.8047378541243649375, 1.000000000000000000 ) ) 
 REPRESENTATION_ITEM ( '' )  );
#983 = DIRECTION ( 'NONE',  ( 0.000000000000000000, 0.000000000000000000, 1.000000000000000000 ) ) ;
#984 = ORIENTED_EDGE ( 'NONE', *, *, #3585, .T. ) ;
#985 = AXIS2_PLACEMENT_3D ( 'NONE', #1022, #2696, #4772 ) ;
#986 = CARTESIAN_POINT ( 'NONE',  ( 18.94142934092945296, 0.7500000000000006661, -1.490722818829025575 ) ) ;
#987 = EDGE_CURVE ( 'NONE', #1679, #1642, #2396, .T. ) ;
#988 = CYLINDRICAL_SURFACE ( 'NONE', #120, 0.7500000000000006661 ) ;
#989 = DIRECTION ( 'NONE',  ( -0.000000000000000000, -1.000000000000000000, -0.000000000000000000 ) ) ;
#990 = PLANE ( 'NONE',  #4139 ) ;
#991 = FACE_OUTER_BOUND ( 'NONE', #4694, .T. ) ;
#992 = ORIENTED_EDGE ( 'NONE', *, *, #3478, .F. ) ;
#993 = EDGE_CURVE ( 'NONE', #2333, #728, #767, .T. ) ;
#994 = ORIENTED_EDGE ( 'NONE', *, *, #1414, .T. ) ;
#995 = EDGE_CURVE ( 'NONE', #803, #2389, #4529, .T. ) ;
#996 = LINE ( 'NONE', #1377, #3707 ) ;
#997 = ORIENTED_EDGE ( 'NONE', *, *, #2135, .F. ) ;
#998 = CIRCLE ( 'NONE', #648, 18.00000000000000000 ) ;
#999 = ORIENTED_EDGE ( 'NONE', *, *, #4452, .T. ) ;
#1000 = CARTESIAN_POINT ( 'NONE',  ( -9.927472729603048052, 0.3106601717798223028, 16.20016312272780468 ) ) ;
#1001 = AXIS2_PLACEMENT_3D ( 'NONE', #2450, #77, #4199 ) ;
#1002 = ORIENTED_EDGE ( 'NONE', *, *, #3275, .F. ) ;
#1003 = LINE ( 'NONE', #4347, #589 ) ;
#1004 = ADVANCED_FACE ( 'NONE', ( #2045 ), #3714, .F. ) ;
#1005 = VECTOR ( 'NONE', #1071, 1000.000000000000114 ) ;
#1006 = CARTESIAN_POINT ( 'NONE',  ( -15.87208978296779449, 5.698158863361341534E-16, -11.53174823564544127 ) ) ;
#1007 = ADVANCED_FACE ( 'NONE', ( #4555 ), #4133, .F. ) ;
#1008 = VECTOR ( 'NONE', #3947, 1000.000000000000227 ) ;
#1009 = LINE ( 'NONE', #2654, #117 ) ;
#1010 = CARTESIAN_POINT ( 'NONE',  ( 9.079809994790950967, 0.3106601717798219142, -17.82013048376735753 ) ) ;
#1011 = CARTESIAN_POINT ( 'NONE',  ( -12.33951291827351149, 0.7500000000000006661, -14.44771334640057781 ) ) ;
#1012 = CARTESIAN_POINT ( 'NONE',  ( -9.079809994790956296, 17.50000000000000000, -17.82013048376735398 ) ) ;
#1013 = CARTESIAN_POINT ( 'NONE',  ( -13.87271515329467064, 5.698158863361341534E-16, 13.87271515329470439 ) ) ;
#1014 = ORIENTED_EDGE ( 'NONE', *, *, #27, .T. ) ;
#1015 = DIRECTION ( 'NONE',  ( -0.9476501889972741566, 0.000000000000000000, -0.3193103808106313446 ) ) ;
#1016 = EDGE_CURVE ( 'NONE', #1473, #3274, #2150, .T. ) ;
#1017 = DIRECTION ( 'NONE',  ( -0.000000000000000000, -1.000000000000000000, -0.000000000000000000 ) ) ;
#1018 =( BOUNDED_SURFACE ( )  B_SPLINE_SURFACE ( 3, 3, ( 
 ( #764, #1157, #287, #4581 ),
 ( #1965, #4090, #2043, #3684 ),
 ( #5334, #3267, #2800, #400 ),
 ( #4469, #2393, #3711, #5359 ) ),
 .UNSPECIFIED., .F., .F., .F. ) 
 B_SPLINE_SURFACE_WITH_KNOTS ( ( 4, 4 ),
 ( 4, 4 ),
 ( 0.000000000000000000, 1.000000000000000000 ),
 ( 0.000000000000000000, 1.000000000000000000 ),
 .UNSPECIFIED. ) 
 GEOMETRIC_REPRESENTATION_ITEM ( )  RATIONAL_B_SPLINE_SURFACE ( (
 ( 1.000000000000000000, 0.3333333333333334259, 0.3333333333333334259, 1.000000000000000000),
 ( 0.8393855087293401462, 0.2797951695764467894, 0.2797951695764467894, 0.8393855087293401462),
 ( 0.8393855087293401462, 0.2797951695764467894, 0.2797951695764467894, 0.8393855087293401462),
 ( 1.000000000000000000, 0.3333333333333334259, 0.3333333333333334259, 1.000000000000000000) ) ) 
 REPRESENTATION_ITEM ( '' )  SURFACE ( )  );
#1019 = LINE ( 'NONE', #608, #5091 ) ;
#1020 = DIRECTION ( 'NONE',  ( -0.8958764104071408330, -0.000000000000000000, 0.4443033392582326768 ) ) ;
#1021 = VECTOR ( 'NONE', #3764, 1000.000000000000000 ) ;
#1022 = CARTESIAN_POINT ( 'NONE',  ( 18.30536704562874561, 0.7500000000000006661, -6.404355348150404303 ) ) ;
#1023 = ORIENTED_EDGE ( 'NONE', *, *, #2223, .T. ) ;
#1024 = DIRECTION ( 'NONE',  ( -0.8025965532633737576, 0.000000000000000000, 0.5965222315134218745 ) ) ;
#1025 = DIRECTION ( 'NONE',  ( 0.2986872808686383829, -0.000000000000000000, -0.9543510403658075347 ) ) ;
#1026 = ORIENTED_EDGE ( 'NONE', *, *, #2000, .T. ) ;
#1027 = DIRECTION ( 'NONE',  ( -0.000000000000000000, 1.000000000000000000, -0.000000000000000000 ) ) ;
#1028 = VECTOR ( 'NONE', #1150, 999.9999999999998863 ) ;
#1029 = ORIENTED_EDGE ( 'NONE', *, *, #5131, .F. ) ;
#1030 = CARTESIAN_POINT ( 'NONE',  ( 6.180339887498962348, 0.3106601717798219142, -19.02113032590307284 ) ) ;
#1031 = EDGE_CURVE ( 'NONE', #1884, #942, #2933, .T. ) ;
#1032 = VECTOR ( 'NONE', #4574, 1000.000000000000000 ) ;
#1033 = ORIENTED_EDGE ( 'NONE', *, *, #3370, .T. ) ;
#1034 = CARTESIAN_POINT ( 'NONE',  ( -17.21929704949541318, 5.698158863361341534E-16, 7.132466372432048729 ) ) ;
#1035 = CYLINDRICAL_SURFACE ( 'NONE', #127, 0.7499999999999992228 ) ;
#1036 = DIRECTION ( 'NONE',  ( -0.000000000000000000, -1.000000000000000000, -0.000000000000000000 ) ) ;
#1037 = DIRECTION ( 'NONE',  ( -0.7147318154244893806, 0.000000000000000000, -0.6993986216886716178 ) ) ;
#1038 = CARTESIAN_POINT ( 'NONE',  ( -1.422160076959189334, 0.000000000000000000, -18.07025710545686792 ) ) ;
#1039 = ORIENTED_EDGE ( 'NONE', *, *, #2817, .F. ) ;
#1040 = DIRECTION ( 'NONE',  ( 0.000000000000000000, -1.000000000000000000, 0.000000000000000000 ) ) ;
#1041 = VECTOR ( 'NONE', #1194, 1000.000000000000227 ) ;
#1042 = CARTESIAN_POINT ( 'NONE',  ( 7.270985214936714236, 0.7500000000000006661, 17.55371111771449932 ) ) ;
#1043 = DIRECTION ( 'NONE',  ( -0.4443033392582305674, 0.000000000000000000, -0.8958764104071418322 ) ) ;
#1044 = DIRECTION ( 'NONE',  ( 0.8025965532633706490, 0.000000000000000000, -0.5965222315134260933 ) ) ;
#1045 = ADVANCED_FACE ( 'NONE', ( #2601 ), #540, .F. ) ;
#1046 = CARTESIAN_POINT ( 'NONE',  ( 0.000000000000000000, 3.499999999999996003, 0.000000000000000000 ) ) ;
#1047 = VERTEX_POINT ( 'NONE', #4221 ) ;
#1048 = ORIENTED_EDGE ( 'NONE', *, *, #27, .F. ) ;
#1049 = DIRECTION ( 'NONE',  ( 0.000000000000000000, 1.000000000000000000, 0.000000000000000000 ) ) ;
#1050 = ORIENTED_EDGE ( 'NONE', *, *, #2369, .F. ) ;
#1051 = CARTESIAN_POINT ( 'NONE',  ( -6.126134827882311115E-16, 0.3268088205148577119, 5.497631290795381709 ) ) ;
#1052 = CARTESIAN_POINT ( 'NONE',  ( -14.14213562373097588, 17.50000000000000000, 14.14213562373101141 ) ) ;
#1053 = ORIENTED_EDGE ( 'NONE', *, *, #3478, .T. ) ;
#1054 =( GEOMETRIC_REPRESENTATION_CONTEXT ( 3 ) GLOBAL_UNCERTAINTY_ASSIGNED_CONTEXT ( ( #2520 ) ) GLOBAL_UNIT_ASSIGNED_CONTEXT ( ( #4964, #2422, #3655 ) ) REPRESENTATION_CONTEXT ( 'NONE', 'WORKASPACE' ) );
#1055 = ORIENTED_EDGE ( 'NONE', *, *, #573, .F. ) ;
#1056 = PRODUCT ( 'bouton', 'bouton', '', ( #3235 ) ) ;
#1057 = DIRECTION ( 'NONE',  ( 0.3193103808106269592, 0.000000000000000000, 0.9476501889972757109 ) ) ;
#1058 = DIRECTION ( 'NONE',  ( -0.000000000000000000, -1.000000000000000000, -0.000000000000000000 ) ) ;
#1059 = ORIENTED_EDGE ( 'NONE', *, *, #1119, .F. ) ;
#1060 = ORIENTED_EDGE ( 'NONE', *, *, #776, .T. ) ;
#1061 = EDGE_CURVE ( 'NONE', #3405, #2274, #4684, .T. ) ;
#1062 = ADVANCED_FACE ( 'NONE', ( #51 ), #2983, .F. ) ;
#1063 = ADVANCED_FACE ( 'NONE', ( #5117 ), #2574, .F. ) ;
#1064 = ORIENTED_EDGE ( 'NONE', *, *, #4979, .F. ) ;
#1065 = DIRECTION ( 'NONE',  ( -0.1671339897965903598, 0.000000000000000000, 0.9859341912392901586 ) ) ;
#1066 = DIRECTION ( 'NONE',  ( -0.000000000000000000, 1.000000000000000000, -0.000000000000000000 ) ) ;
#1067 = CARTESIAN_POINT ( 'NONE',  ( 5.578392472551427339, 0.7500000000000006661, 18.57373865226807297 ) ) ;
#1068 = CARTESIAN_POINT ( 'NONE',  ( -9.079809994790952743, 17.50000000000000000, 17.82013048376742148 ) ) ;
#1069 = CARTESIAN_POINT ( 'NONE',  ( -9.927472729603044499, 0.7500000000000006661, 16.20016312272780468 ) ) ;
#1070 = ORIENTED_EDGE ( 'NONE', *, *, #3145, .T. ) ;
#1071 = DIRECTION ( 'NONE',  ( -0.8860318940314854119, -0.000000000000000000, 0.4636242905187114571 ) ) ;
#1072 = CARTESIAN_POINT ( 'NONE',  ( -1.490722818829057550, 0.3106601717798220808, -18.94142934092942809 ) ) ;
#1073 = PLANE ( 'NONE',  #914 ) ;
#1074 = CARTESIAN_POINT ( 'NONE',  ( -20.00000000000003553, 0.7500000000000006661, 3.589030062008058859E-14 ) ) ;
#1075 = DIRECTION ( 'NONE',  ( 0.000000000000000000, 0.000000000000000000, -1.000000000000000000 ) ) ;
#1076 = ORIENTED_EDGE ( 'NONE', *, *, #41, .F. ) ;
#1077 = ORIENTED_EDGE ( 'NONE', *, *, #4162, .F. ) ;
#1078 = EDGE_CURVE ( 'NONE', #3967, #1998, #1765, .T. ) ;
#1079 = CARTESIAN_POINT ( 'NONE',  ( 16.18033988749897389, 17.50000000000000000, 11.75570504584951870 ) ) ;
#1080 = VECTOR ( 'NONE', #4223, 1000.000000000000000 ) ;
#1081 = ORIENTED_EDGE ( 'NONE', *, *, #2517, .T. ) ;
#1082 = CARTESIAN_POINT ( 'NONE',  ( 17.82013048376738595, 17.50000000000000000, 9.079809994790986494 ) ) ;
#1083 = DIRECTION ( 'NONE',  ( -0.01084220526784622843, -0.000000000000000000, -0.9999412215650127500 ) ) ;
#1084 = ORIENTED_EDGE ( 'NONE', *, *, #3222, .F. ) ;
#1085 = DIRECTION ( 'NONE',  ( -0.8958764104071408330, 0.000000000000000000, 0.4443033392582326768 ) ) ;
#1086 = EDGE_LOOP ( 'NONE', ( #2736, #5186, #2922, #3081 ) ) ;
#1087 = AXIS2_PLACEMENT_3D ( 'NONE', #128, #3790, #2526 ) ;
#1088 = ADVANCED_FACE ( 'NONE', ( #1315 ), #875, .T. ) ;
#1089 = ORIENTED_EDGE ( 'NONE', *, *, #2067, .T. ) ;
#1090 = CARTESIAN_POINT ( 'NONE',  ( -15.43615830453686399, 0.000000000000000000, -11.21502547726912269 ) ) ;
#1091 = DIRECTION ( 'NONE',  ( 0.4636242905187114016, 0.000000000000000000, 0.8860318940314854119 ) ) ;
#1092 = AXIS2_PLACEMENT_3D ( 'NONE', #2234, #3099, #3954 ) ;
#1093 = ORIENTED_EDGE ( 'NONE', *, *, #421, .T. ) ;
#1094 = AXIS2_PLACEMENT_3D ( 'NONE', #57, #3457, #3019 ) ;
#1095 = CARTESIAN_POINT ( 'NONE',  ( -17.55371111771447801, 0.7500000000000006661, 7.270985214936747099 ) ) ;
#1096 = DIRECTION ( 'NONE',  ( -0.5789791748770457547, 0.000000000000000000, 0.8153423299809074987 ) ) ;
#1097 = EDGE_CURVE ( 'NONE', #1984, #260, #954, .T. ) ;
#1098 = CARTESIAN_POINT ( 'NONE',  ( 0.000000000000000000, -1.000000000000000000, 10.50000000000000000 ) ) ;
#1099 = DIRECTION ( 'NONE',  ( 0.5789791748770443114, -0.000000000000000000, 0.8153423299809087199 ) ) ;
#1100 = CARTESIAN_POINT ( 'NONE',  ( 1.974841765813149186, 15.50000000000000178, -2.950000000000000622 ) ) ;
#1101 = VERTEX_POINT ( 'NONE', #4176 ) ;
#1102 = AXIS2_PLACEMENT_3D ( 'NONE', #1589, #441, #1273 ) ;
#1103 = AXIS2_PLACEMENT_3D ( 'NONE', #2064, #3287, #4955 ) ;
#1104 =( BOUNDED_CURVE ( )  B_SPLINE_CURVE ( 3, ( #1317, #130, #31, #902 ),
 .UNSPECIFIED., .F., .T. ) 
 B_SPLINE_CURVE_WITH_KNOTS ( ( 4, 4 ),
 ( 4.712388980384686121, 6.283185307179586232 ),
 .UNSPECIFIED. ) 
 CURVE ( )  GEOMETRIC_REPRESENTATION_ITEM ( )  RATIONAL_B_SPLINE_CURVE ( ( 1.000000000000000000, 0.8047378541243641603, 0.8047378541243641603, 1.000000000000000000 ) ) 
 REPRESENTATION_ITEM ( '' )  );
#1105 = CARTESIAN_POINT ( 'NONE',  ( 17.55371111771447445, 0.7500000000000006661, -7.270985214936688479 ) ) ;
#1106 = CARTESIAN_POINT ( 'NONE',  ( 11.75570504584948139, 17.50000000000000000, 16.18033988749900942 ) ) ;
#1107 = DIRECTION ( 'NONE',  ( -0.000000000000000000, -1.000000000000000000, -0.000000000000000000 ) ) ;
#1108 = ORIENTED_EDGE ( 'NONE', *, *, #1850, .F. ) ;
#1109 = ORIENTED_EDGE ( 'NONE', *, *, #3678, .F. ) ;
#1110 = ADVANCED_FACE ( 'NONE', ( #3352 ), #3377, .T. ) ;
#1111 = CARTESIAN_POINT ( 'NONE',  ( 0.000000000000000000, 17.50000000000000000, 0.000000000000000000 ) ) ;
#1112 = ORIENTED_EDGE ( 'NONE', *, *, #4458, .F. ) ;
#1113 = CARTESIAN_POINT ( 'NONE',  ( 15.87208978296778916, 6.774231092096921299E-16, -11.53174823564544127 ) ) ;
#1114 = CARTESIAN_POINT ( 'NONE',  ( -1.490722818829057328, 17.50000000000000000, -18.94142934092942809 ) ) ;
#1115 = ORIENTED_EDGE ( 'NONE', *, *, #4595, .T. ) ;
#1116 = DIRECTION ( 'NONE',  ( -0.000000000000000000, -1.000000000000000000, -0.000000000000000000 ) ) ;
#1117 = ORIENTED_EDGE ( 'NONE', *, *, #1718, .T. ) ;
#1118 = VECTOR ( 'NONE', #4045, 1000.000000000000000 ) ;
#1119 = EDGE_CURVE ( 'NONE', #2163, #4596, #459, .T. ) ;
#1120 = ORIENTED_EDGE ( 'NONE', *, *, #4659, .T. ) ;
#1121 = ORIENTED_EDGE ( 'NONE', *, *, #3887, .F. ) ;
#1122 = CARTESIAN_POINT ( 'NONE',  ( 14.44771334640060445, 0.7500000000000006661, -12.33951291827347596 ) ) ;
#1123 = EDGE_CURVE ( 'NONE', #1627, #1321, #2958, .T. ) ;
#1124 = FACE_OUTER_BOUND ( 'NONE', #3242, .T. ) ;
#1125 = ORIENTED_EDGE ( 'NONE', *, *, #4630, .T. ) ;
#1126 = CYLINDRICAL_SURFACE ( 'NONE', #4480, 0.7500000000000009992 ) ;
#1127 = FACE_OUTER_BOUND ( 'NONE', #4292, .T. ) ;
#1128 = CARTESIAN_POINT ( 'NONE',  ( -15.45506981067501329, 0.000000000000000000, 9.470878960739346653 ) ) ;
#1129 = DIRECTION ( 'NONE',  ( 0.5789791748770442004, 0.000000000000000000, 0.8153423299809087199 ) ) ;
#1130 = AXIS2_PLACEMENT_3D ( 'NONE', #2954, #4628, #3449 ) ;
#1131 = ORIENTED_EDGE ( 'NONE', *, *, #827, .T. ) ;
#1132 = VECTOR ( 'NONE', #86, 1000.000000000000000 ) ;
#1133 = DIRECTION ( 'NONE',  ( -0.9543510403658066465, 0.000000000000000000, -0.2986872808686412695 ) ) ;
#1134 = CARTESIAN_POINT ( 'NONE',  ( 2.604140334538118218, 0.7500000000000006661, 19.21771795033446040 ) ) ;
#1135 = PLANE ( 'NONE',  #5378 ) ;
#1136 = LINE ( 'NONE', #4887, #371 ) ;
#1137 = VERTEX_POINT ( 'NONE', #433 ) ;
#1138 = EDGE_LOOP ( 'NONE', ( #4674, #244, #5024, #2971 ) ) ;
#1139 = AXIS2_PLACEMENT_3D ( 'NONE', #680, #1492, #3594 ) ;
#1140 =( BOUNDED_CURVE ( )  B_SPLINE_CURVE ( 3, ( #3073, #3981, #1501, #3128 ),
 .UNSPECIFIED., .F., .T. ) 
 B_SPLINE_CURVE_WITH_KNOTS ( ( 4, 4 ),
 ( 0.000000000000000000, 1.570796326794896558 ),
 .UNSPECIFIED. ) 
 CURVE ( )  GEOMETRIC_REPRESENTATION_ITEM ( )  RATIONAL_B_SPLINE_CURVE ( ( 1.000000000000000000, 0.8047378541243649375, 0.8047378541243649375, 1.000000000000000000 ) ) 
 REPRESENTATION_ITEM ( '' )  );
#1141 = CARTESIAN_POINT ( 'NONE',  ( -18.94142934092946007, 0.7500000000000006661, -1.490722818829024021 ) ) ;
#1142 = ORIENTED_EDGE ( 'NONE', *, *, #732, .F. ) ;
#1143 = CARTESIAN_POINT ( 'NONE',  ( 17.48064088573832464, 7.858433264582426719E-16, -8.906831404756474058 ) ) ;
#1144 = DIRECTION ( 'NONE',  ( 0.9476501889972741566, 0.000000000000000000, -0.3193103808106313446 ) ) ;
#1145 = EDGE_CURVE ( 'NONE', #1047, #5053, #1793, .T. ) ;
#1146 = DIRECTION ( 'NONE',  ( -1.224646799147349509E-16, 0.000000000000000000, -1.000000000000000000 ) ) ;
#1147 = ORIENTED_EDGE ( 'NONE', *, *, #4276, .T. ) ;
#1148 = ORIENTED_EDGE ( 'NONE', *, *, #5022, .T. ) ;
#1149 = ORIENTED_EDGE ( 'NONE', *, *, #3413, .T. ) ;
#1150 = DIRECTION ( 'NONE',  ( -0.01084220526784623016, 0.000000000000000000, -0.9999412215650128610 ) ) ;
#1151 = PLANE ( 'NONE',  #1920 ) ;
#1152 = STYLED_ITEM ( 'NONE', ( #3324 ), #3522 ) ;
#1153 = ORIENTED_EDGE ( 'NONE', *, *, #367, .T. ) ;
#1154 = LINE ( 'NONE', #4847, #1429 ) ;
#1155 = DIRECTION ( 'NONE',  ( -0.8153423299809099412, 0.000000000000000000, -0.5789791748770425350 ) ) ;
#1156 = VECTOR ( 'NONE', #2382, 1000.000000000000000 ) ;
#1157 = CARTESIAN_POINT ( 'NONE',  ( 3.469446951953613794E-15, 0.9999999999999998890, 10.49999999999999822 ) ) ;
#1158 = CARTESIAN_POINT ( 'NONE',  ( -17.62530740377556526, 0.000000000000000000, -4.231461929903990615 ) ) ;
#1159 = ADVANCED_FACE ( 'NONE', ( #2550 ), #76, .F. ) ;
#1160 = FACE_OUTER_BOUND ( 'NONE', #2159, .T. ) ;
#1161 = CARTESIAN_POINT ( 'NONE',  ( 19.02113032590310482, 17.50000000000000000, -6.180339887498925044 ) ) ;
#1162 = DIRECTION ( 'NONE',  ( -0.1671339897965923305, 0.000000000000000000, 0.9859341912392899365 ) ) ;
#1163 = CARTESIAN_POINT ( 'NONE',  ( 17.82013048376738595, 17.50000000000000000, -9.079809994790915439 ) ) ;
#1164 = ORIENTED_EDGE ( 'NONE', *, *, #4276, .F. ) ;
#1165 = EDGE_LOOP ( 'NONE', ( #229, #3782, #992, #4513 ) ) ;
#1166 = ADVANCED_FACE ( 'NONE', ( #926 ), #3012, .F. ) ;
#1167 = CARTESIAN_POINT ( 'NONE',  ( 15.45020720655401192, 0.000000000000000000, -9.919341075652130968 ) ) ;
#1168 = ORIENTED_EDGE ( 'NONE', *, *, #2459, .T. ) ;
#1169 = CARTESIAN_POINT ( 'NONE',  ( -17.82013048376738951, 0.3106601717798219142, 9.079809994790986494 ) ) ;
#1170 = CARTESIAN_POINT ( 'NONE',  ( 0.000000000000000000, 3.499999999999996003, 17.50000000000000355 ) ) ;
#1171 = DIRECTION ( 'NONE',  ( 0.9859341912392908247, 0.000000000000000000, 0.1671339897965860299 ) ) ;
#1172 = ADVANCED_FACE ( 'NONE', ( #1490 ), #624, .F. ) ;
#1173 = EDGE_CURVE ( 'NONE', #3274, #912, #998, .T. ) ;
#1174 = VERTEX_POINT ( 'NONE', #4299 ) ;
#1175 =( BOUNDED_CURVE ( )  B_SPLINE_CURVE ( 3, ( #2432, #382, #4099, #4126 ),
 .UNSPECIFIED., .F., .T. ) 
 B_SPLINE_CURVE_WITH_KNOTS ( ( 4, 4 ),
 ( 4.712388980384689674, 6.283185307179586232 ),
 .UNSPECIFIED. ) 
 CURVE ( )  GEOMETRIC_REPRESENTATION_ITEM ( )  RATIONAL_B_SPLINE_CURVE ( ( 1.000000000000000000, 0.8047378541243649375, 0.8047378541243649375, 1.000000000000000000 ) ) 
 REPRESENTATION_ITEM ( '' )  );
#1176 = VECTOR ( 'NONE', #4942, 999.9999999999998863 ) ;
#1177 = ORIENTED_EDGE ( 'NONE', *, *, #2164, .F. ) ;
#1178 = ORIENTED_EDGE ( 'NONE', *, *, #4442, .F. ) ;
#1179 = ORIENTED_EDGE ( 'NONE', *, *, #3727, .T. ) ;
#1180 = LINE ( 'NONE', #3617, #67 ) ;
#1181 = DIRECTION ( 'NONE',  ( -0.8958764104071414991, 0.000000000000000000, 0.4443033392582310115 ) ) ;
#1182 = EDGE_LOOP ( 'NONE', ( #5025, #4665, #4258, #5324 ) ) ;
#1183 = ORIENTED_EDGE ( 'NONE', *, *, #1938, .F. ) ;
#1184 = ADVANCED_FACE ( 'NONE', ( #3533 ), #3919, .T. ) ;
#1185 = FACE_OUTER_BOUND ( 'NONE', #2479, .T. ) ;
#1186 = ADVANCED_FACE ( 'NONE', ( #3147 ), #3036, .T. ) ;
#1187 = CARTESIAN_POINT ( 'NONE',  ( 19.75376681190278561, 17.50000000000000000, -3.128689300804587958 ) ) ;
#1188 = VECTOR ( 'NONE', #762, 1000.000000000000227 ) ;
#1189 = CARTESIAN_POINT ( 'NONE',  ( 0.000000000000000000, 0.000000000000000000, 0.000000000000000000 ) ) ;
#1190 = ADVANCED_FACE ( 'NONE', ( #2712, #1902 ), #1819, .F. ) ;
#1191 = VECTOR ( 'NONE', #5289, 1000.000000000000000 ) ;
#1192 = CYLINDRICAL_SURFACE ( 'NONE', #1526, 0.7500000000000001110 ) ;
#1193 = FACE_OUTER_BOUND ( 'NONE', #95, .T. ) ;
#1194 = DIRECTION ( 'NONE',  ( 0.8958764104071408330, 0.000000000000000000, -0.4443033392582325658 ) ) ;
#1195 = CARTESIAN_POINT ( 'NONE',  ( 11.21502547726915644, 0.000000000000000000, 15.43615830453689419 ) ) ;
#1196 = EDGE_LOOP ( 'NONE', ( #2050, #1598, #1064, #3200 ) ) ;
#1197 = ORIENTED_EDGE ( 'NONE', *, *, #2517, .F. ) ;
#1198 = EDGE_CURVE ( 'NONE', #4226, #3806, #4713, .T. ) ;
#1199 = CARTESIAN_POINT ( 'NONE',  ( -15.89153536764203345, 6.782361035846846955E-16, 9.738345398044671697 ) ) ;
#1200 = ORIENTED_EDGE ( 'NONE', *, *, #3369, .F. ) ;
#1201 = DIRECTION ( 'NONE',  ( 0.000000000000000000, -1.000000000000000000, 0.000000000000000000 ) ) ;
#1202 = DIRECTION ( 'NONE',  ( 0.9859341912392903806, 0.000000000000000000, 0.1671339897965893051 ) ) ;
#1203 = LINE ( 'NONE', #1593, #3643 ) ;
#1204 = ORIENTED_EDGE ( 'NONE', *, *, #3521, .F. ) ;
#1205 =( BOUNDED_CURVE ( )  B_SPLINE_CURVE ( 3, ( #4025, #2444, #2875, #4059 ),
 .UNSPECIFIED., .F., .F. ) 
 B_SPLINE_CURVE_WITH_KNOTS ( ( 4, 4 ),
 ( 4.712388980384689674, 6.130189506010877309 ),
 .UNSPECIFIED. ) 
 CURVE ( )  GEOMETRIC_REPRESENTATION_ITEM ( )  RATIONAL_B_SPLINE_CURVE ( ( 1.000000000000000000, 0.8393855087293401462, 0.8393855087293401462, 1.000000000000000000 ) ) 
 REPRESENTATION_ITEM ( '' )  );
#1206 = ORIENTED_EDGE ( 'NONE', *, *, #2908, .T. ) ;
#1207 = CARTESIAN_POINT ( 'NONE',  ( -19.02113032590310837, 17.50000000000000000, -6.180339887498923268 ) ) ;
#1208 = AXIS2_PLACEMENT_3D ( 'NONE', #3809, #921, #399 ) ;
#1209 = VERTEX_POINT ( 'NONE', #650 ) ;
#1210 = CARTESIAN_POINT ( 'NONE',  ( 3.069084940777320636, 6.774231092096921299E-16, -19.37743969349913087 ) ) ;
#1211 = CARTESIAN_POINT ( 'NONE',  ( -15.89153536764203345, 6.782361035846846955E-16, -9.738345398044607748 ) ) ;
#1212 = DIRECTION ( 'NONE',  ( 0.000000000000000000, -1.000000000000000000, 0.000000000000000000 ) ) ;
#1213 = EDGE_CURVE ( 'NONE', #1321, #752, #1009, .T. ) ;
#1214 = LINE ( 'NONE', #5288, #5349 ) ;
#1215 = DIRECTION ( 'NONE',  ( 0.9859341912392908247, 0.000000000000000000, -0.1671339897965861965 ) ) ;
#1216 = CARTESIAN_POINT ( 'NONE',  ( -19.08185950409743370, 0.000000000000000000, -3.461916805248260953 ) ) ;
#1217 = VECTOR ( 'NONE', #3374, 999.9999999999998863 ) ;
#1218 = CARTESIAN_POINT ( 'NONE',  ( -17.55371111771447801, 17.50000000000000000, 7.270985214936747099 ) ) ;
#1219 = EDGE_LOOP ( 'NONE', ( #3550, #65 ) ) ;
#1220 = EDGE_LOOP ( 'NONE', ( #1131, #1428, #3408, #3872 ) ) ;
#1221 = AXIS2_PLACEMENT_3D ( 'NONE', #1052, #2219, #4317 ) ;
#1222 = ADVANCED_FACE ( 'NONE', ( #3892 ), #3970, .F. ) ;
#1223 = ORIENTED_EDGE ( 'NONE', *, *, #4527, .F. ) ;
#1224 = DIRECTION ( 'NONE',  ( 0.000000000000000000, 0.000000000000000000, -1.000000000000000000 ) ) ;
#1225 = CARTESIAN_POINT ( 'NONE',  ( 18.32992259344377572, 0.000000000000000000, 1.056488437671299296 ) ) ;
#1226 = DIRECTION ( 'NONE',  ( -0.5789791748770425350, 0.000000000000000000, 0.8153423299809099412 ) ) ;
#1227 = ORIENTED_EDGE ( 'NONE', *, *, #3601, .F. ) ;
#1228 = VECTOR ( 'NONE', #2451, 1000.000000000000000 ) ;
#1229 = ORIENTED_EDGE ( 'NONE', *, *, #3011, .F. ) ;
#1230 = DIRECTION ( 'NONE',  ( -0.5965222315134229847, 0.000000000000000000, 0.8025965532633728694 ) ) ;
#1231 = CARTESIAN_POINT ( 'NONE',  ( 20.00000000000003197, 17.50000000000000000, 3.484000922962643298E-14 ) ) ;
#1232 = UNCERTAINTY_MEASURE_WITH_UNIT (LENGTH_MEASURE( 1.000000000000000082E-05 ), #4002, 'distance_accuracy_value', 'NONE');
#1233 = VERTEX_POINT ( 'NONE', #149 ) ;
#1234 = EDGE_CURVE ( 'NONE', #2061, #4960, #4325, .T. ) ;
#1235 = DIRECTION ( 'NONE',  ( -0.01084220526784615904, 0.000000000000000000, -0.9999412215650128610 ) ) ;
#1236 = CARTESIAN_POINT ( 'NONE',  ( 9.079809994790949190, 17.50000000000000000, 17.82013048376742148 ) ) ;
#1237 = CARTESIAN_POINT ( 'NONE',  ( -11.04496740410153066, 0.7500000000000006661, 15.94085710189104077 ) ) ;
#1238 = VECTOR ( 'NONE', #4267, 1000.000000000000114 ) ;
#1239 = EDGE_CURVE ( 'NONE', #3441, #4774, #1841, .T. ) ;
#1240 = EDGE_CURVE ( 'NONE', #4773, #2163, #2883, .T. ) ;
#1241 = ADVANCED_FACE ( 'NONE', ( #4353 ), #4409, .F. ) ;
#1242 = MECHANICAL_DESIGN_GEOMETRIC_PRESENTATION_REPRESENTATION (  '', ( #1152 ), #1054 ) ;
#1243 = CARTESIAN_POINT ( 'NONE',  ( 0.000000000000000000, 1.500000000000001332, 0.000000000000000000 ) ) ;
#1244 = FACE_OUTER_BOUND ( 'NONE', #1138, .T. ) ;
#1245 = LINE ( 'NONE', #352, #2891 ) ;
#1246 = ORIENTED_EDGE ( 'NONE', *, *, #2768, .T. ) ;
#1247 = ORIENTED_EDGE ( 'NONE', *, *, #4192, .F. ) ;
#1248 = LINE ( 'NONE', #802, #213 ) ;
#1249 = ORIENTED_EDGE ( 'NONE', *, *, #3076, .T. ) ;
#1250 = CARTESIAN_POINT ( 'NONE',  ( 5.896087816609133725, 0.000000000000000000, -18.14629240691747825 ) ) ;
#1251 = CARTESIAN_POINT ( 'NONE',  ( -18.47502848755588190, 17.50000000000000000, -4.435461913262177092 ) ) ;
#1252 = CARTESIAN_POINT ( 'NONE',  ( -14.14213562373097588, 0.7500000000000006661, 14.14213562373101141 ) ) ;
#1253 = VERTEX_POINT ( 'NONE', #3118 ) ;
#1254 = EDGE_CURVE ( 'NONE', #341, #2031, #2326, .T. ) ;
#1255 = ORIENTED_EDGE ( 'NONE', *, *, #1677, .T. ) ;
#1256 = ORIENTED_EDGE ( 'NONE', *, *, #2524, .T. ) ;
#1257 = DIRECTION ( 'NONE',  ( -0.8860318940314824143, 0.000000000000000000, -0.4636242905187172858 ) ) ;
#1258 = ORIENTED_EDGE ( 'NONE', *, *, #1877, .F. ) ;
#1259 = ADVANCED_FACE ( 'NONE', ( #3501 ), #1870, .F. ) ;
#1260 = CYLINDRICAL_SURFACE ( 'NONE', #2730, 5.500000000000000000 ) ;
#1261 = ORIENTED_EDGE ( 'NONE', *, *, #3578, .T. ) ;
#1262 = CYLINDRICAL_SURFACE ( 'NONE', #1449, 0.7499999999999998890 ) ;
#1263 = CARTESIAN_POINT ( 'NONE',  ( 0.000000000000000000, 3.500000000000020428, 0.000000000000000000 ) ) ;
#1264 = LINE ( 'NONE', #792, #1404 ) ;
#1265 = ADVANCED_FACE ( 'NONE', ( #708 ), #3682, .T. ) ;
#1266 = VECTOR ( 'NONE', #3563, 1000.000000000000114 ) ;
#1267 = CYLINDRICAL_SURFACE ( 'NONE', #2051, 0.7500000000000001110 ) ;
#1268 = LINE ( 'NONE', #4584, #1999 ) ;
#1269 = CARTESIAN_POINT ( 'NONE',  ( 6.180339887498957019, 17.50000000000000000, 19.02113032590313679 ) ) ;
#1270 = ORIENTED_EDGE ( 'NONE', *, *, #4636, .F. ) ;
#1271 = VERTEX_POINT ( 'NONE', #5285 ) ;
#1272 = VECTOR ( 'NONE', #4446, 1000.000000000000114 ) ;
#1273 = DIRECTION ( 'NONE',  ( 0.9999412215650127500, 0.000000000000000000, 0.01084220526784602547 ) ) ;
#1274 = VERTEX_POINT ( 'NONE', #815 ) ;
#1275 = DIRECTION ( 'NONE',  ( -0.6993986216886024510, 0.000000000000000000, -0.7147318154245571042 ) ) ;
#1276 = DIRECTION ( 'NONE',  ( -0.7147318154244898247, 0.000000000000000000, -0.6993986216886712848 ) ) ;
#1277 = AXIS2_PLACEMENT_3D ( 'NONE', #883, #935, #4228 ) ;
#1278 = DIRECTION ( 'NONE',  ( -0.1671339897965892496, 0.000000000000000000, 0.9859341912392903806 ) ) ;
#1279 = VERTEX_POINT ( 'NONE', #3178 ) ;
#1280 = EDGE_CURVE ( 'NONE', #887, #4236, #3701, .T. ) ;
#1281 = CIRCLE ( 'NONE', #3440, 17.50000000000000355 ) ;
#1282 = ORIENTED_EDGE ( 'NONE', *, *, #4854, .F. ) ;
#1283 = EDGE_LOOP ( 'NONE', ( #3164, #84, #1076, #1384 ) ) ;
#1284 = DIRECTION ( 'NONE',  ( 0.01084220526784615210, 0.000000000000000000, -0.9999412215650128610 ) ) ;
#1285 = ADVANCED_FACE ( 'NONE', ( #4143 ), #1632, .F. ) ;
#1286 = EDGE_CURVE ( 'NONE', #2725, #2916, #3207, .T. ) ;
#1287 = CARTESIAN_POINT ( 'NONE',  ( 16.18033988749897389, 17.50000000000000000, 11.75570504584951870 ) ) ;
#1288 = VERTEX_POINT ( 'NONE', #2364 ) ;
#1289 = CARTESIAN_POINT ( 'NONE',  ( -19.02113032590310837, 0.7500000000000006661, -6.180339887498923268 ) ) ;
#1290 = DIRECTION ( 'NONE',  ( -0.1457165503378051175, -0.000000000000000000, 0.9893263804011543927 ) ) ;
#1291 = LINE ( 'NONE', #511, #1238 ) ;
#1292 = DIRECTION ( 'NONE',  ( -0.1457165503378051175, 0.000000000000000000, 0.9893263804011543927 ) ) ;
#1293 = CARTESIAN_POINT ( 'NONE',  ( -17.55371111771447801, 0.7500000000000006661, -7.270985214936684038 ) ) ;
#1294 = DIRECTION ( 'NONE',  ( -0.000000000000000000, -1.000000000000000000, -0.000000000000000000 ) ) ;
#1295 = DIRECTION ( 'NONE',  ( 0.4636242905187143437, 0.000000000000000000, -0.8860318940314838576 ) ) ;
#1296 = ORIENTED_EDGE ( 'NONE', *, *, #102, .T. ) ;
#1297 = ORIENTED_EDGE ( 'NONE', *, *, #3245, .T. ) ;
#1298 = CARTESIAN_POINT ( 'NONE',  ( 1.056488437671275094, 0.000000000000000000, -18.32992259344374730 ) ) ;
#1299 = DIRECTION ( 'NONE',  ( 0.000000000000000000, 0.000000000000000000, -1.000000000000000000 ) ) ;
#1300 = CARTESIAN_POINT ( 'NONE',  ( 19.02113032590310482, 17.50000000000000000, 6.180339887498993434 ) ) ;
#1301 = CARTESIAN_POINT ( 'NONE',  ( -5.896087816609064447, 0.000000000000000000, -18.14629240691719403 ) ) ;
#1302 = ORIENTED_EDGE ( 'NONE', *, *, #4926, .F. ) ;
#1303 = EDGE_CURVE ( 'NONE', #354, #342, #982, .T. ) ;
#1304 = AXIS2_PLACEMENT_3D ( 'NONE', #3082, #1027, #4345 ) ;
#1305 = EDGE_CURVE ( 'NONE', #1375, #4723, #1154, .T. ) ;
#1306 = VERTEX_POINT ( 'NONE', #4112 ) ;
#1307 = AXIS2_PLACEMENT_3D ( 'NONE', #5176, #3542, #1912 ) ;
#1308 = ORIENTED_EDGE ( 'NONE', *, *, #273, .F. ) ;
#1309 = CARTESIAN_POINT ( 'NONE',  ( 3.603089355156714376E-15, 3.500000000000001332, 3.050000000000001599 ) ) ;
#1310 = CARTESIAN_POINT ( 'NONE',  ( -8.662202736729627262, 0.000000000000000000, 17.00053009192106046 ) ) ;
#1311 = ORIENTED_EDGE ( 'NONE', *, *, #1097, .T. ) ;
#1312 = FACE_OUTER_BOUND ( 'NONE', #2724, .T. ) ;
#1313 = CARTESIAN_POINT ( 'NONE',  ( 12.33951291827350616, 17.50000000000000000, -14.44771334640057958 ) ) ;
#1314 = CARTESIAN_POINT ( 'NONE',  ( 6.180339887498957019, 0.7500000000000006661, 19.02113032590313679 ) ) ;
#1315 = FACE_OUTER_BOUND ( 'NONE', #4204, .T. ) ;
#1316 = DIRECTION ( 'NONE',  ( 0.9999412215650127500, 0.000000000000000000, -0.01084220526785186975 ) ) ;
#1317 = CARTESIAN_POINT ( 'NONE',  ( -18.07025710545692476, 0.000000000000000000, -1.422160076959119834 ) ) ;
#1318 = VERTEX_POINT ( 'NONE', #5333 ) ;
#1319 = DIRECTION ( 'NONE',  ( -0.8025965532633728694, 0.000000000000000000, 0.5965222315134229847 ) ) ;
#1320 = VERTEX_POINT ( 'NONE', #1989 ) ;
#1321 = VERTEX_POINT ( 'NONE', #4466 ) ;
#1322 = CARTESIAN_POINT ( 'NONE',  ( -6.180339887498861984, 17.50000000000000000, -19.02113032590267494 ) ) ;
#1323 = CARTESIAN_POINT ( 'NONE',  ( -6.062598824603669279, 5.698158863361341534E-16, -18.65876059498063455 ) ) ;
#1324 = ORIENTED_EDGE ( 'NONE', *, *, #3338, .T. ) ;
#1325 = EDGE_CURVE ( 'NONE', #471, #4449, #1205, .T. ) ;
#1326 = ADVANCED_FACE ( 'NONE', ( #4904 ), #2849, .T. ) ;
#1327 = VERTEX_POINT ( 'NONE', #4549 ) ;
#1328 = ORIENTED_EDGE ( 'NONE', *, *, #5204, .F. ) ;
#1329 = FACE_OUTER_BOUND ( 'NONE', #4022, .T. ) ;
#1330 = CYLINDRICAL_SURFACE ( 'NONE', #1600, 0.7499999999999994449 ) ;
#1331 = DIRECTION ( 'NONE',  ( -0.01084220526785186975, 0.000000000000000000, 0.9999412215650126390 ) ) ;
#1332 = ORIENTED_EDGE ( 'NONE', *, *, #4142, .F. ) ;
#1333 = DIRECTION ( 'NONE',  ( 0.3193103808106293462, -0.000000000000000000, -0.9476501889972749337 ) ) ;
#1334 = LINE ( 'NONE', #2121, #4882 ) ;
#1335 = EDGE_CURVE ( 'NONE', #1690, #5080, #2824, .T. ) ;
#1336 = VECTOR ( 'NONE', #611, 1000.000000000000227 ) ;
#1337 = DIRECTION ( 'NONE',  ( 0.2986872808686380498, -0.000000000000000000, 0.9543510403658076457 ) ) ;
#1338 = CARTESIAN_POINT ( 'NONE',  ( 4.350962353431360619, 6.774231092096921299E-16, 18.12306249041974127 ) ) ;
#1339 = DIRECTION ( 'NONE',  ( -0.9543510403658066465, -0.000000000000000000, -0.2986872808686413250 ) ) ;
#1340 = DIRECTION ( 'NONE',  ( 0.000000000000000000, 0.000000000000000000, -1.000000000000000000 ) ) ;
#1341 = CARTESIAN_POINT ( 'NONE',  ( -14.14213562373097410, 0.3106601717798219142, 14.14213562373100963 ) ) ;
#1342 = EDGE_LOOP ( 'NONE', ( #5278, #2433, #3771, #3131 ) ) ;
#1343 = EDGE_CURVE ( 'NONE', #442, #1746, #2041, .T. ) ;
#1344 = EDGE_LOOP ( 'NONE', ( #3642, #4648, #2532, #2080, #4699, #204, #4892, #3183, #3344, #3976, #3636, #3990, #3001, #5239, #1425, #3117, #5321, #446, #4046, #863, #4182, #5223, #518, #2539, #870, #965, #1588, #2357, #2505, #999, #369, #3177, #3575, #2383, #3312, #1815, #1940, #969, #107, #3861, #4073, #4407, #1296, #3315, #3763, #3357, #4048, #1597, #879, #3783, #1702, #470, #974, #276, #1089, #1615, #4981, #2298, #5271, #2239, #484, #1346, #1093, #2379, #2339, #4370, #673, #2822, #1479, #4314, #4914, #4209, #2138, #1256, #3613, #1297, #1120, #713, #3443, #1716 ) ) ;
#1345 = CARTESIAN_POINT ( 'NONE',  ( 7.270985214936714236, 0.7500000000000006661, 17.55371111771449932 ) ) ;
#1346 = ORIENTED_EDGE ( 'NONE', *, *, #1410, .T. ) ;
#1347 = PLANE ( 'NONE',  #1729 ) ;
#1348 = ADVANCED_FACE ( 'NONE', ( #4934 ), #1126, .T. ) ;
#1349 = DIRECTION ( 'NONE',  ( -0.9859341912392898255, 0.000000000000000000, -0.1671339897965923305 ) ) ;
#1350 = ORIENTED_EDGE ( 'NONE', *, *, #4790, .F. ) ;
#1351 = CARTESIAN_POINT ( 'NONE',  ( 2.984791646450138280, 0.000000000000000000, 18.84523277876400726 ) ) ;
#1352 = VECTOR ( 'NONE', #3078, 1000.000000000000114 ) ;
#1353 = ORIENTED_EDGE ( 'NONE', *, *, #2399, .F. ) ;
#1354 = ORIENTED_EDGE ( 'NONE', *, *, #4869, .T. ) ;
#1355 = CARTESIAN_POINT ( 'NONE',  ( 17.82013048376738595, 17.50000000000000000, -9.079809994790915439 ) ) ;
#1356 = AXIS2_PLACEMENT_3D ( 'NONE', #5281, #4138, #1546 ) ;
#1357 = LINE ( 'NONE', #2900, #5162 ) ;
#1358 = CARTESIAN_POINT ( 'NONE',  ( -6.656879043942408681E-16, -0.6952007619927221826, 5.064245749405309027 ) ) ;
#1359 = VERTEX_POINT ( 'NONE', #2772 ) ;
#1360 = PLANE ( 'NONE',  #3199 ) ;
#1361 = LINE ( 'NONE', #5092, #1662 ) ;
#1362 = DIRECTION ( 'NONE',  ( 0.9543510403658070906, 0.000000000000000000, -0.2986872808686397707 ) ) ;
#1363 = ADVANCED_FACE ( 'NONE', ( #1605 ), #1963, .F. ) ;
#1364 = CYLINDRICAL_SURFACE ( 'NONE', #3909, 0.7500000000000007772 ) ;
#1365 = DIRECTION ( 'NONE',  ( -0.3193103808106303454, 0.000000000000000000, -0.9476501889972746007 ) ) ;
#1366 =( BOUNDED_CURVE ( )  B_SPLINE_CURVE ( 3, ( #620, #592, #1927, #4348 ),
 .UNSPECIFIED., .F., .F. ) 
 B_SPLINE_CURVE_WITH_KNOTS ( ( 4, 4 ),
 ( 3.141592653589793116, 4.712388980384689674 ),
 .UNSPECIFIED. ) 
 CURVE ( )  GEOMETRIC_REPRESENTATION_ITEM ( )  RATIONAL_B_SPLINE_CURVE ( ( 1.000000000000000000, 0.8047378541243649375, 0.8047378541243649375, 1.000000000000000000 ) ) 
 REPRESENTATION_ITEM ( '' )  );
#1367 = CARTESIAN_POINT ( 'NONE',  ( -1.490722818829057772, 0.3106601717798219142, 18.94142934092948849 ) ) ;
#1368 = VECTOR ( 'NONE', #3754, 999.9999999999998863 ) ;
#1369 = ORIENTED_EDGE ( 'NONE', *, *, #2515, .F. ) ;
#1370 = CYLINDRICAL_SURFACE ( 'NONE', #1277, 0.7499999999999994449 ) ;
#1371 = CARTESIAN_POINT ( 'NONE',  ( -17.82013048376738951, 17.50000000000000000, 9.079809994790986494 ) ) ;
#1372 = CYLINDRICAL_SURFACE ( 'NONE', #3992, 0.7499999999999994449 ) ;
#1373 = FACE_OUTER_BOUND ( 'NONE', #2566, .T. ) ;
#1374 = ORIENTED_EDGE ( 'NONE', *, *, #1732, .T. ) ;
#1375 = VERTEX_POINT ( 'NONE', #368 ) ;
#1376 = EDGE_CURVE ( 'NONE', #5367, #197, #3709, .T. ) ;
#1377 = CARTESIAN_POINT ( 'NONE',  ( -18.32992259344377928, 0.000000000000000000, -1.056488437671242009 ) ) ;
#1378 = ORIENTED_EDGE ( 'NONE', *, *, #2369, .T. ) ;
#1379 = ORIENTED_EDGE ( 'NONE', *, *, #2608, .F. ) ;
#1380 = DIRECTION ( 'NONE',  ( 0.9476501889972757109, 0.000000000000000000, -0.3193103808106269592 ) ) ;
#1381 = AXIS2_PLACEMENT_3D ( 'NONE', #3286, #4954, #1230 ) ;
#1382 = VERTEX_POINT ( 'NONE', #507 ) ;
#1383 = CARTESIAN_POINT ( 'NONE',  ( 4.231461929904019925, 0.000000000000000000, 17.62530740377559724 ) ) ;
#1384 = ORIENTED_EDGE ( 'NONE', *, *, #933, .F. ) ;
#1385 = CARTESIAN_POINT ( 'NONE',  ( 9.079809994790950967, 17.50000000000000000, -17.82013048376735753 ) ) ;
#1386 = LINE ( 'NONE', #3010, #3839 ) ;
#1387 = VECTOR ( 'NONE', #4094, 1000.000000000000000 ) ;
#1388 = EDGE_CURVE ( 'NONE', #1749, #2963, #534, .T. ) ;
#1389 = DIRECTION ( 'NONE',  ( -0.1671339897965881671, -0.000000000000000000, -0.9859341912392904916 ) ) ;
#1390 = DIRECTION ( 'NONE',  ( 0.000000000000000000, -1.000000000000000000, 0.000000000000000000 ) ) ;
#1391 = EDGE_CURVE ( 'NONE', #200, #1101, #1706, .T. ) ;
#1392 = EDGE_CURVE ( 'NONE', #3004, #3441, #21, .T. ) ;
#1393 = DIRECTION ( 'NONE',  ( -0.000000000000000000, -1.000000000000000000, -0.000000000000000000 ) ) ;
#1394 = ADVANCED_FACE ( 'NONE', ( #4193 ), #1260, .T. ) ;
#1395 = CARTESIAN_POINT ( 'NONE',  ( 11.77198230270238533, 0.000000000000000000, -13.78322037140355505 ) ) ;
#1396 = CARTESIAN_POINT ( 'NONE',  ( 1.490722818829056884, 0.7500000000000006661, -18.94142934092942809 ) ) ;
#1397 = ORIENTED_EDGE ( 'NONE', *, *, #2576, .T. ) ;
#1398 = FACE_OUTER_BOUND ( 'NONE', #313, .T. ) ;
#1399 =( BOUNDED_CURVE ( )  B_SPLINE_CURVE ( 3, ( #1122, #755, #2414, #339 ),
 .UNSPECIFIED., .F., .T. ) 
 B_SPLINE_CURVE_WITH_KNOTS ( ( 4, 4 ),
 ( 0.000000000000000000, 1.570796326794896558 ),
 .UNSPECIFIED. ) 
 CURVE ( )  GEOMETRIC_REPRESENTATION_ITEM ( )  RATIONAL_B_SPLINE_CURVE ( ( 1.000000000000000000, 0.8047378541243649375, 0.8047378541243649375, 1.000000000000000000 ) ) 
 REPRESENTATION_ITEM ( '' )  );
#1400 = DIRECTION ( 'NONE',  ( 0.000000000000000000, -1.000000000000000000, 0.000000000000000000 ) ) ;
#1401 = DIRECTION ( 'NONE',  ( -0.000000000000000000, -1.000000000000000000, -0.000000000000000000 ) ) ;
#1402 = DIRECTION ( 'NONE',  ( 0.8958764104071011980, 0.000000000000000000, 0.4443033392583126684 ) ) ;
#1403 = ORIENTED_EDGE ( 'NONE', *, *, #1810, .T. ) ;
#1404 = VECTOR ( 'NONE', #818, 999.9999999999998863 ) ;
#1405 = ADVANCED_FACE ( 'NONE', ( #4677 ), #4578, .T. ) ;
#1406 = AXIS2_PLACEMENT_3D ( 'NONE', #572, #2058, #1768 ) ;
#1407 = ORIENTED_EDGE ( 'NONE', *, *, #4405, .F. ) ;
#1408 = ORIENTED_EDGE ( 'NONE', *, *, #1434, .F. ) ;
#1409 = CARTESIAN_POINT ( 'NONE',  ( -3.461916805248298257, 0.7500000000000006661, 19.08185950409746567 ) ) ;
#1410 = EDGE_CURVE ( 'NONE', #2697, #785, #1357, .T. ) ;
#1411 = ORIENTED_EDGE ( 'NONE', *, *, #5363, .F. ) ;
#1412 = CARTESIAN_POINT ( 'NONE',  ( 7.270985214936714236, 0.7500000000000006661, -17.55371111771444248 ) ) ;
#1413 = CARTESIAN_POINT ( 'NONE',  ( 14.14213562373097588, 17.50000000000000000, -14.14213562373094035 ) ) ;
#1414 = EDGE_CURVE ( 'NONE', #855, #677, #5060, .T. ) ;
#1415 = DIRECTION ( 'NONE',  ( -0.000000000000000000, 1.000000000000000000, -0.000000000000000000 ) ) ;
#1416 = PLANE ( 'NONE',  #4835 ) ;
#1417 = LINE ( 'NONE', #1821, #148 ) ;
#1418 = DIRECTION ( 'NONE',  ( 0.9543510403658066465, -0.000000000000000000, 0.2986872808686412695 ) ) ;
#1419 = ORIENTED_EDGE ( 'NONE', *, *, #2899, .F. ) ;
#1420 = AXIS2_PLACEMENT_3D ( 'NONE', #153, #3121, #4382 ) ;
#1421 = CARTESIAN_POINT ( 'NONE',  ( 3.603089355156714376E-15, 15.00000000000000178, 3.050000000000001599 ) ) ;
#1422 = LINE ( 'NONE', #5127, #3515 ) ;
#1423 = DIRECTION ( 'NONE',  ( 0.8860318940314854119, 0.000000000000000000, 0.4636242905187114571 ) ) ;
#1424 = DIRECTION ( 'NONE',  ( -0.000000000000000000, -1.000000000000000000, -0.000000000000000000 ) ) ;
#1425 = ORIENTED_EDGE ( 'NONE', *, *, #643, .T. ) ;
#1426 = DIRECTION ( 'NONE',  ( 0.5789791748770427571, 0.000000000000000000, -0.8153423299809097191 ) ) ;
#1427 = DIRECTION ( 'NONE',  ( 0.9476501889972740456, 0.000000000000000000, 0.3193103808106315666 ) ) ;
#1428 = ORIENTED_EDGE ( 'NONE', *, *, #2278, .T. ) ;
#1429 = VECTOR ( 'NONE', #1576, 1000.000000000000000 ) ;
#1430 = ADVANCED_FACE ( 'NONE', ( #5383 ), #869, .F. ) ;
#1431 = EDGE_LOOP ( 'NONE', ( #1754, #3392, #258, #1353 ) ) ;
#1432 = FACE_OUTER_BOUND ( 'NONE', #3231, .T. ) ;
#1433 = VECTOR ( 'NONE', #1452, 1000.000000000000000 ) ;
#1434 = EDGE_CURVE ( 'NONE', #5217, #4449, #2815, .T. ) ;
#1435 = ORIENTED_EDGE ( 'NONE', *, *, #657, .F. ) ;
#1436 = DIRECTION ( 'NONE',  ( -0.9476501889972763770, 0.000000000000000000, 0.3193103808106249053 ) ) ;
#1437 = VECTOR ( 'NONE', #2455, 1000.000000000000114 ) ;
#1438 = DIRECTION ( 'NONE',  ( -0.8860318940314855229, 0.000000000000000000, 0.4636242905187115126 ) ) ;
#1439 = ORIENTED_EDGE ( 'NONE', *, *, #993, .F. ) ;
#1440 = EDGE_CURVE ( 'NONE', #1998, #4741, #2492, .T. ) ;
#1441 = DIRECTION ( 'NONE',  ( 0.6993986216886028950, -0.000000000000000000, 0.7147318154245566602 ) ) ;
#1442 = CARTESIAN_POINT ( 'NONE',  ( 19.21771795033441776, 0.7500000000000006661, -2.604140334538087576 ) ) ;
#1443 = CARTESIAN_POINT ( 'NONE',  ( -1.895489578716371026, 15.44836939907826867, -2.693322130841849127 ) ) ;
#1444 = LINE ( 'NONE', #1012, #1602 ) ;
#1445 = PLANE ( 'NONE',  #445 ) ;
#1446 = ORIENTED_EDGE ( 'NONE', *, *, #682, .F. ) ;
#1447 = DIRECTION ( 'NONE',  ( 0.000000000000000000, 0.000000000000000000, -1.000000000000000000 ) ) ;
#1448 = DIRECTION ( 'NONE',  ( 0.1457165503378051175, -0.000000000000000000, -0.9893263804011543927 ) ) ;
#1449 = AXIS2_PLACEMENT_3D ( 'NONE', #4241, #4550, #2929 ) ;
#1450 = CARTESIAN_POINT ( 'NONE',  ( -4.435461913262216171, 0.7500000000000006661, -18.47502848755585347 ) ) ;
#1451 = ORIENTED_EDGE ( 'NONE', *, *, #2908, .F. ) ;
#1452 = DIRECTION ( 'NONE',  ( -0.000000000000000000, -1.000000000000000000, -0.000000000000000000 ) ) ;
#1453 = CARTESIAN_POINT ( 'NONE',  ( 3.603089355156714376E-15, 15.00000000000000178, 1.734723475976807094E-15 ) ) ;
#1454 = VERTEX_POINT ( 'NONE', #427 ) ;
#1455 = CARTESIAN_POINT ( 'NONE',  ( 6.965164605134924127E-16, 1.000000000000000000, 13.34374425752157833 ) ) ;
#1456 = ADVANCED_FACE ( 'NONE', ( #2118 ), #97, .T. ) ;
#1457 = CARTESIAN_POINT ( 'NONE',  ( -9.738345398044646828, 9.600280406760566554E-16, 15.89153536764206009 ) ) ;
#1458 = ADVANCED_FACE ( 'NONE', ( #1733 ), #1330, .T. ) ;
#1459 = ORIENTED_EDGE ( 'NONE', *, *, #5222, .F. ) ;
#1460 = AXIS2_PLACEMENT_3D ( 'NONE', #5063, #3765, #2572 ) ;
#1461 = ORIENTED_EDGE ( 'NONE', *, *, #3521, .T. ) ;
#1462 = DIRECTION ( 'NONE',  ( -0.3193103808106249608, 0.000000000000000000, -0.9476501889972764880 ) ) ;
#1463 = DIRECTION ( 'NONE',  ( -0.9543510403658068686, -0.000000000000000000, 0.2986872808686406033 ) ) ;
#1464 = ORIENTED_EDGE ( 'NONE', *, *, #3493, .F. ) ;
#1465 = AXIS2_PLACEMENT_3D ( 'NONE', #1409, #1085, #2732 ) ;
#1466 = ORIENTED_EDGE ( 'NONE', *, *, #1303, .F. ) ;
#1467 = DIRECTION ( 'NONE',  ( 0.9999412215650128610, 0.000000000000000000, -0.01084220526784615904 ) ) ;
#1468 = LINE ( 'NONE', #1842, #2924 ) ;
#1469 = DIRECTION ( 'NONE',  ( 0.000000000000000000, 0.000000000000000000, -1.000000000000000000 ) ) ;
#1470 = CARTESIAN_POINT ( 'NONE',  ( -14.44771334640060445, 0.3106601717798219142, 12.33951291827353458 ) ) ;
#1471 = VECTOR ( 'NONE', #668, 1000.000000000000000 ) ;
#1472 = DIRECTION ( 'NONE',  ( -0.3193103808106269592, -0.000000000000000000, -0.9476501889972757109 ) ) ;
#1473 = VERTEX_POINT ( 'NONE', #3786 ) ;
#1474 = FACE_OUTER_BOUND ( 'NONE', #4831, .T. ) ;
#1475 = FACE_OUTER_BOUND ( 'NONE', #1196, .T. ) ;
#1476 = EDGE_LOOP ( 'NONE', ( #5055, #2912, #254, #3414 ) ) ;
#1477 = ORIENTED_EDGE ( 'NONE', *, *, #16, .T. ) ;
#1478 = CARTESIAN_POINT ( 'NONE',  ( -9.079809994790956296, 0.7500000000000006661, -17.82013048376735398 ) ) ;
#1479 = ORIENTED_EDGE ( 'NONE', *, *, #222, .T. ) ;
#1480 = CARTESIAN_POINT ( 'NONE',  ( 17.47241226587835072, 0.7500000000000006661, -8.415286074267303462 ) ) ;
#1481 = PLANE ( 'NONE',  #4755 ) ;
#1482 = LINE ( 'NONE', #3492, #4247 ) ;
#1483 = ORIENTED_EDGE ( 'NONE', *, *, #3902, .F. ) ;
#1484 = VECTOR ( 'NONE', #125, 1000.000000000000114 ) ;
#1485 = EDGE_CURVE ( 'NONE', #1271, #838, #2264, .T. ) ;
#1486 = ORIENTED_EDGE ( 'NONE', *, *, #151, .F. ) ;
#1487 = LINE ( 'NONE', #2737, #3376 ) ;
#1488 = EDGE_LOOP ( 'NONE', ( #410, #1108, #3696, #4839 ) ) ;
#1489 = VERTEX_POINT ( 'NONE', #5036 ) ;
#1490 = FACE_OUTER_BOUND ( 'NONE', #3411, .T. ) ;
#1491 = EDGE_CURVE ( 'NONE', #4960, #2031, #3395, .T. ) ;
#1492 = DIRECTION ( 'NONE',  ( -0.6993986216886706186, 0.000000000000000000, 0.7147318154244903798 ) ) ;
#1493 = CARTESIAN_POINT ( 'NONE',  ( 19.38849325251435118, 0.7500000000000006661, 0.4342343811578180390 ) ) ;
#1494 = CARTESIAN_POINT ( 'NONE',  ( -1.297842354353332824E-15, 0.7500000000000006661, 20.00000000000007105 ) ) ;
#1495 = EDGE_CURVE ( 'NONE', #4544, #1745, #920, .T. ) ;
#1496 = ORIENTED_EDGE ( 'NONE', *, *, #4619, .F. ) ;
#1497 = CARTESIAN_POINT ( 'NONE',  ( 2.204364238465235428E-15, 0.000000000000000000, -18.00000000000000000 ) ) ;
#1498 = CARTESIAN_POINT ( 'NONE',  ( 19.75376681190278561, 0.7500000000000006661, -3.128689300804587958 ) ) ;
#1499 = CARTESIAN_POINT ( 'NONE',  ( -16.18033988749897745, 0.7500000000000006661, 11.75570504584951692 ) ) ;
#1500 = EDGE_CURVE ( 'NONE', #4230, #3415, #3835, .T. ) ;
#1501 = CARTESIAN_POINT ( 'NONE',  ( 18.65876059498101469, 4.605826747125912431E-16, -6.062598824603720793 ) ) ;
#1502 = ORIENTED_EDGE ( 'NONE', *, *, #1626, .F. ) ;
#1503 = VECTOR ( 'NONE', #3273, 1000.000000000000000 ) ;
#1504 = VERTEX_POINT ( 'NONE', #5110 ) ;
#1505 =( BOUNDED_CURVE ( )  B_SPLINE_CURVE ( 3, ( #1820, #1010, #2655, #2602 ),
 .UNSPECIFIED., .F., .T. ) 
 B_SPLINE_CURVE_WITH_KNOTS ( ( 4, 4 ),
 ( 0.000000000000000000, 1.570796326794896558 ),
 .UNSPECIFIED. ) 
 CURVE ( )  GEOMETRIC_REPRESENTATION_ITEM ( )  RATIONAL_B_SPLINE_CURVE ( ( 1.000000000000000000, 0.8047378541243649375, 0.8047378541243649375, 1.000000000000000000 ) ) 
 REPRESENTATION_ITEM ( '' )  );
#1506 = EDGE_CURVE ( 'NONE', #2055, #2565, #973, .T. ) ;
#1507 = CARTESIAN_POINT ( 'NONE',  ( 19.02113032590310482, 17.50000000000000000, -6.180339887498925044 ) ) ;
#1508 = AXIS2_PLACEMENT_3D ( 'NONE', #5045, #2202, #3817 ) ;
#1509 = ORIENTED_EDGE ( 'NONE', *, *, #5347, .T. ) ;
#1510 = DIRECTION ( 'NONE',  ( -0.000000000000000000, -1.000000000000000000, -0.000000000000000000 ) ) ;
#1511 = CARTESIAN_POINT ( 'NONE',  ( 10.87150850118938195, -0.6952007619927221826, 5.064245749405307251 ) ) ;
#1512 = ORIENTED_EDGE ( 'NONE', *, *, #4179, .T. ) ;
#1513 = DIRECTION ( 'NONE',  ( 0.2986872808686383829, 0.000000000000000000, -0.9543510403658074237 ) ) ;
#1514 = VERTEX_POINT ( 'NONE', #5137 ) ;
#1515 = AXIS2_PLACEMENT_3D ( 'NONE', #1189, #5313, #3295 ) ;
#1516 = VERTEX_POINT ( 'NONE', #1383 ) ;
#1517 = FACE_OUTER_BOUND ( 'NONE', #2597, .T. ) ;
#1518 = CARTESIAN_POINT ( 'NONE',  ( 11.21502547726915644, 0.000000000000000000, -15.43615830453682847 ) ) ;
#1519 = VECTOR ( 'NONE', #3271, 1000.000000000000000 ) ;
#1520 = AXIS2_PLACEMENT_3D ( 'NONE', #1856, #3516, #5180 ) ;
#1521 = DIRECTION ( 'NONE',  ( 0.8025965532633696498, 0.000000000000000000, 0.5965222315134273146 ) ) ;
#1522 = CARTESIAN_POINT ( 'NONE',  ( 13.78322037140357814, 0.000000000000000000, 11.77198230270241197 ) ) ;
#1523 = CARTESIAN_POINT ( 'NONE',  ( -1.974841765813141858, 15.50000000000000178, -2.950000000000000622 ) ) ;
#1524 = CARTESIAN_POINT ( 'NONE',  ( 14.01678513138353210, 0.7500000000000006661, 13.40268498030154021 ) ) ;
#1525 = ORIENTED_EDGE ( 'NONE', *, *, #675, .F. ) ;
#1526 = AXIS2_PLACEMENT_3D ( 'NONE', #3744, #2476, #4939 ) ;
#1527 = VECTOR ( 'NONE', #4354, 1000.000000000000114 ) ;
#1528 = EDGE_CURVE ( 'NONE', #2518, #1928, #4863, .T. ) ;
#1529 = DIRECTION ( 'NONE',  ( -0.8860318940314854119, 0.000000000000000000, 0.4636242905187114571 ) ) ;
#1530 = DIRECTION ( 'NONE',  ( -0.5965222315134273146, 0.000000000000000000, 0.8025965532633696498 ) ) ;
#1531 = LINE ( 'NONE', #2781, #1906 ) ;
#1532 = CARTESIAN_POINT ( 'NONE',  ( 13.40268498030150468, 0.000000000000000000, 14.01678513138356585 ) ) ;
#1533 = ORIENTED_EDGE ( 'NONE', *, *, #4842, .F. ) ;
#1534 = ORIENTED_EDGE ( 'NONE', *, *, #2976, .T. ) ;
#1535 = CARTESIAN_POINT ( 'NONE',  ( -8.662202736729629038, 0.000000000000000000, -17.00053009192099651 ) ) ;
#1536 = ORIENTED_EDGE ( 'NONE', *, *, #2289, .T. ) ;
#1537 = CARTESIAN_POINT ( 'NONE',  ( 16.18033988749897389, 0.7500000000000006661, -11.75570504584944764 ) ) ;
#1538 = CARTESIAN_POINT ( 'NONE',  ( -1.490722818829057328, 17.50000000000000000, -18.94142934092942809 ) ) ;
#1539 = DIRECTION ( 'NONE',  ( 0.8860318940314854119, 0.000000000000000000, -0.4636242905187114571 ) ) ;
#1540 = ORIENTED_EDGE ( 'NONE', *, *, #3728, .T. ) ;
#1541 =( BOUNDED_CURVE ( )  B_SPLINE_CURVE ( 3, ( #3329, #3301, #4151, #1293 ),
 .UNSPECIFIED., .F., .T. ) 
 B_SPLINE_CURVE_WITH_KNOTS ( ( 4, 4 ),
 ( 4.712388980384689674, 6.283185307179586232 ),
 .UNSPECIFIED. ) 
 CURVE ( )  GEOMETRIC_REPRESENTATION_ITEM ( )  RATIONAL_B_SPLINE_CURVE ( ( 1.000000000000000000, 0.8047378541243649375, 0.8047378541243649375, 1.000000000000000000 ) ) 
 REPRESENTATION_ITEM ( '' )  );
#1542 = ADVANCED_FACE ( 'NONE', ( #3581 ), #2621, .T. ) ;
#1543 = ORIENTED_EDGE ( 'NONE', *, *, #3090, .T. ) ;
#1544 = EDGE_CURVE ( 'NONE', #4344, #43, #3590, .T. ) ;
#1545 = LINE ( 'NONE', #2009, #3546 ) ;
#1546 = DIRECTION ( 'NONE',  ( 0.000000000000000000, 0.000000000000000000, -1.000000000000000000 ) ) ;
#1547 = ORIENTED_EDGE ( 'NONE', *, *, #1670, .T. ) ;
#1548 = DIRECTION ( 'NONE',  ( -0.5789791748770453106, 0.000000000000000000, -0.8153423299809080538 ) ) ;
#1549 = CARTESIAN_POINT ( 'NONE',  ( -17.55371111771447801, 0.7500000000000006661, -7.270985214936683150 ) ) ;
#1550 = CARTESIAN_POINT ( 'NONE',  ( 13.87271515329466354, 6.774231092096921299E-16, 13.87271515329470262 ) ) ;
#1551 = DIRECTION ( 'NONE',  ( -0.4443033392582298458, 0.000000000000000000, -0.8958764104071421652 ) ) ;
#1552 = VECTOR ( 'NONE', #619, 999.9999999999998863 ) ;
#1553 = EDGE_CURVE ( 'NONE', #4050, #4596, #3446, .T. ) ;
#1554 = EDGE_CURVE ( 'NONE', #4946, #1627, #4015, .T. ) ;
#1555 = EDGE_CURVE ( 'NONE', #1271, #1504, #277, .T. ) ;
#1556 = CARTESIAN_POINT ( 'NONE',  ( 18.94142934092945652, 17.50000000000000000, 1.490722818829083751 ) ) ;
#1557 = CARTESIAN_POINT ( 'NONE',  ( -19.75376681190278916, 17.50000000000000000, 3.128689300804659013 ) ) ;
#1558 = DIRECTION ( 'NONE',  ( 0.000000000000000000, -1.000000000000000000, 0.000000000000000000 ) ) ;
#1559 = ORIENTED_EDGE ( 'NONE', *, *, #657, .T. ) ;
#1560 = VERTEX_POINT ( 'NONE', #696 ) ;
#1561 = AXIS2_PLACEMENT_3D ( 'NONE', #2906, #3330, #4967 ) ;
#1562 = LINE ( 'NONE', #747, #4049 ) ;
#1563 = ORIENTED_EDGE ( 'NONE', *, *, #4035, .F. ) ;
#1564 = LINE ( 'NONE', #4837, #5040 ) ;
#1565 = CARTESIAN_POINT ( 'NONE',  ( 8.662202736729623709, 0.000000000000000000, -17.00053009192100006 ) ) ;
#1566 = DIRECTION ( 'NONE',  ( -0.000000000000000000, -1.000000000000000000, -0.000000000000000000 ) ) ;
#1567 = VERTEX_POINT ( 'NONE', #3193 ) ;
#1568 = EDGE_CURVE ( 'NONE', #2486, #4741, #3860, .T. ) ;
#1569 =( BOUNDED_CURVE ( )  B_SPLINE_CURVE ( 3, ( #3122, #4794, #3210, #2256 ),
 .UNSPECIFIED., .F., .T. ) 
 B_SPLINE_CURVE_WITH_KNOTS ( ( 4, 4 ),
 ( 4.712388980384689674, 6.283185307179586232 ),
 .UNSPECIFIED. ) 
 CURVE ( )  GEOMETRIC_REPRESENTATION_ITEM ( )  RATIONAL_B_SPLINE_CURVE ( ( 1.000000000000000000, 0.8047378541243649375, 0.8047378541243649375, 1.000000000000000000 ) ) 
 REPRESENTATION_ITEM ( '' )  );
#1570 = ORIENTED_EDGE ( 'NONE', *, *, #2719, .T. ) ;
#1571 = DIRECTION ( 'NONE',  ( 0.5965222315134230957, 0.000000000000000000, 0.8025965532633728694 ) ) ;
#1572 = EDGE_CURVE ( 'NONE', #2783, #501, #1923, .T. ) ;
#1573 = PLANE ( 'NONE',  #2873 ) ;
#1574 = VECTOR ( 'NONE', #457, 999.9999999999998863 ) ;
#1575 = EDGE_LOOP ( 'NONE', ( #2728, #2111, #1587, #5001 ) ) ;
#1576 = DIRECTION ( 'NONE',  ( 0.000000000000000000, 0.7071067811865432429, 0.7071067811865517916 ) ) ;
#1577 = CARTESIAN_POINT ( 'NONE',  ( -4.435461913262208178, 0.3106601717798219142, 18.47502848755591387 ) ) ;
#1578 = VECTOR ( 'NONE', #958, 1000.000000000000000 ) ;
#1579 = LINE ( 'NONE', #510, #2500 ) ;
#1580 = APPLICATION_PROTOCOL_DEFINITION ( 'draft international standard', 'automotive_design', 1998, #3289 ) ;
#1581 = CARTESIAN_POINT ( 'NONE',  ( -14.14213562373097766, 0.7500000000000006661, -14.14213562373093858 ) ) ;
#1582 = EDGE_CURVE ( 'NONE', #2504, #3253, #2220, .T. ) ;
#1583 = DIRECTION ( 'NONE',  ( 0.4636242905187142882, 0.000000000000000000, -0.8860318940314838576 ) ) ;
#1584 = DIRECTION ( 'NONE',  ( 0.3193103808106330099, -0.000000000000000000, 0.9476501889972737125 ) ) ;
#1585 = CARTESIAN_POINT ( 'NONE',  ( -18.26952203312410461, 0.000000000000000000, 1.823950323272760965 ) ) ;
#1586 = CARTESIAN_POINT ( 'NONE',  ( 13.49169707002270435, 0.000000000000000000, 13.49169707002273810 ) ) ;
#1587 = ORIENTED_EDGE ( 'NONE', *, *, #4617, .F. ) ;
#1588 = ORIENTED_EDGE ( 'NONE', *, *, #1213, .T. ) ;
#1589 = CARTESIAN_POINT ( 'NONE',  ( 15.43038397132521489, 0.7500000000000006661, 11.74757339189863359 ) ) ;
#1590 = ORIENTED_EDGE ( 'NONE', *, *, #727, .F. ) ;
#1591 = CARTESIAN_POINT ( 'NONE',  ( -19.61898191672807101, 5.698158863361341534E-16, 3.401083310608974422E-14 ) ) ;
#1592 = PLANE ( 'NONE',  #402 ) ;
#1593 = CARTESIAN_POINT ( 'NONE',  ( -18.47502848755588545, 0.7500000000000006661, 4.435461913262241040 ) ) ;
#1594 = VERTEX_POINT ( 'NONE', #4455 ) ;
#1595 = AXIS2_PLACEMENT_3D ( 'NONE', #3747, #5366, #5318 ) ;
#1596 = ADVANCED_FACE ( 'NONE', ( #5299 ), #3888, .F. ) ;
#1597 = ORIENTED_EDGE ( 'NONE', *, *, #4672, .T. ) ;
#1598 = ORIENTED_EDGE ( 'NONE', *, *, #2869, .T. ) ;
#1599 = DIRECTION ( 'NONE',  ( 0.000000000000000000, 0.000000000000000000, -1.000000000000000000 ) ) ;
#1600 = AXIS2_PLACEMENT_3D ( 'NONE', #3371, #4651, #2090 ) ;
#1601 = DIRECTION ( 'NONE',  ( 0.1671339897965926358, -0.000000000000000000, 0.9859341912392898255 ) ) ;
#1602 = VECTOR ( 'NONE', #2688, 1000.000000000000114 ) ;
#1603 = ORIENTED_EDGE ( 'NONE', *, *, #4528, .T. ) ;
#1604 = ORIENTED_EDGE ( 'NONE', *, *, #4040, .T. ) ;
#1605 = FACE_OUTER_BOUND ( 'NONE', #3935, .T. ) ;
#1606 = CARTESIAN_POINT ( 'NONE',  ( -12.10443404024200476, -4.274488568408137094E-16, 14.17247134405522146 ) ) ;
#1607 = FACE_OUTER_BOUND ( 'NONE', #2841, .T. ) ;
#1608 = VECTOR ( 'NONE', #3291, 1000.000000000000000 ) ;
#1609 = EDGE_CURVE ( 'NONE', #393, #1998, #1564, .T. ) ;
#1610 = VECTOR ( 'NONE', #4770, 1000.000000000000000 ) ;
#1611 = DIRECTION ( 'NONE',  ( 0.4636242905187167862, 0.000000000000000000, -0.8860318940314827474 ) ) ;
#1612 = FACE_OUTER_BOUND ( 'NONE', #4805, .T. ) ;
#1613 = CARTESIAN_POINT ( 'NONE',  ( -3.482582302567462064E-16, 1.000000000000000000, 7.656255742478427884 ) ) ;
#1614 = CARTESIAN_POINT ( 'NONE',  ( -17.48064088573832819, 5.698158863361341534E-16, -8.906831404756474058 ) ) ;
#1615 = ORIENTED_EDGE ( 'NONE', *, *, #4473, .T. ) ;
#1616 = ORIENTED_EDGE ( 'NONE', *, *, #2164, .T. ) ;
#1617 = CARTESIAN_POINT ( 'NONE',  ( -16.20016312272777625, 0.7500000000000006661, 9.927472729603072921 ) ) ;
#1618 = ORIENTED_EDGE ( 'NONE', *, *, #5033, .T. ) ;
#1619 = CYLINDRICAL_SURFACE ( 'NONE', #3024, 0.7500000000000006661 ) ;
#1620 = CARTESIAN_POINT ( 'NONE',  ( 1.816590212458494058, 15.13531104219454981, -2.450000000000000622 ) ) ;
#1621 = CARTESIAN_POINT ( 'NONE',  ( -3.128689300804341933, 17.50000000000000000, -19.75376681190280337 ) ) ;
#1622 = ORIENTED_EDGE ( 'NONE', *, *, #2404, .F. ) ;
#1623 = ADVANCED_FACE ( 'NONE', ( #1789 ), #121, .T. ) ;
#1624 = EDGE_CURVE ( 'NONE', #2363, #1781, #3447, .T. ) ;
#1625 = ORIENTED_EDGE ( 'NONE', *, *, #3222, .T. ) ;
#1626 = EDGE_CURVE ( 'NONE', #3196, #4230, #2321, .T. ) ;
#1627 = VERTEX_POINT ( 'NONE', #4074 ) ;
#1628 = DIRECTION ( 'NONE',  ( -0.000000000000000000, -1.000000000000000000, -0.000000000000000000 ) ) ;
#1629 = VECTOR ( 'NONE', #1083, 1000.000000000000114 ) ;
#1630 = PLANE ( 'NONE',  #1103 ) ;
#1631 = ORIENTED_EDGE ( 'NONE', *, *, #4842, .T. ) ;
#1632 = PLANE ( 'NONE',  #3785 ) ;
#1633 = ORIENTED_EDGE ( 'NONE', *, *, #603, .F. ) ;
#1634 = LINE ( 'NONE', #1236, #1021 ) ;
#1635 = CARTESIAN_POINT ( 'NONE',  ( -16.20016312272777981, 0.7500000000000006661, -9.927472729603010748 ) ) ;
#1636 = CARTESIAN_POINT ( 'NONE',  ( -9.927472729603048052, 17.50000000000000000, -16.20016312272774783 ) ) ;
#1637 = DIRECTION ( 'NONE',  ( -0.8958764104071422762, 0.000000000000000000, 0.4443033392582299013 ) ) ;
#1638 = LINE ( 'NONE', #4940, #3433 ) ;
#1639 = DIRECTION ( 'NONE',  ( 0.9859341912392898255, 0.000000000000000000, -0.1671339897965926358 ) ) ;
#1640 = VECTOR ( 'NONE', #4602, 1000.000000000000227 ) ;
#1641 = DIRECTION ( 'NONE',  ( -0.000000000000000000, -1.000000000000000000, -0.000000000000000000 ) ) ;
#1642 = VERTEX_POINT ( 'NONE', #4129 ) ;
#1643 = ADVANCED_FACE ( 'NONE', ( #4565 ), #2889, .F. ) ;
#1644 = ORIENTED_EDGE ( 'NONE', *, *, #3886, .T. ) ;
#1645 = AXIS2_PLACEMENT_3D ( 'NONE', #2671, #1380, #4808 ) ;
#1646 = AXIS2_PLACEMENT_3D ( 'NONE', #804, #1276, #3249 ) ;
#1647 = FACE_OUTER_BOUND ( 'NONE', #2678, .T. ) ;
#1648 = ORIENTED_EDGE ( 'NONE', *, *, #3939, .T. ) ;
#1649 = LINE ( 'NONE', #11, #1993 ) ;
#1650 = CARTESIAN_POINT ( 'NONE',  ( -3.128689300804341933, 17.50000000000000000, -19.75376681190280337 ) ) ;
#1651 = DIRECTION ( 'NONE',  ( 0.6993986216886712848, 0.000000000000000000, -0.7147318154244898247 ) ) ;
#1652 = VERTEX_POINT ( 'NONE', #3697 ) ;
#1653 = ADVANCED_FACE ( 'NONE', ( #4920 ), #832, .T. ) ;
#1654 = ORIENTED_EDGE ( 'NONE', *, *, #2719, .F. ) ;
#1655 = PLANE ( 'NONE',  #5202 ) ;
#1656 = EDGE_CURVE ( 'NONE', #4265, #4876, #3309, .T. ) ;
#1657 = ORIENTED_EDGE ( 'NONE', *, *, #4330, .F. ) ;
#1658 = DIRECTION ( 'NONE',  ( 0.2986872808686369951, -0.000000000000000000, -0.9543510403658078678 ) ) ;
#1659 = ORIENTED_EDGE ( 'NONE', *, *, #1031, .T. ) ;
#1660 = FACE_OUTER_BOUND ( 'NONE', #2140, .T. ) ;
#1661 = DIRECTION ( 'NONE',  ( -0.5965222315134229847, -0.000000000000000000, -0.8025965532633728694 ) ) ;
#1662 = VECTOR ( 'NONE', #2149, 1000.000000000000000 ) ;
#1663 = TOROIDAL_SURFACE ( 'NONE', #2957, 5.896076596910249101, 0.5000000000000000000 ) ;
#1664 = CARTESIAN_POINT ( 'NONE',  ( -8.415286074267342542, 0.7500000000000006661, -17.47241226587831520 ) ) ;
#1665 = ADVANCED_FACE ( 'NONE', ( #357 ), #1619, .T. ) ;
#1666 = CARTESIAN_POINT ( 'NONE',  ( -14.14213562373097766, 17.50000000000000000, -14.14213562373093858 ) ) ;
#1667 = CARTESIAN_POINT ( 'NONE',  ( 14.14213562373097588, 0.7500000000000006661, -14.14213562373094035 ) ) ;
#1668 = ORIENTED_EDGE ( 'NONE', *, *, #776, .F. ) ;
#1669 = EDGE_LOOP ( 'NONE', ( #1540, #2992, #3223, #1464 ) ) ;
#1670 = EDGE_CURVE ( 'NONE', #1781, #2916, #2083, .T. ) ;
#1671 = CARTESIAN_POINT ( 'NONE',  ( 18.47502848755587834, 0.7500000000000006661, 4.435461913262235711 ) ) ;
#1672 = ORIENTED_EDGE ( 'NONE', *, *, #2749, .T. ) ;
#1673 = CARTESIAN_POINT ( 'NONE',  ( 0.000000000000000000, 15.50000000000000000, -5.500000000000000000 ) ) ;
#1674 = CARTESIAN_POINT ( 'NONE',  ( 13.40268498030150823, 0.7500000000000006661, -14.01678513138350013 ) ) ;
#1675 = FACE_OUTER_BOUND ( 'NONE', #2133, .T. ) ;
#1676 = ORIENTED_EDGE ( 'NONE', *, *, #941, .F. ) ;
#1677 = EDGE_CURVE ( 'NONE', #865, #4783, #864, .T. ) ;
#1678 = ORIENTED_EDGE ( 'NONE', *, *, #3297, .T. ) ;
#1679 = VERTEX_POINT ( 'NONE', #4614 ) ;
#1680 = CARTESIAN_POINT ( 'NONE',  ( 16.81171633241360652, 0.000000000000000000, -7.380272627690042775 ) ) ;
#1681 = DIRECTION ( 'NONE',  ( -0.000000000000000000, -1.000000000000000000, -0.000000000000000000 ) ) ;
#1682 = EDGE_LOOP ( 'NONE', ( #2417, #1753, #4154, #536 ) ) ;
#1683 = CARTESIAN_POINT ( 'NONE',  ( 20.00000000000003197, 17.50000000000000000, 3.484000922962643298E-14 ) ) ;
#1684 = DIRECTION ( 'NONE',  ( 0.8860318940314824143, -0.000000000000000000, 0.4636242905187172858 ) ) ;
#1685 = CARTESIAN_POINT ( 'NONE',  ( 17.82013048376738595, 17.50000000000000000, 9.079809994790986494 ) ) ;
#1686 = VECTOR ( 'NONE', #2742, 1000.000000000000000 ) ;
#1687 = CARTESIAN_POINT ( 'NONE',  ( -6.180339887498959683, 17.50000000000000000, 19.02113032590313679 ) ) ;
#1688 = CARTESIAN_POINT ( 'NONE',  ( -15.45506981067501684, 0.000000000000000000, -9.470878960739288033 ) ) ;
#1689 = CARTESIAN_POINT ( 'NONE',  ( -9.919341075652157613, 0.000000000000000000, -15.45020720655398883 ) ) ;
#1690 = VERTEX_POINT ( 'NONE', #3280 ) ;
#1691 = AXIS2_PLACEMENT_3D ( 'NONE', #2888, #831, #1275 ) ;
#1692 = EDGE_CURVE ( 'NONE', #4679, #4596, #2457, .T. ) ;
#1693 = CYLINDRICAL_SURFACE ( 'NONE', #1094, 0.7499999999999985567 ) ;
#1694 = VERTEX_POINT ( 'NONE', #1250 ) ;
#1695 = DIRECTION ( 'NONE',  ( -0.6993986216886699525, -0.000000000000000000, -0.7147318154244910460 ) ) ;
#1696 = CARTESIAN_POINT ( 'NONE',  ( 11.75570504584948139, 17.50000000000000000, -16.18033988749894192 ) ) ;
#1697 = VECTOR ( 'NONE', #1017, 1000.000000000000000 ) ;
#1698 = DIRECTION ( 'NONE',  ( 0.000000000000000000, -1.000000000000000000, 0.000000000000000000 ) ) ;
#1699 = ORIENTED_EDGE ( 'NONE', *, *, #3669, .T. ) ;
#1700 = VECTOR ( 'NONE', #246, 1000.000000000000114 ) ;
#1701 = ORIENTED_EDGE ( 'NONE', *, *, #5021, .F. ) ;
#1702 = ORIENTED_EDGE ( 'NONE', *, *, #3463, .T. ) ;
#1703 = CARTESIAN_POINT ( 'NONE',  ( 16.18033988749897389, 0.7500000000000006661, 11.75570504584951870 ) ) ;
#1704 = ADVANCED_FACE ( 'NONE', ( #2407 ), #2510, .F. ) ;
#1705 = VECTOR ( 'NONE', #5255, 1000.000000000000000 ) ;
#1706 = LINE ( 'NONE', #4168, #3864 ) ;
#1707 = EDGE_LOOP ( 'NONE', ( #303, #4751, #671, #3722 ) ) ;
#1708 = CARTESIAN_POINT ( 'NONE',  ( 6.938745187938080563E-16, -0.6952007619927221826, 15.93575425059469453 ) ) ;
#1709 = CARTESIAN_POINT ( 'NONE',  ( -11.75570504584948850, 0.7500000000000006661, -16.18033988749894192 ) ) ;
#1710 = CARTESIAN_POINT ( 'NONE',  ( -4.435461913262213507, 0.3106601717798219142, -18.47502848755585347 ) ) ;
#1711 = CARTESIAN_POINT ( 'NONE',  ( 0.000000000000000000, -1.000000000000000000, 18.00000000000000000 ) ) ;
#1712 = FACE_OUTER_BOUND ( 'NONE', #2190, .T. ) ;
#1713 = CARTESIAN_POINT ( 'NONE',  ( 12.33951291827350616, 0.7500000000000006661, 14.44771334640063465 ) ) ;
#1714 = DIRECTION ( 'NONE',  ( -0.01084220526784811754, 0.000000000000000000, 0.9999412215650127500 ) ) ;
#1715 = EDGE_CURVE ( 'NONE', #2031, #4113, #4538, .T. ) ;
#1716 = ORIENTED_EDGE ( 'NONE', *, *, #586, .T. ) ;
#1717 = ORIENTED_EDGE ( 'NONE', *, *, #4465, .F. ) ;
#1718 = EDGE_CURVE ( 'NONE', #722, #939, #1649, .T. ) ;
#1719 = ADVANCED_FACE ( 'NONE', ( #5373 ), #3778, .T. ) ;
#1720 = AXIS2_PLACEMENT_3D ( 'NONE', #1896, #4757, #146 ) ;
#1721 = FACE_OUTER_BOUND ( 'NONE', #555, .T. ) ;
#1722 = ORIENTED_EDGE ( 'NONE', *, *, #4124, .F. ) ;
#1723 = CARTESIAN_POINT ( 'NONE',  ( 0.000000000000000000, 15.50000000000000000, 0.000000000000000000 ) ) ;
#1724 = ORIENTED_EDGE ( 'NONE', *, *, #4040, .F. ) ;
#1725 = VECTOR ( 'NONE', #1284, 999.9999999999998863 ) ;
#1726 = VERTEX_POINT ( 'NONE', #4592 ) ;
#1727 = ADVANCED_FACE ( 'NONE', ( #859 ), #330, .F. ) ;
#1728 = ORIENTED_EDGE ( 'NONE', *, *, #3585, .F. ) ;
#1729 = AXIS2_PLACEMENT_3D ( 'NONE', #549, #4640, #2209 ) ;
#1730 = VERTEX_POINT ( 'NONE', #443 ) ;
#1731 = LINE ( 'NONE', #1309, #3379 ) ;
#1732 = EDGE_CURVE ( 'NONE', #684, #803, #37, .T. ) ;
#1733 = FACE_OUTER_BOUND ( 'NONE', #333, .T. ) ;
#1734 = CARTESIAN_POINT ( 'NONE',  ( -11.75570504584948672, 0.7500000000000006661, 16.18033988749900942 ) ) ;
#1735 = ORIENTED_EDGE ( 'NONE', *, *, #447, .T. ) ;
#1736 = LINE ( 'NONE', #4217, #3103 ) ;
#1737 = LINE ( 'NONE', #3838, #967 ) ;
#1738 = EDGE_CURVE ( 'NONE', #785, #1972, #4733, .T. ) ;
#1739 = DIRECTION ( 'NONE',  ( 0.000000000000000000, 0.000000000000000000, 1.000000000000000000 ) ) ;
#1740 = FACE_OUTER_BOUND ( 'NONE', #1488, .T. ) ;
#1741 = LINE ( 'NONE', #5066, #335 ) ;
#1742 = LINE ( 'NONE', #2554, #4813 ) ;
#1743 =( BOUNDED_CURVE ( )  B_SPLINE_CURVE ( 3, ( #4309, #3435, #5151, #962 ),
 .UNSPECIFIED., .F., .T. ) 
 B_SPLINE_CURVE_WITH_KNOTS ( ( 4, 4 ),
 ( 4.712388980384689674, 6.283185307179586232 ),
 .UNSPECIFIED. ) 
 CURVE ( )  GEOMETRIC_REPRESENTATION_ITEM ( )  RATIONAL_B_SPLINE_CURVE ( ( 1.000000000000000000, 0.8047378541243649375, 0.8047378541243649375, 1.000000000000000000 ) ) 
 REPRESENTATION_ITEM ( '' )  );
#1744 = CARTESIAN_POINT ( 'NONE',  ( 1.490722818829057772, 0.3106601717798219142, -18.94142934092942809 ) ) ;
#1745 = VERTEX_POINT ( 'NONE', #1300 ) ;
#1746 = VERTEX_POINT ( 'NONE', #4697 ) ;
#1747 = VECTOR ( 'NONE', #3647, 1000.000000000000000 ) ;
#1748 = DIRECTION ( 'NONE',  ( -0.6993986216886685092, -0.000000000000000000, 0.7147318154244923782 ) ) ;
#1749 = VERTEX_POINT ( 'NONE', #160 ) ;
#1750 = CARTESIAN_POINT ( 'NONE',  ( -3.128689300804623930, 0.7500000000000006661, 19.75376681190282113 ) ) ;
#1751 = DIRECTION ( 'NONE',  ( 0.4636242905187166752, -0.000000000000000000, 0.8860318940314827474 ) ) ;
#1752 = ORIENTED_EDGE ( 'NONE', *, *, #2531, .F. ) ;
#1753 = ORIENTED_EDGE ( 'NONE', *, *, #5148, .F. ) ;
#1754 = ORIENTED_EDGE ( 'NONE', *, *, #1568, .T. ) ;
#1755 = CARTESIAN_POINT ( 'NONE',  ( -11.75570504584948850, 17.50000000000000000, -16.18033988749894192 ) ) ;
#1756 = ADVANCED_BREP_SHAPE_REPRESENTATION ( 'bouton', ( #3522, #1515 ), #904 ) ;
#1757 = EDGE_CURVE ( 'NONE', #3432, #4132, #2535, .T. ) ;
#1758 = ADVANCED_FACE ( 'NONE', ( #3386 ), #3409, .T. ) ;
#1759 = CARTESIAN_POINT ( 'NONE',  ( -9.927472729603044499, 0.7500000000000006661, 16.20016312272780468 ) ) ;
#1760 = CARTESIAN_POINT ( 'NONE',  ( 16.18033988749897389, 17.50000000000000000, -11.75570504584944764 ) ) ;
#1761 = VERTEX_POINT ( 'NONE', #3851 ) ;
#1762 = CARTESIAN_POINT ( 'NONE',  ( -3.128689300804341933, 0.7500000000000006661, -19.75376681190280337 ) ) ;
#1763 = CARTESIAN_POINT ( 'NONE',  ( 16.18033988749897389, 0.7500000000000006661, 11.75570504584951870 ) ) ;
#1764 = VECTOR ( 'NONE', #1365, 1000.000000000000114 ) ;
#1765 = LINE ( 'NONE', #3427, #2982 ) ;
#1766 = LINE ( 'NONE', #3815, #5381 ) ;
#1767 = DIRECTION ( 'NONE',  ( -0.000000000000000000, -1.000000000000000000, -0.000000000000000000 ) ) ;
#1768 = DIRECTION ( 'NONE',  ( 0.9543510403658654884, 0.000000000000000000, 0.2986872808684530312 ) ) ;
#1769 = ORIENTED_EDGE ( 'NONE', *, *, #2600, .F. ) ;
#1770 = EDGE_CURVE ( 'NONE', #5184, #200, #112, .T. ) ;
#1771 = EDGE_LOOP ( 'NONE', ( #5111, #3008, #4815, #4675 ) ) ;
#1772 = FACE_OUTER_BOUND ( 'NONE', #3448, .T. ) ;
#1773 = ORIENTED_EDGE ( 'NONE', *, *, #2096, .T. ) ;
#1774 = DIRECTION ( 'NONE',  ( 0.4443033392582322327, 0.000000000000000000, 0.8958764104071409440 ) ) ;
#1775 = FACE_OUTER_BOUND ( 'NONE', #4867, .T. ) ;
#1776 = CARTESIAN_POINT ( 'NONE',  ( 3.603089355156714376E-15, 15.00000000000000178, 1.734723475976807094E-15 ) ) ;
#1777 = VERTEX_POINT ( 'NONE', #1828 ) ;
#1778 = AXIS2_PLACEMENT_3D ( 'NONE', #1371, #3020, #961 ) ;
#1779 = CARTESIAN_POINT ( 'NONE',  ( 3.128689300804621709, 0.7500000000000006661, 19.75376681190282468 ) ) ;
#1780 = TOROIDAL_SURFACE ( 'NONE', #2475, 17.49999999999999645, 0.5000000000000000000 ) ;
#1781 = VERTEX_POINT ( 'NONE', #1750 ) ;
#1782 = VERTEX_POINT ( 'NONE', #3072 ) ;
#1783 = LINE ( 'NONE', #3468, #2425 ) ;
#1784 = ADVANCED_FACE ( 'NONE', ( #2585 ), #1372, .T. ) ;
#1785 = AXIS2_PLACEMENT_3D ( 'NONE', #5364, #1637, #4965 ) ;
#1786 = ADVANCED_FACE ( 'NONE', ( #522 ), #4278, .F. ) ;
#1787 = ADVANCED_FACE ( 'NONE', ( #2968 ), #3800, .F. ) ;
#1788 = ADVANCED_FACE ( 'NONE', ( #1775 ), #1347, .F. ) ;
#1789 = FACE_OUTER_BOUND ( 'NONE', #3883, .T. ) ;
#1790 = EDGE_LOOP ( 'NONE', ( #590, #1249, #2540, #2814 ) ) ;
#1791 = PLANE ( 'NONE',  #1130 ) ;
#1792 = CARTESIAN_POINT ( 'NONE',  ( 4.350962353431359730, 6.774231092096921299E-16, -18.12306249041967376 ) ) ;
#1793 = LINE ( 'NONE', #4631, #5002 ) ;
#1794 = FACE_OUTER_BOUND ( 'NONE', #5047, .T. ) ;
#1795 = DIRECTION ( 'NONE',  ( 1.000000000000000000, 0.000000000000000000, -0.000000000000000000 ) ) ;
#1796 = LINE ( 'NONE', #3948, #5249 ) ;
#1797 = CARTESIAN_POINT ( 'NONE',  ( 0.000000000000000000, 0.000000000000000000, 18.00000000000000000 ) ) ;
#1798 = VECTOR ( 'NONE', #4539, 1000.000000000000000 ) ;
#1799 = ORIENTED_EDGE ( 'NONE', *, *, #3627, .F. ) ;
#1800 = DIRECTION ( 'NONE',  ( 0.3193103808106292907, 0.000000000000000000, -0.9476501889972749337 ) ) ;
#1801 = CARTESIAN_POINT ( 'NONE',  ( -18.65876059498101469, 6.782361035846846955E-16, -6.062598824603718128 ) ) ;
#1802 = CARTESIAN_POINT ( 'NONE',  ( -6.180339887498959683, 0.7500000000000006661, 19.02113032590313679 ) ) ;
#1803 = DIRECTION ( 'NONE',  ( 0.000000000000000000, -1.000000000000000000, 0.000000000000000000 ) ) ;
#1804 = EDGE_CURVE ( 'NONE', #1233, #44, #2677, .T. ) ;
#1805 = FACE_OUTER_BOUND ( 'NONE', #4860, .T. ) ;
#1806 = DIRECTION ( 'NONE',  ( -1.000000000000000000, 0.000000000000000000, 0.000000000000000000 ) ) ;
#1807 = ORIENTED_EDGE ( 'NONE', *, *, #3116, .F. ) ;
#1808 = ORIENTED_EDGE ( 'NONE', *, *, #4465, .T. ) ;
#1809 = ORIENTED_EDGE ( 'NONE', *, *, #4979, .T. ) ;
#1810 = EDGE_CURVE ( 'NONE', #4960, #3528, #4721, .T. ) ;
#1811 = ORIENTED_EDGE ( 'NONE', *, *, #5356, .F. ) ;
#1812 = VECTOR ( 'NONE', #2094, 1000.000000000000000 ) ;
#1813 = AXIS2_PLACEMENT_3D ( 'NONE', #634, #2286, #3955 ) ;
#1814 = DIRECTION ( 'NONE',  ( -0.6993986216886716178, -0.000000000000000000, 0.7147318154244893806 ) ) ;
#1815 = ORIENTED_EDGE ( 'NONE', *, *, #874, .T. ) ;
#1816 = CARTESIAN_POINT ( 'NONE',  ( -18.58057798583384468, 5.698158863361341534E-16, 1.462323201273084239 ) ) ;
#1817 = CARTESIAN_POINT ( 'NONE',  ( -20.00000000000003553, 17.50000000000000000, 3.589030062008058859E-14 ) ) ;
#1818 = CIRCLE ( 'NONE', #3389, 15.49999999999998401 ) ;
#1819 = PLANE ( 'NONE',  #3507 ) ;
#1820 = CARTESIAN_POINT ( 'NONE',  ( 9.079809994790950967, 0.7500000000000006661, -17.82013048376735753 ) ) ;
#1821 = CARTESIAN_POINT ( 'NONE',  ( 7.380272627690070308, 0.000000000000000000, 16.81171633241363494 ) ) ;
#1822 = CYLINDRICAL_SURFACE ( 'NONE', #1420, 0.7499999999999991118 ) ;
#1823 = LINE ( 'NONE', #903, #1924 ) ;
#1824 = ORIENTED_EDGE ( 'NONE', *, *, #418, .T. ) ;
#1825 = EDGE_CURVE ( 'NONE', #2963, #442, #1743, .T. ) ;
#1826 = FACE_OUTER_BOUND ( 'NONE', #1086, .T. ) ;
#1827 = CARTESIAN_POINT ( 'NONE',  ( 12.33951291827350616, 0.7500000000000006661, -14.44771334640057958 ) ) ;
#1828 = CARTESIAN_POINT ( 'NONE',  ( -5.896087816609064447, 0.000000000000000000, -18.14629240691719403 ) ) ;
#1829 = CARTESIAN_POINT ( 'NONE',  ( 19.08185950409743015, 0.7500000000000006661, 3.461916805248330231 ) ) ;
#1830 = VERTEX_POINT ( 'NONE', #3876 ) ;
#1831 = EDGE_CURVE ( 'NONE', #3620, #3253, #136, .T. ) ;
#1832 = ORIENTED_EDGE ( 'NONE', *, *, #3818, .T. ) ;
#1833 = ORIENTED_EDGE ( 'NONE', *, *, #874, .F. ) ;
#1834 = DIRECTION ( 'NONE',  ( -0.5965222315134229847, -0.000000000000000000, 0.8025965532633728694 ) ) ;
#1835 = EDGE_CURVE ( 'NONE', #2607, #3620, #3459, .T. ) ;
#1836 = ORIENTED_EDGE ( 'NONE', *, *, #4687, .F. ) ;
#1837 = CARTESIAN_POINT ( 'NONE',  ( -18.07025710545692476, 0.000000000000000000, 1.422160076959179342 ) ) ;
#1838 = CARTESIAN_POINT ( 'NONE',  ( -17.10631944407940708, 0.000000000000000000, -6.669037799989156134 ) ) ;
#1839 = ORIENTED_EDGE ( 'NONE', *, *, #3031, .T. ) ;
#1840 = ORIENTED_EDGE ( 'NONE', *, *, #5102, .F. ) ;
#1841 = LINE ( 'NONE', #2304, #1266 ) ;
#1842 = CARTESIAN_POINT ( 'NONE',  ( -19.75376681190278916, 0.7500000000000006661, 3.128689300804659013 ) ) ;
#1843 = CARTESIAN_POINT ( 'NONE',  ( 18.47502848755587834, 0.7500000000000006661, 4.435461913262236600 ) ) ;
#1844 = FACE_OUTER_BOUND ( 'NONE', #4346, .T. ) ;
#1845 = CARTESIAN_POINT ( 'NONE',  ( -13.49169707002270790, 0.000000000000000000, 13.49169707002274166 ) ) ;
#1846 = ORIENTED_EDGE ( 'NONE', *, *, #5251, .F. ) ;
#1847 = CIRCLE ( 'NONE', #2542, 3.049999999999999822 ) ;
#1848 =( BOUNDED_CURVE ( )  B_SPLINE_CURVE ( 3, ( #2755, #4418, #1939, #3602 ),
 .UNSPECIFIED., .F., .T. ) 
 B_SPLINE_CURVE_WITH_KNOTS ( ( 4, 4 ),
 ( 0.000000000000000000, 1.570796326794896558 ),
 .UNSPECIFIED. ) 
 CURVE ( )  GEOMETRIC_REPRESENTATION_ITEM ( )  RATIONAL_B_SPLINE_CURVE ( ( 1.000000000000000000, 0.8047378541243649375, 0.8047378541243649375, 1.000000000000000000 ) ) 
 REPRESENTATION_ITEM ( '' )  );
#1849 = EDGE_CURVE ( 'NONE', #4896, #3491, #2561, .T. ) ;
#1850 = EDGE_CURVE ( 'NONE', #4596, #788, #4231, .T. ) ;
#1851 = CARTESIAN_POINT ( 'NONE',  ( 7.270985214936714236, 0.3106601717798219142, 17.55371111771449932 ) ) ;
#1852 = DIRECTION ( 'NONE',  ( -0.8153423299809067215, -0.000000000000000000, -0.5789791748770470869 ) ) ;
#1853 = CARTESIAN_POINT ( 'NONE',  ( -16.20016312272777981, 17.50000000000000000, -9.927472729603010748 ) ) ;
#1854 = LINE ( 'NONE', #3931, #5156 ) ;
#1855 = ORIENTED_EDGE ( 'NONE', *, *, #447, .F. ) ;
#1856 = CARTESIAN_POINT ( 'NONE',  ( 0.000000000000000000, 3.500000000000020428, 0.000000000000000000 ) ) ;
#1857 = CARTESIAN_POINT ( 'NONE',  ( -19.02113032590310837, 0.3106601717798219142, 6.180339887498994322 ) ) ;
#1858 = ORIENTED_EDGE ( 'NONE', *, *, #1343, .F. ) ;
#1859 = CARTESIAN_POINT ( 'NONE',  ( -3.469446951953613794E-15, 0.9999999999999998890, 10.50000000000000178 ) ) ;
#1860 = CARTESIAN_POINT ( 'NONE',  ( -18.57373865226804099, 0.000000000000000000, 5.578392472551464643 ) ) ;
#1861 = ORIENTED_EDGE ( 'NONE', *, *, #2025, .F. ) ;
#1862 = VECTOR ( 'NONE', #4008, 1000.000000000000000 ) ;
#1863 = VERTEX_POINT ( 'NONE', #3901 ) ;
#1864 = CARTESIAN_POINT ( 'NONE',  ( -13.87271515329467242, 5.698158863361341534E-16, -13.87271515329463512 ) ) ;
#1865 = AXIS2_PLACEMENT_3D ( 'NONE', #631, #3978, #2661 ) ;
#1866 = CARTESIAN_POINT ( 'NONE',  ( -3.128689300804341933, 17.50000000000000000, -19.75376681190280337 ) ) ;
#1867 = EDGE_LOOP ( 'NONE', ( #2861, #1328, #2362, #2884 ) ) ;
#1868 = ORIENTED_EDGE ( 'NONE', *, *, #5193, .F. ) ;
#1869 = ORIENTED_EDGE ( 'NONE', *, *, #319, .F. ) ;
#1870 = PLANE ( 'NONE',  #5082 ) ;
#1871 = FACE_BOUND ( 'NONE', #4587, .T. ) ;
#1872 = DIRECTION ( 'NONE',  ( 0.8958764104071391676, 0.000000000000000000, 0.4443033392582361740 ) ) ;
#1873 = LINE ( 'NONE', #3536, #4563 ) ;
#1874 = CARTESIAN_POINT ( 'NONE',  ( 15.45506981067500973, 0.000000000000000000, 9.470878960739346653 ) ) ;
#1875 = EDGE_LOOP ( 'NONE', ( #1773, #1603, #4664, #3285 ) ) ;
#1876 = LINE ( 'NONE', #607, #2562 ) ;
#1877 = EDGE_CURVE ( 'NONE', #5192, #4226, #4668, .T. ) ;
#1878 = CARTESIAN_POINT ( 'NONE',  ( -9.079809994790956296, 0.7500000000000006661, -17.82013048376735398 ) ) ;
#1879 = FACE_OUTER_BOUND ( 'NONE', #3332, .T. ) ;
#1880 = VECTOR ( 'NONE', #4838, 1000.000000000000000 ) ;
#1881 = CARTESIAN_POINT ( 'NONE',  ( 19.02113032590310482, 17.50000000000000000, -6.180339887498925044 ) ) ;
#1882 = VERTEX_POINT ( 'NONE', #184 ) ;
#1883 = ADVANCED_FACE ( 'NONE', ( #1879 ), #2664, .F. ) ;
#1884 = VERTEX_POINT ( 'NONE', #1499 ) ;
#1885 =( BOUNDED_CURVE ( )  B_SPLINE_CURVE ( 3, ( #1301, #1323, #5075, #4255 ),
 .UNSPECIFIED., .F., .T. ) 
 B_SPLINE_CURVE_WITH_KNOTS ( ( 4, 4 ),
 ( 4.712388980384689674, 6.283185307179586232 ),
 .UNSPECIFIED. ) 
 CURVE ( )  GEOMETRIC_REPRESENTATION_ITEM ( )  RATIONAL_B_SPLINE_CURVE ( ( 1.000000000000000000, 0.8047378541243649375, 0.8047378541243649375, 1.000000000000000000 ) ) 
 REPRESENTATION_ITEM ( '' )  );
#1886 = CARTESIAN_POINT ( 'NONE',  ( 1.898202538678395585E-15, 1.500000000000001332, -15.49999999999998579 ) ) ;
#1887 = ORIENTED_EDGE ( 'NONE', *, *, #5154, .F. ) ;
#1888 = CARTESIAN_POINT ( 'NONE',  ( 4.231461929904018149, 0.000000000000000000, -17.62530740377553329 ) ) ;
#1889 = VERTEX_POINT ( 'NONE', #3930 ) ;
#1890 = DIRECTION ( 'NONE',  ( -0.4636242905187136221, 0.000000000000000000, -0.8860318940314843017 ) ) ;
#1891 = ORIENTED_EDGE ( 'NONE', *, *, #2123, .F. ) ;
#1892 = EDGE_CURVE ( 'NONE', #1320, #5212, #2261, .T. ) ;
#1893 = ADVANCED_FACE ( 'NONE', ( #4417 ), #688, .T. ) ;
#1894 = AXIS2_PLACEMENT_3D ( 'NONE', #3942, #3084, #646 ) ;
#1895 = EDGE_LOOP ( 'NONE', ( #2885, #629, #4479, #1177 ) ) ;
#1896 = CARTESIAN_POINT ( 'NONE',  ( -13.40268498030150823, 0.7500000000000006661, 14.01678513138357118 ) ) ;
#1897 = CARTESIAN_POINT ( 'NONE',  ( 14.01678513138353210, 0.7500000000000006661, -13.40268498030147271 ) ) ;
#1898 = ORIENTED_EDGE ( 'NONE', *, *, #1305, .T. ) ;
#1899 = VECTOR ( 'NONE', #641, 1000.000000000000114 ) ;
#1900 = ORIENTED_EDGE ( 'NONE', *, *, #1280, .F. ) ;
#1901 = EDGE_CURVE ( 'NONE', #4505, #465, #3100, .T. ) ;
#1902 = FACE_OUTER_BOUND ( 'NONE', #194, .T. ) ;
#1903 = CARTESIAN_POINT ( 'NONE',  ( -7.270985214936714236, 17.50000000000000000, 17.55371111771449577 ) ) ;
#1904 = CARTESIAN_POINT ( 'NONE',  ( -11.75570504584948850, 0.7500000000000006661, -16.18033988749894192 ) ) ;
#1905 = FACE_OUTER_BOUND ( 'NONE', #113, .T. ) ;
#1906 = VECTOR ( 'NONE', #662, 1000.000000000000114 ) ;
#1907 = FACE_OUTER_BOUND ( 'NONE', #5157, .T. ) ;
#1908 = ORIENTED_EDGE ( 'NONE', *, *, #1626, .T. ) ;
#1909 = ADVANCED_FACE ( 'NONE', ( #1475 ), #2694, .F. ) ;
#1910 = LINE ( 'NONE', #5173, #5093 ) ;
#1911 = FACE_OUTER_BOUND ( 'NONE', #4384, .T. ) ;
#1912 = DIRECTION ( 'NONE',  ( -0.7147318154244919342, 0.000000000000000000, 0.6993986216886689533 ) ) ;
#1913 = CARTESIAN_POINT ( 'NONE',  ( 13.49169707002270613, 0.000000000000000000, -13.49169707002267593 ) ) ;
#1914 = ORIENTED_EDGE ( 'NONE', *, *, #1240, .F. ) ;
#1915 = ORIENTED_EDGE ( 'NONE', *, *, #3026, .T. ) ;
#1916 = LINE ( 'NONE', #1507, #2740 ) ;
#1917 = EDGE_LOOP ( 'NONE', ( #3755, #5133, #4420, #584 ) ) ;
#1918 = CARTESIAN_POINT ( 'NONE',  ( 17.82013048376738595, 0.7500000000000006661, -9.079809994790915439 ) ) ;
#1919 = FACE_OUTER_BOUND ( 'NONE', #141, .T. ) ;
#1920 = AXIS2_PLACEMENT_3D ( 'NONE', #3734, #1601, #1986 ) ;
#1921 = FACE_OUTER_BOUND ( 'NONE', #2707, .T. ) ;
#1922 = ORIENTED_EDGE ( 'NONE', *, *, #4219, .T. ) ;
#1923 =( BOUNDED_CURVE ( )  B_SPLINE_CURVE ( 3, ( #1918, #304, #1143, #4484 ),
 .UNSPECIFIED., .F., .T. ) 
 B_SPLINE_CURVE_WITH_KNOTS ( ( 4, 4 ),
 ( 0.000000000000000000, 1.570796326794896558 ),
 .UNSPECIFIED. ) 
 CURVE ( )  GEOMETRIC_REPRESENTATION_ITEM ( )  RATIONAL_B_SPLINE_CURVE ( ( 1.000000000000000000, 0.8047378541243649375, 0.8047378541243649375, 1.000000000000000000 ) ) 
 REPRESENTATION_ITEM ( '' )  );
#1924 = VECTOR ( 'NONE', #494, 1000.000000000000114 ) ;
#1925 = ORIENTED_EDGE ( 'NONE', *, *, #3017, .F. ) ;
#1926 = CYLINDRICAL_SURFACE ( 'NONE', #3641, 0.7500000000000001110 ) ;
#1927 = CARTESIAN_POINT ( 'NONE',  ( -3.278079678960435913E-16, 7.312267206464711674E-16, -19.61898191672803904 ) ) ;
#1928 = VERTEX_POINT ( 'NONE', #5209 ) ;
#1929 = EDGE_CURVE ( 'NONE', #4050, #4773, #4858, .T. ) ;
#1930 = CARTESIAN_POINT ( 'NONE',  ( -14.44771334640061156, 0.3106601717798219142, -12.33951291827347774 ) ) ;
#1931 = DIRECTION ( 'NONE',  ( 0.5789791748770481972, 0.000000000000000000, 0.8153423299809059444 ) ) ;
#1932 = CARTESIAN_POINT ( 'NONE',  ( -20.00000000000003553, 17.50000000000000000, 3.589030062008058859E-14 ) ) ;
#1933 = FACE_BOUND ( 'NONE', #5132, .T. ) ;
#1934 = ORIENTED_EDGE ( 'NONE', *, *, #3365, .T. ) ;
#1935 = DIRECTION ( 'NONE',  ( 0.1671339897965873900, 0.000000000000000000, 0.9859341912392906027 ) ) ;
#1936 = DIRECTION ( 'NONE',  ( 0.9476501889972755999, 0.000000000000000000, 0.3193103808106271813 ) ) ;
#1937 = DIRECTION ( 'NONE',  ( 0.4636242905187152319, 0.000000000000000000, 0.8860318940314835245 ) ) ;
#1938 = EDGE_CURVE ( 'NONE', #3608, #1726, #3573, .T. ) ;
#1939 = CARTESIAN_POINT ( 'NONE',  ( 6.062598824603750991, 6.774231092096921299E-16, 18.65876059498104667 ) ) ;
#1940 = ORIENTED_EDGE ( 'NONE', *, *, #2346, .T. ) ;
#1941 = CIRCLE ( 'NONE', #3058, 17.50000000000000355 ) ;
#1942 = ORIENTED_EDGE ( 'NONE', *, *, #3756, .T. ) ;
#1943 = ADVANCED_FACE ( 'NONE', ( #4362 ), #3126, .T. ) ;
#1944 = DIRECTION ( 'NONE',  ( 0.5965222315134260933, -0.000000000000000000, 0.8025965532633706490 ) ) ;
#1945 = ORIENTED_EDGE ( 'NONE', *, *, #4079, .T. ) ;
#1946 = DIRECTION ( 'NONE',  ( 0.5965222315134237618, 0.000000000000000000, -0.8025965532633724253 ) ) ;
#1947 = CARTESIAN_POINT ( 'NONE',  ( 10.87150850118938727, -0.6952007619927221826, 15.93575425059469097 ) ) ;
#1948 = CARTESIAN_POINT ( 'NONE',  ( 16.74636413877164287, 0.000000000000000000, 6.936571146717677827 ) ) ;
#1949 = ORIENTED_EDGE ( 'NONE', *, *, #5193, .T. ) ;
#1950 = AXIS2_PLACEMENT_3D ( 'NONE', #4583, #2199, #2497 ) ;
#1951 = EDGE_LOOP ( 'NONE', ( #383, #2832, #5246 ) ) ;
#1952 =( BOUNDED_CURVE ( )  B_SPLINE_CURVE ( 3, ( #3316, #4676, #425, #2519 ),
 .UNSPECIFIED., .F., .T. ) 
 B_SPLINE_CURVE_WITH_KNOTS ( ( 4, 4 ),
 ( 0.000000000000000000, 1.570796326794896558 ),
 .UNSPECIFIED. ) 
 CURVE ( )  GEOMETRIC_REPRESENTATION_ITEM ( )  RATIONAL_B_SPLINE_CURVE ( ( 1.000000000000000000, 0.8047378541243649375, 0.8047378541243649375, 1.000000000000000000 ) ) 
 REPRESENTATION_ITEM ( '' )  );
#1953 = EDGE_CURVE ( 'NONE', #839, #260, #4342, .T. ) ;
#1954 = ORIENTED_EDGE ( 'NONE', *, *, #2817, .T. ) ;
#1955 = CARTESIAN_POINT ( 'NONE',  ( 19.38849325251435118, 0.7500000000000006661, -0.4342343811577495383 ) ) ;
#1956 = CARTESIAN_POINT ( 'NONE',  ( 15.43615830453686044, 0.000000000000000000, 11.21502547726919019 ) ) ;
#1957 = VECTOR ( 'NONE', #4911, 1000.000000000000114 ) ;
#1958 = ORIENTED_EDGE ( 'NONE', *, *, #4197, .F. ) ;
#1959 = ADVANCED_FACE ( 'NONE', ( #3185, #2753 ), #1135, .F. ) ;
#1960 = EDGE_CURVE ( 'NONE', #2257, #2344, #4009, .T. ) ;
#1961 = ORIENTED_EDGE ( 'NONE', *, *, #4725, .T. ) ;
#1962 = VECTOR ( 'NONE', #3384, 1000.000000000000114 ) ;
#1963 = CYLINDRICAL_SURFACE ( 'NONE', #2124, 3.049999999999999822 ) ;
#1964 = LINE ( 'NONE', #2147, #55 ) ;
#1965 = CARTESIAN_POINT ( 'NONE',  ( 3.630042101415016913E-16, 1.000000000000000000, 13.34374425752157833 ) ) ;
#1966 = CARTESIAN_POINT ( 'NONE',  ( -17.82013048376738951, 17.50000000000000000, -9.079809994790915439 ) ) ;
#1967 = AXIS2_PLACEMENT_3D ( 'NONE', #3105, #3635, #1427 ) ;
#1968 = DIRECTION ( 'NONE',  ( -0.9476501889972759329, 0.000000000000000000, -0.3193103808106264596 ) ) ;
#1969 = CARTESIAN_POINT ( 'NONE',  ( -15.85244490483874280, 0.000000000000000000, -9.262948809079398771 ) ) ;
#1970 = CARTESIAN_POINT ( 'NONE',  ( -11.75570504584948850, 17.50000000000000000, -16.18033988749894192 ) ) ;
#1971 = DIRECTION ( 'NONE',  ( 0.8958764104071422762, 0.000000000000000000, -0.4443033392582295682 ) ) ;
#1972 = VERTEX_POINT ( 'NONE', #1074 ) ;
#1973 = ORIENTED_EDGE ( 'NONE', *, *, #2024, .F. ) ;
#1974 = VECTOR ( 'NONE', #679, 1000.000000000000114 ) ;
#1975 = ADVANCED_FACE ( 'NONE', ( #3980 ), #717, .F. ) ;
#1976 = CARTESIAN_POINT ( 'NONE',  ( 1.490722818829056884, 17.50000000000000000, -18.94142934092942809 ) ) ;
#1977 = ORIENTED_EDGE ( 'NONE', *, *, #4734, .F. ) ;
#1978 = DIRECTION ( 'NONE',  ( -0.5965222315135666475, 0.000000000000000000, 0.8025965532632660659 ) ) ;
#1979 = ORIENTED_EDGE ( 'NONE', *, *, #5102, .T. ) ;
#1980 = LINE ( 'NONE', #2762, #2358 ) ;
#1981 = ORIENTED_EDGE ( 'NONE', *, *, #4294, .F. ) ;
#1982 = EDGE_CURVE ( 'NONE', #4376, #2979, #1531, .T. ) ;
#1983 = ORIENTED_EDGE ( 'NONE', *, *, #1376, .T. ) ;
#1984 = VERTEX_POINT ( 'NONE', #2372 ) ;
#1985 = FACE_OUTER_BOUND ( 'NONE', #17, .T. ) ;
#1986 = DIRECTION ( 'NONE',  ( 0.9859341912392897145, 0.000000000000000000, -0.1671339897965926080 ) ) ;
#1987 = EDGE_LOOP ( 'NONE', ( #2194, #3616, #4242, #1407 ) ) ;
#1988 = CIRCLE ( 'NONE', #5115, 5.896076596910249101 ) ;
#1989 = CARTESIAN_POINT ( 'NONE',  ( -16.20016312272777981, 17.50000000000000000, -9.927472729603010748 ) ) ;
#1990 = CARTESIAN_POINT ( 'NONE',  ( 1.422160076959149588, 0.000000000000000000, 18.07025710545694963 ) ) ;
#1991 = DIRECTION ( 'NONE',  ( 0.6993986216886696194, 0.000000000000000000, -0.7147318154244913790 ) ) ;
#1992 = SURFACE_SIDE_STYLE ('',( #2852 ) ) ;
#1993 = VECTOR ( 'NONE', #2056, 1000.000000000000227 ) ;
#1994 = CARTESIAN_POINT ( 'NONE',  ( 11.74757339189859273, 0.7500000000000006661, -15.43038397132518114 ) ) ;
#1995 = DIRECTION ( 'NONE',  ( 0.9476501889972736015, 0.000000000000000000, -0.3193103808106329544 ) ) ;
#1996 = CARTESIAN_POINT ( 'NONE',  ( -9.927472729603044499, 17.50000000000000000, 16.20016312272780468 ) ) ;
#1997 = DIRECTION ( 'NONE',  ( 0.7147318154244903798, -0.000000000000000000, 0.6993986216886706186 ) ) ;
#1998 = VERTEX_POINT ( 'NONE', #242 ) ;
#1999 = VECTOR ( 'NONE', #2858, 1000.000000000000000 ) ;
#2000 = EDGE_CURVE ( 'NONE', #4807, #2607, #294, .T. ) ;
#2001 = CARTESIAN_POINT ( 'NONE',  ( 14.14213562373097588, 17.50000000000000000, -14.14213562373094035 ) ) ;
#2002 = ORIENTED_EDGE ( 'NONE', *, *, #4142, .T. ) ;
#2003 = DIRECTION ( 'NONE',  ( 0.000000000000000000, 1.000000000000000000, 0.000000000000000000 ) ) ;
#2004 = DIRECTION ( 'NONE',  ( -0.9893263804011536156, -0.000000000000000000, 0.1457165503378109184 ) ) ;
#2005 = CARTESIAN_POINT ( 'NONE',  ( 17.55371111771447090, 0.7500000000000006661, 7.270985214936744434 ) ) ;
#2006 = ORIENTED_EDGE ( 'NONE', *, *, #827, .F. ) ;
#2007 = APPLICATION_CONTEXT ( 'automotive_design' ) ;
#2008 = ORIENTED_EDGE ( 'NONE', *, *, #3171, .T. ) ;
#2009 = CARTESIAN_POINT ( 'NONE',  ( 3.461916805248298701, 0.000000000000000000, -19.08185950409740173 ) ) ;
#2010 = EDGE_CURVE ( 'NONE', #3138, #3700, #512, .T. ) ;
#2011 = CARTESIAN_POINT ( 'NONE',  ( -9.927472729603048052, 17.50000000000000000, -16.20016312272774783 ) ) ;
#2012 = ORIENTED_EDGE ( 'NONE', *, *, #2010, .T. ) ;
#2013 = EDGE_LOOP ( 'NONE', ( #621, #3219, #1206, #4364 ) ) ;
#2014 = DIRECTION ( 'NONE',  ( -0.8153423299809086089, 0.000000000000000000, 0.5789791748770444224 ) ) ;
#2015 = CARTESIAN_POINT ( 'NONE',  ( 0.000000000000000000, 17.50000000000000000, -20.00000000000000000 ) ) ;
#2016 = CYLINDRICAL_SURFACE ( 'NONE', #2243, 0.7499999999999995559 ) ;
#2017 = CARTESIAN_POINT ( 'NONE',  ( -19.75376681190278916, 17.50000000000000000, 3.128689300804659013 ) ) ;
#2018 = CARTESIAN_POINT ( 'NONE',  ( 19.75376681190278561, 0.7500000000000006661, 3.128689300804657236 ) ) ;
#2019 = DIRECTION ( 'NONE',  ( -0.3193103808106281249, 0.000000000000000000, 0.9476501889972753778 ) ) ;
#2020 = CARTESIAN_POINT ( 'NONE',  ( -15.45020720655401547, 0.000000000000000000, 9.919341075652187811 ) ) ;
#2021 = CARTESIAN_POINT ( 'NONE',  ( 19.61898191672806746, 7.858433264582426719E-16, 3.428952559766229125E-14 ) ) ;
#2022 = EDGE_LOOP ( 'NONE', ( #4564, #1699, #5236, #2060 ) ) ;
#2023 = ORIENTED_EDGE ( 'NONE', *, *, #167, .T. ) ;
#2024 = EDGE_CURVE ( 'NONE', #3528, #4113, #4066, .T. ) ;
#2025 = EDGE_CURVE ( 'NONE', #1782, #3415, #4886, .T. ) ;
#2026 = DIRECTION ( 'NONE',  ( -0.3193103808106281249, -0.000000000000000000, 0.9476501889972753778 ) ) ;
#2027 = ORIENTED_EDGE ( 'NONE', *, *, #392, .F. ) ;
#2028 = DIRECTION ( 'NONE',  ( -0.1457165503378109461, 0.000000000000000000, -0.9893263804011537266 ) ) ;
#2029 = DIRECTION ( 'NONE',  ( -0.5789791748770458657, -0.000000000000000000, 0.8153423299809074987 ) ) ;
#2030 = LINE ( 'NONE', #5327, #4624 ) ;
#2031 = VERTEX_POINT ( 'NONE', #435 ) ;
#2032 = VECTOR ( 'NONE', #3014, 1000.000000000000114 ) ;
#2033 =( BOUNDED_CURVE ( )  B_SPLINE_CURVE ( 3, ( #3706, #396, #5353, #1956 ),
 .UNSPECIFIED., .F., .T. ) 
 B_SPLINE_CURVE_WITH_KNOTS ( ( 4, 4 ),
 ( 0.000000000000000000, 1.570796326794896558 ),
 .UNSPECIFIED. ) 
 CURVE ( )  GEOMETRIC_REPRESENTATION_ITEM ( )  RATIONAL_B_SPLINE_CURVE ( ( 1.000000000000000000, 0.8047378541243649375, 0.8047378541243649375, 1.000000000000000000 ) ) 
 REPRESENTATION_ITEM ( '' )  );
#2034 = ORIENTED_EDGE ( 'NONE', *, *, #137, .F. ) ;
#2035 = ORIENTED_EDGE ( 'NONE', *, *, #5277, .T. ) ;
#2036 = FACE_OUTER_BOUND ( 'NONE', #4106, .T. ) ;
#2037 = DIRECTION ( 'NONE',  ( 0.3193103808106303454, -0.000000000000000000, 0.9476501889972746007 ) ) ;
#2038 = AXIS2_PLACEMENT_3D ( 'NONE', #3064, #4716, #2657 ) ;
#2039 = EDGE_LOOP ( 'NONE', ( #1509, #1247, #5052, #2087 ) ) ;
#2040 = EDGE_CURVE ( 'NONE', #3276, #2351, #2398, .T. ) ;
#2041 = LINE ( 'NONE', #4088, #374 ) ;
#2042 = LINE ( 'NONE', #3710, #3089 ) ;
#2043 = CARTESIAN_POINT ( 'NONE',  ( -5.687488515043147785, 1.000000000000000000, 7.656255742478427884 ) ) ;
#2044 = CARTESIAN_POINT ( 'NONE',  ( 1.490722818829055774, 0.7500000000000006661, 18.94142934092948494 ) ) ;
#2045 = FACE_OUTER_BOUND ( 'NONE', #14, .T. ) ;
#2046 = EDGE_CURVE ( 'NONE', #4567, #2697, #2477, .T. ) ;
#2047 = PLANE ( 'NONE',  #1001 ) ;
#2048 = CARTESIAN_POINT ( 'NONE',  ( -6.126134827882311115E-16, 0.3268088205148577119, 5.497631290795383485 ) ) ;
#2049 = CARTESIAN_POINT ( 'NONE',  ( -17.82013048376738951, 0.3106601717798219142, -9.079809994790915439 ) ) ;
#2050 = ORIENTED_EDGE ( 'NONE', *, *, #2975, .T. ) ;
#2051 = AXIS2_PLACEMENT_3D ( 'NONE', #1664, #1611, #3211 ) ;
#2052 = AXIS2_PLACEMENT_3D ( 'NONE', #1453, #3547, #955 ) ;
#2053 = VERTEX_POINT ( 'NONE', #4152 ) ;
#2054 = CARTESIAN_POINT ( 'NONE',  ( 12.33951291827350616, 0.7500000000000006661, 14.44771334640063465 ) ) ;
#2055 = VERTEX_POINT ( 'NONE', #3213 ) ;
#2056 = DIRECTION ( 'NONE',  ( -0.4443033392582299013, 0.000000000000000000, -0.8958764104071422762 ) ) ;
#2057 = LINE ( 'NONE', #4894, #3186 ) ;
#2058 = DIRECTION ( 'NONE',  ( -0.2986872808684530312, 0.000000000000000000, 0.9543510403658654884 ) ) ;
#2059 = EDGE_CURVE ( 'NONE', #145, #3253, #4535, .T. ) ;
#2060 = ORIENTED_EDGE ( 'NONE', *, *, #3658, .F. ) ;
#2061 = VERTEX_POINT ( 'NONE', #1666 ) ;
#2062 = DIRECTION ( 'NONE',  ( -0.5789791748770426461, 0.000000000000000000, -0.8153423299809097191 ) ) ;
#2063 = VECTOR ( 'NONE', #2004, 1000.000000000000114 ) ;
#2064 = CARTESIAN_POINT ( 'NONE',  ( -1.399002207840399053E-15, 17.50000000000000000, 20.00000000000007105 ) ) ;
#2065 = EDGE_LOOP ( 'NONE', ( #5164, #1922, #4180, #4586 ) ) ;
#2066 =( BOUNDED_CURVE ( )  B_SPLINE_CURVE ( 3, ( #3683, #4848, #3208, #4878 ),
 .UNSPECIFIED., .F., .T. ) 
 B_SPLINE_CURVE_WITH_KNOTS ( ( 4, 4 ),
 ( 0.000000000000000000, 1.570796326794896558 ),
 .UNSPECIFIED. ) 
 CURVE ( )  GEOMETRIC_REPRESENTATION_ITEM ( )  RATIONAL_B_SPLINE_CURVE ( ( 1.000000000000000000, 0.8047378541243649375, 0.8047378541243649375, 1.000000000000000000 ) ) 
 REPRESENTATION_ITEM ( '' )  );
#2067 = EDGE_CURVE ( 'NONE', #329, #2291, #2075, .T. ) ;
#2068 = DIRECTION ( 'NONE',  ( -0.6993986216886711738, 0.000000000000000000, -0.7147318154244899358 ) ) ;
#2069 = FACE_OUTER_BOUND ( 'NONE', #758, .T. ) ;
#2070 = DIRECTION ( 'NONE',  ( -0.3193103808106270147, 0.000000000000000000, -0.9476501889972758219 ) ) ;
#2071 = DIRECTION ( 'NONE',  ( 0.8153423299809062774, 0.000000000000000000, -0.5789791748770475310 ) ) ;
#2072 = ADVANCED_FACE ( 'NONE', ( #4503 ), #4912, .F. ) ;
#2073 = LINE ( 'NONE', #740, #4656 ) ;
#2074 = LINE ( 'NONE', #851, #2297 ) ;
#2075 = LINE ( 'NONE', #2020, #2590 ) ;
#2076 = VECTOR ( 'NONE', #531, 999.9999999999998863 ) ;
#2077 = CYLINDRICAL_SURFACE ( 'NONE', #1595, 0.7500000000000004441 ) ;
#2078 = ORIENTED_EDGE ( 'NONE', *, *, #419, .T. ) ;
#2079 = EDGE_CURVE ( 'NONE', #2363, #2725, #3689, .T. ) ;
#2080 = ORIENTED_EDGE ( 'NONE', *, *, #2818, .T. ) ;
#2081 = VECTOR ( 'NONE', #1423, 1000.000000000000114 ) ;
#2082 = EDGE_LOOP ( 'NONE', ( #3041, #4414, #2245, #1887 ) ) ;
#2083 = LINE ( 'NONE', #4974, #3110 ) ;
#2084 = LINE ( 'NONE', #5345, #2063 ) ;
#2085 = EDGE_LOOP ( 'NONE', ( #3680, #2939, #181, #4397 ) ) ;
#2086 = AXIS2_PLACEMENT_3D ( 'NONE', #1932, #598, #4738 ) ;
#2087 = ORIENTED_EDGE ( 'NONE', *, *, #2046, .F. ) ;
#2088 = VERTEX_POINT ( 'NONE', #2804 ) ;
#2089 = CARTESIAN_POINT ( 'NONE',  ( 9.470878960739316454, 0.000000000000000000, -15.45506981067498664 ) ) ;
#2090 = DIRECTION ( 'NONE',  ( -0.5965222315134220965, 0.000000000000000000, 0.8025965532633735355 ) ) ;
#2091 = ADVANCED_FACE ( 'NONE', ( #4118 ), #2830, .T. ) ;
#2092 = ORIENTED_EDGE ( 'NONE', *, *, #1388, .F. ) ;
#2093 = DIRECTION ( 'NONE',  ( -0.5789791748770442004, 0.000000000000000000, -0.8153423299809087199 ) ) ;
#2094 = DIRECTION ( 'NONE',  ( -0.6993986216886668439, 0.000000000000000000, -0.7147318154244941546 ) ) ;
#2095 = CARTESIAN_POINT ( 'NONE',  ( -19.75376681190278916, 17.50000000000000000, 3.128689300804659013 ) ) ;
#2096 = EDGE_CURVE ( 'NONE', #1594, #108, #2428, .T. ) ;
#2097 = VECTOR ( 'NONE', #3203, 1000.000000000000114 ) ;
#2098 =( BOUNDED_CURVE ( )  B_SPLINE_CURVE ( 3, ( #1827, #3850, #4277, #5208 ),
 .UNSPECIFIED., .F., .T. ) 
 B_SPLINE_CURVE_WITH_KNOTS ( ( 4, 4 ),
 ( 0.000000000000000000, 1.570796326794896558 ),
 .UNSPECIFIED. ) 
 CURVE ( )  GEOMETRIC_REPRESENTATION_ITEM ( )  RATIONAL_B_SPLINE_CURVE ( ( 1.000000000000000000, 0.8047378541243649375, 0.8047378541243649375, 1.000000000000000000 ) ) 
 REPRESENTATION_ITEM ( '' )  );
#2099 = VECTOR ( 'NONE', #3151, 1000.000000000000000 ) ;
#2100 = DIRECTION ( 'NONE',  ( -0.2986872808686406033, 0.000000000000000000, -0.9543510403658068686 ) ) ;
#2101 = CARTESIAN_POINT ( 'NONE',  ( -17.47241226587835783, 0.7500000000000006661, 8.415286074267372740 ) ) ;
#2102 = DIRECTION ( 'NONE',  ( -0.1671339897965918864, 0.000000000000000000, -0.9859341912392899365 ) ) ;
#2103 = LINE ( 'NONE', #4691, #2032 ) ;
#2104 = EDGE_LOOP ( 'NONE', ( #272, #397, #1898, #4165 ) ) ;
#2105 = ORIENTED_EDGE ( 'NONE', *, *, #643, .F. ) ;
#2106 = DIRECTION ( 'NONE',  ( -0.1671339897965874177, -0.000000000000000000, -0.9859341912392906027 ) ) ;
#2107 = CARTESIAN_POINT ( 'NONE',  ( -2.984791646450140501, 0.000000000000000000, 18.84523277876400371 ) ) ;
#2108 = CARTESIAN_POINT ( 'NONE',  ( 3.603089355156714376E-15, 3.500000000000001332, 1.734723475976807094E-15 ) ) ;
#2109 = CARTESIAN_POINT ( 'NONE',  ( 11.75570504584948139, 17.50000000000000000, 16.18033988749900942 ) ) ;
#2110 = ORIENTED_EDGE ( 'NONE', *, *, #4956, .T. ) ;
#2111 = ORIENTED_EDGE ( 'NONE', *, *, #2863, .T. ) ;
#2112 = ADVANCED_FACE ( 'NONE', ( #1244 ), #2, .T. ) ;
#2113 = ORIENTED_EDGE ( 'NONE', *, *, #3017, .T. ) ;
#2114 = EDGE_LOOP ( 'NONE', ( #2703, #4428, #602, #35 ) ) ;
#2115 = CARTESIAN_POINT ( 'NONE',  ( 19.02113032590310482, 17.50000000000000000, 6.180339887498993434 ) ) ;
#2116 = VECTOR ( 'NONE', #2613, 1000.000000000000114 ) ;
#2117 = EDGE_CURVE ( 'NONE', #471, #3700, #453, .T. ) ;
#2118 = FACE_OUTER_BOUND ( 'NONE', #3831, .T. ) ;
#2119 = DIRECTION ( 'NONE',  ( -0.01084220526784615210, -0.000000000000000000, 0.9999412215650128610 ) ) ;
#2120 = CARTESIAN_POINT ( 'NONE',  ( -6.180339887498861984, 0.7500000000000006661, -19.02113032590267494 ) ) ;
#2121 = CARTESIAN_POINT ( 'NONE',  ( 19.75376681190278561, 17.50000000000000000, 3.128689300804657680 ) ) ;
#2122 = EDGE_CURVE ( 'NONE', #361, #1321, #3237, .T. ) ;
#2123 = EDGE_CURVE ( 'NONE', #1209, #2333, #1268, .T. ) ;
#2124 = AXIS2_PLACEMENT_3D ( 'NONE', #3621, #3264, #4521 ) ;
#2125 = CARTESIAN_POINT ( 'NONE',  ( 18.30536704562874561, 0.000000000000000000, 6.404355348150472693 ) ) ;
#2126 = DIRECTION ( 'NONE',  ( -0.000000000000000000, -1.000000000000000000, -0.000000000000000000 ) ) ;
#2127 = CARTESIAN_POINT ( 'NONE',  ( 7.270985214936714236, 17.50000000000000000, -17.55371111771444248 ) ) ;
#2128 = CARTESIAN_POINT ( 'NONE',  ( -16.20016312272777981, 0.7500000000000006661, -9.927472729603010748 ) ) ;
#2129 =( BOUNDED_CURVE ( )  B_SPLINE_CURVE ( 3, ( #1779, #554, #3854, #1351 ),
 .UNSPECIFIED., .F., .T. ) 
 B_SPLINE_CURVE_WITH_KNOTS ( ( 4, 4 ),
 ( 0.000000000000000000, 1.570796326794896558 ),
 .UNSPECIFIED. ) 
 CURVE ( )  GEOMETRIC_REPRESENTATION_ITEM ( )  RATIONAL_B_SPLINE_CURVE ( ( 1.000000000000000000, 0.8047378541243649375, 0.8047378541243649375, 1.000000000000000000 ) ) 
 REPRESENTATION_ITEM ( '' )  );
#2130 = VERTEX_POINT ( 'NONE', #852 ) ;
#2131 = VECTOR ( 'NONE', #578, 1000.000000000000000 ) ;
#2132 = CARTESIAN_POINT ( 'NONE',  ( 15.45506981067500973, 0.000000000000000000, -9.470878960739291585 ) ) ;
#2133 = EDGE_LOOP ( 'NONE', ( #4943, #884, #186, #271 ) ) ;
#2134 = CARTESIAN_POINT ( 'NONE',  ( -7.270985214936722230, 17.50000000000000000, -17.55371111771444603 ) ) ;
#2135 = EDGE_CURVE ( 'NONE', #5184, #2156, #796, .T. ) ;
#2136 = AXIS2_PLACEMENT_3D ( 'NONE', #4333, #3067, #575 ) ;
#2137 = CARTESIAN_POINT ( 'NONE',  ( -11.75570504584948850, 0.7500000000000006661, -16.18033988749894192 ) ) ;
#2138 = ORIENTED_EDGE ( 'NONE', *, *, #3859, .T. ) ;
#2139 = ADVANCED_FACE ( 'NONE', ( #78 ), #1364, .T. ) ;
#2140 = EDGE_LOOP ( 'NONE', ( #5108, #4375, #218, #4980 ) ) ;
#2141 = VERTEX_POINT ( 'NONE', #1688 ) ;
#2142 = DIRECTION ( 'NONE',  ( -0.9543510403658076457, 0.000000000000000000, 0.2986872808686380498 ) ) ;
#2143 = EDGE_CURVE ( 'NONE', #1746, #2163, #5044, .T. ) ;
#2144 = VECTOR ( 'NONE', #2472, 1000.000000000000000 ) ;
#2145 = CARTESIAN_POINT ( 'NONE',  ( -8.906831404756513137, 2.880239492447615526E-16, 17.48064088573835662 ) ) ;
#2146 = VERTEX_POINT ( 'NONE', #3038 ) ;
#2147 = CARTESIAN_POINT ( 'NONE',  ( 4.435461913262209954, 17.50000000000000000, 18.47502848755591032 ) ) ;
#2148 = CARTESIAN_POINT ( 'NONE',  ( -4.435461913262209066, 0.7500000000000006661, 18.47502848755591032 ) ) ;
#2149 = DIRECTION ( 'NONE',  ( -0.000000000000000000, 1.000000000000000000, -0.000000000000000000 ) ) ;
#2150 = LINE ( 'NONE', #1711, #4833 ) ;
#2151 = CARTESIAN_POINT ( 'NONE',  ( 3.128689300804625262, 0.7500000000000006661, -19.75376681190276074 ) ) ;
#2152 = DIRECTION ( 'NONE',  ( 0.000000000000000000, 0.000000000000000000, -1.000000000000000000 ) ) ;
#2153 = FACE_OUTER_BOUND ( 'NONE', #3963, .T. ) ;
#2154 = CARTESIAN_POINT ( 'NONE',  ( 0.4342343811577838997, 0.7500000000000006661, 19.38849325251439026 ) ) ;
#2155 = ORIENTED_EDGE ( 'NONE', *, *, #1692, .T. ) ;
#2156 = VERTEX_POINT ( 'NONE', #2960 ) ;
#2157 = AXIS2_PLACEMENT_3D ( 'NONE', #5380, #5306, #2062 ) ;
#2158 = PLANE ( 'NONE',  #389 ) ;
#2159 = EDGE_LOOP ( 'NONE', ( #5071, #3393, #2241, #3106 ) ) ;
#2160 = CARTESIAN_POINT ( 'NONE',  ( -3.128689300804623930, 0.7500000000000006661, 19.75376681190282113 ) ) ;
#2161 = CARTESIAN_POINT ( 'NONE',  ( 6.180339887498962348, 17.50000000000000000, -19.02113032590307284 ) ) ;
#2162 = CARTESIAN_POINT ( 'NONE',  ( -3.461916805248076212, 0.7500000000000006661, -19.08185950409747988 ) ) ;
#2163 = VERTEX_POINT ( 'NONE', #4688 ) ;
#2164 = EDGE_CURVE ( 'NONE', #5218, #2411, #4301, .T. ) ;
#2165 = CIRCLE ( 'NONE', #3991, 5.435754250594693637 ) ;
#2166 = ORIENTED_EDGE ( 'NONE', *, *, #4909, .F. ) ;
#2167 = ORIENTED_EDGE ( 'NONE', *, *, #3553, .T. ) ;
#2168 = LINE ( 'NONE', #1355, #3298 ) ;
#2169 = EDGE_CURVE ( 'NONE', #1375, #1761, #1818, .T. ) ;
#2170 = CARTESIAN_POINT ( 'NONE',  ( 0.000000000000000000, 33.05634918610405037, 0.000000000000000000 ) ) ;
#2171 = FACE_OUTER_BOUND ( 'NONE', #1951, .T. ) ;
#2172 = VERTEX_POINT ( 'NONE', #4271 ) ;
#2173 = DIRECTION ( 'NONE',  ( 0.1671339897965881671, -0.000000000000000000, 0.9859341912392904916 ) ) ;
#2174 = CARTESIAN_POINT ( 'NONE',  ( 17.82013048376738595, 17.50000000000000000, -9.079809994790915439 ) ) ;
#2175 = DIRECTION ( 'NONE',  ( -0.9543510403658075347, 0.000000000000000000, -0.2986872808686384384 ) ) ;
#2176 = LINE ( 'NONE', #570, #2337 ) ;
#2177 = CARTESIAN_POINT ( 'NONE',  ( 11.75570504584948139, 0.7500000000000006661, -16.18033988749894192 ) ) ;
#2178 = CARTESIAN_POINT ( 'NONE',  ( 9.079809994790950967, 0.7500000000000006661, -17.82013048376735753 ) ) ;
#2179 = EDGE_LOOP ( 'NONE', ( #1954, #1722, #4229, #936 ) ) ;
#2180 = ORIENTED_EDGE ( 'NONE', *, *, #5347, .F. ) ;
#2181 = AXIS2_PLACEMENT_3D ( 'NONE', #5140, #1438, #1091 ) ;
#2182 = LINE ( 'NONE', #1345, #1962 ) ;
#2183 = FACE_OUTER_BOUND ( 'NONE', #3880, .T. ) ;
#2184 = DIRECTION ( 'NONE',  ( 0.8025965532632661770, -0.000000000000000000, 0.5965222315135667586 ) ) ;
#2185 = DIRECTION ( 'NONE',  ( 0.000000000000000000, 0.000000000000000000, -1.000000000000000000 ) ) ;
#2186 = ORIENTED_EDGE ( 'NONE', *, *, #5356, .T. ) ;
#2187 = EDGE_CURVE ( 'NONE', #2895, #3146, #2248, .T. ) ;
#2188 = EDGE_CURVE ( 'NONE', #5153, #1516, #2176, .T. ) ;
#2189 = EDGE_CURVE ( 'NONE', #4135, #4946, #2201, .T. ) ;
#2190 = EDGE_LOOP ( 'NONE', ( #3087, #1477, #574, #4432 ) ) ;
#2191 = EDGE_LOOP ( 'NONE', ( #2649, #5030, #4573, #1533 ) ) ;
#2192 = LINE ( 'NONE', #3345, #947 ) ;
#2193 = DIRECTION ( 'NONE',  ( 0.4443033392582304009, 0.000000000000000000, -0.8958764104071419432 ) ) ;
#2194 = ORIENTED_EDGE ( 'NONE', *, *, #1892, .T. ) ;
#2195 = LINE ( 'NONE', #2650, #1552 ) ;
#2196 = CARTESIAN_POINT ( 'NONE',  ( 4.435461913262208178, 0.7500000000000006661, -18.47502848755584992 ) ) ;
#2197 = VECTOR ( 'NONE', #1997, 1000.000000000000114 ) ;
#2198 = ADVANCED_FACE ( 'NONE', ( #980 ), #4633, .T. ) ;
#2199 = DIRECTION ( 'NONE',  ( 0.9476501889972738235, 0.000000000000000000, -0.3193103808106330099 ) ) ;
#2200 = DIRECTION ( 'NONE',  ( 0.6993986216886668439, 0.000000000000000000, 0.7147318154244941546 ) ) ;
#2201 = LINE ( 'NONE', #3793, #606 ) ;
#2202 = DIRECTION ( 'NONE',  ( 0.01084220526784427166, 0.000000000000000000, -0.9999412215650128610 ) ) ;
#2203 = CARTESIAN_POINT ( 'NONE',  ( 6.936571146717650294, 0.000000000000000000, 16.74636413877167485 ) ) ;
#2204 = ORIENTED_EDGE ( 'NONE', *, *, #3658, .T. ) ;
#2205 = VECTOR ( 'NONE', #1389, 1000.000000000000114 ) ;
#2206 = ADVANCED_FACE ( 'NONE', ( #928 ), #901, .T. ) ;
#2207 = CARTESIAN_POINT ( 'NONE',  ( -19.75376681190278916, 17.50000000000000000, -3.128689300804586626 ) ) ;
#2208 = CYLINDRICAL_SURFACE ( 'NONE', #3165, 0.7500000000000001110 ) ;
#2209 = DIRECTION ( 'NONE',  ( 0.000000000000000000, -0.000000000000000000, -1.000000000000000000 ) ) ;
#2210 = DIRECTION ( 'NONE',  ( -0.000000000000000000, -1.000000000000000000, -0.000000000000000000 ) ) ;
#2211 = CARTESIAN_POINT ( 'NONE',  ( 18.94142934092945296, 0.7500000000000006661, -1.490722818829025575 ) ) ;
#2212 = EDGE_LOOP ( 'NONE', ( #3465, #932, #3314, #4365 ) ) ;
#2213 = VECTOR ( 'NONE', #4998, 1000.000000000000227 ) ;
#2214 = EDGE_LOOP ( 'NONE', ( #2413, #3986, #835, #4509 ) ) ;
#2215 = DIRECTION ( 'NONE',  ( 0.1671339897965903598, 0.000000000000000000, -0.9859341912392901586 ) ) ;
#2216 = EDGE_CURVE ( 'NONE', #1279, #4265, #1766, .T. ) ;
#2217 = ORIENTED_EDGE ( 'NONE', *, *, #2846, .T. ) ;
#2218 = ORIENTED_EDGE ( 'NONE', *, *, #2662, .F. ) ;
#2219 = DIRECTION ( 'NONE',  ( 0.1671339897965860299, 0.000000000000000000, -0.9859341912392909357 ) ) ;
#2220 = LINE ( 'NONE', #2349, #3512 ) ;
#2221 = ORIENTED_EDGE ( 'NONE', *, *, #2122, .T. ) ;
#2222 = DIRECTION ( 'NONE',  ( 0.4636242905187152319, 0.000000000000000000, 0.8860318940314835245 ) ) ;
#2223 = EDGE_CURVE ( 'NONE', #4544, #3284, #3894, .T. ) ;
#2224 = VECTOR ( 'NONE', #3698, 1000.000000000000000 ) ;
#2225 = DIRECTION ( 'NONE',  ( 0.000000000000000000, -0.000000000000000000, -1.000000000000000000 ) ) ;
#2226 = DIRECTION ( 'NONE',  ( -0.000000000000000000, -1.000000000000000000, -0.000000000000000000 ) ) ;
#2227 = DIRECTION ( 'NONE',  ( 0.01084220526784371308, 0.000000000000000000, 0.9999412215650127500 ) ) ;
#2228 = DIRECTION ( 'NONE',  ( -0.5789791748770429791, 0.000000000000000000, 0.8153423299809096081 ) ) ;
#2229 = CARTESIAN_POINT ( 'NONE',  ( -1.490722818829055552, 0.7500000000000006661, 18.94142934092948849 ) ) ;
#2230 = AXIS2_PLACEMENT_3D ( 'NONE', #4486, #2485, #5300 ) ;
#2231 = EDGE_CURVE ( 'NONE', #4876, #2999, #4570, .T. ) ;
#2232 = ORIENTED_EDGE ( 'NONE', *, *, #5220, .F. ) ;
#2233 = CARTESIAN_POINT ( 'NONE',  ( -1.422160076959189334, 0.000000000000000000, -18.07025710545686792 ) ) ;
#2234 = CARTESIAN_POINT ( 'NONE',  ( 11.75570504584948139, 17.50000000000000000, 16.18033988749900942 ) ) ;
#2235 = DIRECTION ( 'NONE',  ( 0.000000000000000000, 0.000000000000000000, -1.000000000000000000 ) ) ;
#2236 = EDGE_CURVE ( 'NONE', #2130, #5080, #1741, .T. ) ;
#2237 = DIRECTION ( 'NONE',  ( 0.3193103808106264596, 0.000000000000000000, -0.9476501889972759329 ) ) ;
#2238 = CYLINDRICAL_SURFACE ( 'NONE', #898, 0.7500000000000003331 ) ;
#2239 = ORIENTED_EDGE ( 'NONE', *, *, #38, .T. ) ;
#2240 = ORIENTED_EDGE ( 'NONE', *, *, #5222, .T. ) ;
#2241 = ORIENTED_EDGE ( 'NONE', *, *, #2734, .F. ) ;
#2242 = DIRECTION ( 'NONE',  ( 0.01084220526784615037, 0.000000000000000000, -0.9999412215650128610 ) ) ;
#2243 = AXIS2_PLACEMENT_3D ( 'NONE', #1237, #2070, #5385 ) ;
#2244 = VECTOR ( 'NONE', #5050, 1000.000000000000114 ) ;
#2245 = ORIENTED_EDGE ( 'NONE', *, *, #2777, .F. ) ;
#2246 = CARTESIAN_POINT ( 'NONE',  ( 1.490722818829055774, 0.7500000000000006661, 18.94142934092948494 ) ) ;
#2247 = CYLINDRICAL_SURFACE ( 'NONE', #5054, 0.7499999999999996669 ) ;
#2248 = CIRCLE ( 'NONE', #693, 0.5000000000000004441 ) ;
#2249 = EDGE_CURVE ( 'NONE', #1318, #4341, #5095, .T. ) ;
#2250 = VERTEX_POINT ( 'NONE', #2127 ) ;
#2251 = DIRECTION ( 'NONE',  ( 0.000000000000000000, -1.000000000000000000, 0.000000000000000000 ) ) ;
#2252 = LINE ( 'NONE', #4685, #4063 ) ;
#2253 = ADVANCED_FACE ( 'NONE', ( #4661 ), #53, .F. ) ;
#2254 = DIRECTION ( 'NONE',  ( -0.7147318154244903798, 0.000000000000000000, -0.6993986216886706186 ) ) ;
#2255 = CARTESIAN_POINT ( 'NONE',  ( 13.49169707002270613, 0.000000000000000000, -13.49169707002267593 ) ) ;
#2256 = CARTESIAN_POINT ( 'NONE',  ( -16.18033988749897745, 0.7500000000000006661, 11.75570504584951692 ) ) ;
#2257 = VERTEX_POINT ( 'NONE', #515 ) ;
#2258 = CARTESIAN_POINT ( 'NONE',  ( 6.735557395310442023E-16, 33.05634918610405037, 5.500000000000000000 ) ) ;
#2259 = DIRECTION ( 'NONE',  ( -0.9859341912392897145, -0.000000000000000000, 0.1671339897965926080 ) ) ;
#2260 = DIRECTION ( 'NONE',  ( 0.5965222315134212083, 0.000000000000000000, 0.8025965532633743127 ) ) ;
#2261 = LINE ( 'NONE', #1853, #3906 ) ;
#2262 = CARTESIAN_POINT ( 'NONE',  ( 18.84523277876397174, 0.000000000000000000, 2.984791646450171143 ) ) ;
#2263 = ORIENTED_EDGE ( 'NONE', *, *, #2503, .F. ) ;
#2264 =( BOUNDED_CURVE ( )  B_SPLINE_CURVE ( 3, ( #1310, #2145, #4625, #3808 ),
 .UNSPECIFIED., .F., .T. ) 
 B_SPLINE_CURVE_WITH_KNOTS ( ( 4, 4 ),
 ( 4.712388980384688786, 6.283185307179586232 ),
 .UNSPECIFIED. ) 
 CURVE ( )  GEOMETRIC_REPRESENTATION_ITEM ( )  RATIONAL_B_SPLINE_CURVE ( ( 1.000000000000000000, 0.8047378541243648264, 0.8047378541243648264, 1.000000000000000000 ) ) 
 REPRESENTATION_ITEM ( '' )  );
#2265 = FACE_OUTER_BOUND ( 'NONE', #3959, .T. ) ;
#2266 = CARTESIAN_POINT ( 'NONE',  ( -20.00000000000003553, 17.50000000000000000, 3.589030062008058859E-14 ) ) ;
#2267 = CONICAL_SURFACE ( 'NONE', #171, 15.49999999999998579, 0.7853981633974543852 ) ;
#2268 = ORIENTED_EDGE ( 'NONE', *, *, #3463, .F. ) ;
#2269 = CARTESIAN_POINT ( 'NONE',  ( 1.331375808788481736E-15, -0.6952007619927221826, 15.93575425059469453 ) ) ;
#2270 = CARTESIAN_POINT ( 'NONE',  ( -2.984791646449939773, 0.000000000000000000, -18.84523277876397529 ) ) ;
#2271 = ORIENTED_EDGE ( 'NONE', *, *, #3162, .F. ) ;
#2272 = CARTESIAN_POINT ( 'NONE',  ( -16.18033988749897745, 0.7500000000000006661, -11.75570504584944587 ) ) ;
#2273 = ORIENTED_EDGE ( 'NONE', *, *, #3423, .F. ) ;
#2274 = VERTEX_POINT ( 'NONE', #3502 ) ;
#2275 = ADVANCED_FACE ( 'NONE', ( #4327 ), #5256, .F. ) ;
#2276 = CARTESIAN_POINT ( 'NONE',  ( -13.78322037140358525, 0.000000000000000000, -11.77198230270236046 ) ) ;
#2277 = DIRECTION ( 'NONE',  ( 0.000000000000000000, -0.000000000000000000, -1.000000000000000000 ) ) ;
#2278 = EDGE_CURVE ( 'NONE', #299, #1781, #5199, .T. ) ;
#2279 = CARTESIAN_POINT ( 'NONE',  ( -1.816590212458487619, 15.13530509892872189, -2.450000000000000178 ) ) ;
#2280 = CARTESIAN_POINT ( 'NONE',  ( -20.00000000000003553, 0.7500000000000006661, 3.585212955843381601E-14 ) ) ;
#2281 = CARTESIAN_POINT ( 'NONE',  ( 16.20016312272777270, 0.7500000000000006661, 9.927472729603072921 ) ) ;
#2282 = VERTEX_POINT ( 'NONE', #5227 ) ;
#2283 = VECTOR ( 'NONE', #1424, 1000.000000000000000 ) ;
#2284 = FACE_OUTER_BOUND ( 'NONE', #337, .T. ) ;
#2285 = CARTESIAN_POINT ( 'NONE',  ( -17.55371111771447801, 0.7500000000000006661, -7.270985214936684038 ) ) ;
#2286 = DIRECTION ( 'NONE',  ( -0.000000000000000000, 1.000000000000000000, -0.000000000000000000 ) ) ;
#2287 = CARTESIAN_POINT ( 'NONE',  ( -9.079809994790956296, 17.50000000000000000, -17.82013048376735398 ) ) ;
#2288 = ORIENTED_EDGE ( 'NONE', *, *, #2746, .F. ) ;
#2289 = EDGE_CURVE ( 'NONE', #3133, #354, #2744, .T. ) ;
#2290 = CARTESIAN_POINT ( 'NONE',  ( 13.78322037140357459, 0.000000000000000000, -11.77198230270235868 ) ) ;
#2291 = VERTEX_POINT ( 'NONE', #1128 ) ;
#2292 = LINE ( 'NONE', #5273, #4938 ) ;
#2293 = LINE ( 'NONE', #3552, #327 ) ;
#2294 = ORIENTED_EDGE ( 'NONE', *, *, #3885, .T. ) ;
#2295 =( BOUNDED_CURVE ( )  B_SPLINE_CURVE ( 3, ( #4680, #430, #456, #1762 ),
 .UNSPECIFIED., .F., .T. ) 
 B_SPLINE_CURVE_WITH_KNOTS ( ( 4, 4 ),
 ( 4.712388980384689674, 6.283185307179586232 ),
 .UNSPECIFIED. ) 
 CURVE ( )  GEOMETRIC_REPRESENTATION_ITEM ( )  RATIONAL_B_SPLINE_CURVE ( ( 1.000000000000000000, 0.8047378541243649375, 0.8047378541243649375, 1.000000000000000000 ) ) 
 REPRESENTATION_ITEM ( '' )  );
#2296 = ADVANCED_FACE ( 'NONE', ( #4356 ), #426, .T. ) ;
#2297 = VECTOR ( 'NONE', #2126, 1000.000000000000000 ) ;
#2298 = ORIENTED_EDGE ( 'NONE', *, *, #3113, .T. ) ;
#2299 = CARTESIAN_POINT ( 'NONE',  ( -7.270985214936714236, 0.7500000000000006661, 17.55371111771449577 ) ) ;
#2300 = AXIS2_PLACEMENT_3D ( 'NONE', #4474, #3300, #404 ) ;
#2301 = ADVANCED_FACE ( 'NONE', ( #4763 ), #3565, .F. ) ;
#2302 = FACE_OUTER_BOUND ( 'NONE', #2085, .T. ) ;
#2303 = EDGE_LOOP ( 'NONE', ( #449, #2410, #3882, #1270 ) ) ;
#2304 = CARTESIAN_POINT ( 'NONE',  ( 0.4342343811577817903, 0.000000000000000000, -19.38849325251431921 ) ) ;
#2305 = FACE_OUTER_BOUND ( 'NONE', #1867, .T. ) ;
#2306 = DIRECTION ( 'NONE',  ( 0.9893263804011536156, 0.000000000000000000, -0.1457165503378109184 ) ) ;
#2307 = CARTESIAN_POINT ( 'NONE',  ( 19.02113032590310482, 0.7500000000000006661, -6.180339887498925044 ) ) ;
#2308 = CARTESIAN_POINT ( 'NONE',  ( 18.94142934092945652, 0.7500000000000006661, 1.490722818829083529 ) ) ;
#2309 = VERTEX_POINT ( 'NONE', #3149 ) ;
#2310 = DIRECTION ( 'NONE',  ( 0.000000000000000000, 0.000000000000000000, -1.000000000000000000 ) ) ;
#2311 = LINE ( 'NONE', #3069, #4925 ) ;
#2312 = LINE ( 'NONE', #3572, #3610 ) ;
#2313 = CARTESIAN_POINT ( 'NONE',  ( 0.000000000000000000, 1.500000000000000000, 0.000000000000000000 ) ) ;
#2314 = CIRCLE ( 'NONE', #2230, 18.00000000000000000 ) ;
#2315 = CARTESIAN_POINT ( 'NONE',  ( 14.14213562373097410, 0.3106601717798220808, -14.14213562373094213 ) ) ;
#2316 = ORIENTED_EDGE ( 'NONE', *, *, #2863, .F. ) ;
#2317 = EDGE_LOOP ( 'NONE', ( #2376, #3142, #2327, #1200 ) ) ;
#2318 = PLANE ( 'NONE',  #302 ) ;
#2319 = ADVANCED_FACE ( 'NONE', ( #2366 ), #3922, .T. ) ;
#2320 = VERTEX_POINT ( 'NONE', #4792 ) ;
#2321 = LINE ( 'NONE', #3987, #3299 ) ;
#2322 = CARTESIAN_POINT ( 'NONE',  ( 10.00473741840923481, 0.3268088205148577119, 5.497631290795381709 ) ) ;
#2323 = EDGE_CURVE ( 'NONE', #4505, #943, #626, .T. ) ;
#2324 = DIRECTION ( 'NONE',  ( -0.9543510403658654884, 0.000000000000000000, -0.2986872808684530312 ) ) ;
#2325 = ORIENTED_EDGE ( 'NONE', *, *, #4297, .T. ) ;
#2326 =( BOUNDED_CURVE ( )  B_SPLINE_CURVE ( 3, ( #2276, #3946, #1930, #3591 ),
 .UNSPECIFIED., .F., .F. ) 
 B_SPLINE_CURVE_WITH_KNOTS ( ( 4, 4 ),
 ( 4.712388980384689674, 6.283185307179586232 ),
 .UNSPECIFIED. ) 
 CURVE ( )  GEOMETRIC_REPRESENTATION_ITEM ( )  RATIONAL_B_SPLINE_CURVE ( ( 1.000000000000000000, 0.8047378541243649375, 0.8047378541243649375, 1.000000000000000000 ) ) 
 REPRESENTATION_ITEM ( '' )  );
#2327 = ORIENTED_EDGE ( 'NONE', *, *, #295, .F. ) ;
#2328 = FACE_OUTER_BOUND ( 'NONE', #2022, .T. ) ;
#2329 = CARTESIAN_POINT ( 'NONE',  ( -18.30536704562874917, 0.7500000000000006661, -6.404355348150403415 ) ) ;
#2330 = ORIENTED_EDGE ( 'NONE', *, *, #3713, .F. ) ;
#2331 = VECTOR ( 'NONE', #917, 999.9999999999998863 ) ;
#2332 = AXIS2_PLACEMENT_3D ( 'NONE', #1322, #2184, #2612 ) ;
#2333 = VERTEX_POINT ( 'NONE', #1843 ) ;
#2334 = EDGE_CURVE ( 'NONE', #722, #728, #2656, .T. ) ;
#2335 = DIRECTION ( 'NONE',  ( -0.000000000000000000, -1.000000000000000000, -0.000000000000000000 ) ) ;
#2336 = CARTESIAN_POINT ( 'NONE',  ( 3.128689300804621709, 0.7500000000000006661, 19.75376681190282468 ) ) ;
#2337 = VECTOR ( 'NONE', #1339, 999.9999999999998863 ) ;
#2338 = DIRECTION ( 'NONE',  ( 0.1671339897965870569, 0.000000000000000000, 0.9859341912392908247 ) ) ;
#2339 = ORIENTED_EDGE ( 'NONE', *, *, #3217, .T. ) ;
#2340 = CYLINDRICAL_SURFACE ( 'NONE', #2738, 0.7500000000000006661 ) ;
#2341 = CARTESIAN_POINT ( 'NONE',  ( -16.18033988749897745, 0.7500000000000006661, 11.75570504584951692 ) ) ;
#2342 = FACE_OUTER_BOUND ( 'NONE', #4443, .T. ) ;
#2343 = DIRECTION ( 'NONE',  ( -0.4636242905187172858, 0.000000000000000000, 0.8860318940314824143 ) ) ;
#2344 = VERTEX_POINT ( 'NONE', #1011 ) ;
#2345 = ORIENTED_EDGE ( 'NONE', *, *, #1145, .T. ) ;
#2346 = EDGE_CURVE ( 'NONE', #528, #3361, #1417, .T. ) ;
#2347 = CARTESIAN_POINT ( 'NONE',  ( 11.75570504584948139, 17.50000000000000000, -16.18033988749894192 ) ) ;
#2348 = EDGE_LOOP ( 'NONE', ( #2706, #2105, #4371, #2288 ) ) ;
#2349 = CARTESIAN_POINT ( 'NONE',  ( -7.270985214936722230, 0.7500000000000006661, -17.55371111771444603 ) ) ;
#2350 = DIRECTION ( 'NONE',  ( 0.8153423299809080538, 0.000000000000000000, -0.5789791748770453106 ) ) ;
#2351 = VERTEX_POINT ( 'NONE', #4411 ) ;
#2352 = AXIS2_PLACEMENT_3D ( 'NONE', #2329, #4373, #3965 ) ;
#2353 = EDGE_CURVE ( 'NONE', #2320, #4594, #3003, .T. ) ;
#2354 = CARTESIAN_POINT ( 'NONE',  ( 17.55371111771447090, 0.3106601717798219142, 7.270985214936744434 ) ) ;
#2355 = EDGE_CURVE ( 'NONE', #677, #465, #209, .T. ) ;
#2356 = EDGE_CURVE ( 'NONE', #3138, #5217, #1988, .T. ) ;
#2357 = ORIENTED_EDGE ( 'NONE', *, *, #4338, .T. ) ;
#2358 = VECTOR ( 'NONE', #4427, 1000.000000000000000 ) ;
#2359 = ORIENTED_EDGE ( 'NONE', *, *, #2395, .F. ) ;
#2360 = CYLINDRICAL_SURFACE ( 'NONE', #2157, 0.7499999999999998890 ) ;
#2361 = FACE_OUTER_BOUND ( 'NONE', #118, .T. ) ;
#2362 = ORIENTED_EDGE ( 'NONE', *, *, #3756, .F. ) ;
#2363 = VERTEX_POINT ( 'NONE', #3120 ) ;
#2364 = CARTESIAN_POINT ( 'NONE',  ( 3.128689300804625262, 17.50000000000000000, -19.75376681190276074 ) ) ;
#2365 = CARTESIAN_POINT ( 'NONE',  ( 20.00000000000003197, 17.50000000000000000, 3.484000922962643298E-14 ) ) ;
#2366 = FACE_OUTER_BOUND ( 'NONE', #2591, .T. ) ;
#2367 = CARTESIAN_POINT ( 'NONE',  ( 20.00000000000003197, 17.50000000000000000, 3.484000922962643298E-14 ) ) ;
#2368 = ORIENTED_EDGE ( 'NONE', *, *, #4405, .T. ) ;
#2369 = EDGE_CURVE ( 'NONE', #838, #2683, #4001, .T. ) ;
#2370 = CARTESIAN_POINT ( 'NONE',  ( -9.079809994790956296, 17.50000000000000000, -17.82013048376735398 ) ) ;
#2371 = FACE_OUTER_BOUND ( 'NONE', #2711, .T. ) ;
#2372 = CARTESIAN_POINT ( 'NONE',  ( 1.816590212458494058, 3.500000000000001332, -2.450000000000000622 ) ) ;
#2373 = CARTESIAN_POINT ( 'NONE',  ( 11.75570504584948139, 0.7500000000000006661, 16.18033988749900942 ) ) ;
#2374 = VERTEX_POINT ( 'NONE', #3972 ) ;
#2375 = AXIS2_PLACEMENT_3D ( 'NONE', #1776, #2586, #2185 ) ;
#2376 = ORIENTED_EDGE ( 'NONE', *, *, #868, .T. ) ;
#2377 = EDGE_CURVE ( 'NONE', #1174, #2556, #233, .T. ) ;
#2378 = FACE_OUTER_BOUND ( 'NONE', #4801, .T. ) ;
#2379 = ORIENTED_EDGE ( 'NONE', *, *, #2040, .T. ) ;
#2380 = CARTESIAN_POINT ( 'NONE',  ( 12.33951291827350616, 17.50000000000000000, -14.44771334640057958 ) ) ;
#2381 = DIRECTION ( 'NONE',  ( -0.8025965532633706490, 0.000000000000000000, 0.5965222315134260933 ) ) ;
#2382 = DIRECTION ( 'NONE',  ( 0.01084220526784811754, -0.000000000000000000, -0.9999412215650127500 ) ) ;
#2383 = ORIENTED_EDGE ( 'NONE', *, *, #605, .T. ) ;
#2384 = VECTOR ( 'NONE', #1065, 1000.000000000000227 ) ;
#2385 = VERTEX_POINT ( 'NONE', #3063 ) ;
#2386 = DIRECTION ( 'NONE',  ( -0.8958764104071402778, 0.000000000000000000, -0.4443033392582338981 ) ) ;
#2387 = LINE ( 'NONE', #4546, #4103 ) ;
#2388 = AXIS2_PLACEMENT_3D ( 'NONE', #3979, #1584, #1995 ) ;
#2389 = VERTEX_POINT ( 'NONE', #4147 ) ;
#2390 = CIRCLE ( 'NONE', #1520, 5.500000000000000000 ) ;
#2391 = CARTESIAN_POINT ( 'NONE',  ( 3.128689300804624818, 0.3106601717798219142, -19.75376681190276074 ) ) ;
#2392 = LINE ( 'NONE', #4089, #1974 ) ;
#2393 = CARTESIAN_POINT ( 'NONE',  ( -10.87150850118938550, -0.6952007619927221826, 15.93575425059469453 ) ) ;
#2394 = DIRECTION ( 'NONE',  ( 0.000000000000000000, 0.000000000000000000, -1.000000000000000000 ) ) ;
#2395 = EDGE_CURVE ( 'NONE', #2141, #5212, #2641, .T. ) ;
#2396 = LINE ( 'NONE', #3628, #3877 ) ;
#2397 = LINE ( 'NONE', #5232, #1191 ) ;
#2398 = LINE ( 'NONE', #1216, #4251 ) ;
#2399 = EDGE_CURVE ( 'NONE', #2486, #3608, #847, .T. ) ;
#2400 = LINE ( 'NONE', #3241, #1503 ) ;
#2401 = ORIENTED_EDGE ( 'NONE', *, *, #3423, .T. ) ;
#2402 = ORIENTED_EDGE ( 'NONE', *, *, #300, .F. ) ;
#2403 = VECTOR ( 'NONE', #2420, 1000.000000000000000 ) ;
#2404 = EDGE_CURVE ( 'NONE', #133, #5078, #632, .T. ) ;
#2405 = LINE ( 'NONE', #2001, #124 ) ;
#2406 = VERTEX_POINT ( 'NONE', #791 ) ;
#2407 = FACE_OUTER_BOUND ( 'NONE', #3908, .T. ) ;
#2408 = CARTESIAN_POINT ( 'NONE',  ( 1.895495714290233336, 15.44838201630294172, -2.693341404664989724 ) ) ;
#2409 = LINE ( 'NONE', #4047, #506 ) ;
#2410 = ORIENTED_EDGE ( 'NONE', *, *, #3085, .T. ) ;
#2411 = VERTEX_POINT ( 'NONE', #3209 ) ;
#2412 = ORIENTED_EDGE ( 'NONE', *, *, #2010, .F. ) ;
#2413 = ORIENTED_EDGE ( 'NONE', *, *, #4874, .T. ) ;
#2414 = CARTESIAN_POINT ( 'NONE',  ( 14.17247134405518949, 6.774231092096921299E-16, -12.10443404024196745 ) ) ;
#2415 = LINE ( 'NONE', #4463, #1747 ) ;
#2416 = ORIENTED_EDGE ( 'NONE', *, *, #2674, .F. ) ;
#2417 = ORIENTED_EDGE ( 'NONE', *, *, #4197, .T. ) ;
#2418 = VECTOR ( 'NONE', #1057, 1000.000000000000114 ) ;
#2419 = CARTESIAN_POINT ( 'NONE',  ( 3.128689300804621709, 17.50000000000000000, 19.75376681190282468 ) ) ;
#2420 = DIRECTION ( 'NONE',  ( -0.8025965532633696498, 0.000000000000000000, -0.5965222315134273146 ) ) ;
#2421 = DIRECTION ( 'NONE',  ( 0.000000000000000000, -0.7071067811865507924, -0.7071067811865441310 ) ) ;
#2422 =( NAMED_UNIT ( * ) PLANE_ANGLE_UNIT ( ) SI_UNIT ( $, .RADIAN. ) );
#2423 = EDGE_CURVE ( 'NONE', #1594, #2537, #4907, .T. ) ;
#2424 = ADVANCED_FACE ( 'NONE', ( #4497 ), #4599, .T. ) ;
#2425 = VECTOR ( 'NONE', #1834, 1000.000000000000114 ) ;
#2426 = CARTESIAN_POINT ( 'NONE',  ( -14.44771334640060800, 0.7500000000000006661, 12.33951291827353636 ) ) ;
#2427 = CARTESIAN_POINT ( 'NONE',  ( -11.21502547726916177, 0.000000000000000000, 15.43615830453689419 ) ) ;
#2428 = LINE ( 'NONE', #769, #1387 ) ;
#2429 = DIRECTION ( 'NONE',  ( 0.000000000000000000, 0.000000000000000000, -1.000000000000000000 ) ) ;
#2430 = ORIENTED_EDGE ( 'NONE', *, *, #5017, .T. ) ;
#2431 = ORIENTED_EDGE ( 'NONE', *, *, #2135, .T. ) ;
#2432 = CARTESIAN_POINT ( 'NONE',  ( -18.84523277876397174, 0.000000000000000000, -2.984791646450103197 ) ) ;
#2433 = ORIENTED_EDGE ( 'NONE', *, *, #4056, .T. ) ;
#2434 = CARTESIAN_POINT ( 'NONE',  ( -9.079809994790952743, 17.50000000000000000, 17.82013048376742148 ) ) ;
#2435 = CARTESIAN_POINT ( 'NONE',  ( 16.20016312272777270, 17.50000000000000000, 9.927472729603072921 ) ) ;
#2436 = CARTESIAN_POINT ( 'NONE',  ( 17.21929704949540607, 6.774231092096921299E-16, 7.132466372432046064 ) ) ;
#2437 = ORIENTED_EDGE ( 'NONE', *, *, #3553, .F. ) ;
#2438 = ORIENTED_EDGE ( 'NONE', *, *, #5250, .F. ) ;
#2439 = ORIENTED_EDGE ( 'NONE', *, *, #972, .F. ) ;
#2440 = CARTESIAN_POINT ( 'NONE',  ( 17.82013048376738595, 0.7500000000000006661, -9.079809994790915439 ) ) ;
#2441 = VECTOR ( 'NONE', #373, 1000.000000000000000 ) ;
#2442 = ORIENTED_EDGE ( 'NONE', *, *, #5323, .F. ) ;
#2443 =( BOUNDED_CURVE ( )  B_SPLINE_CURVE ( 3, ( #4343, #5181, #1857, #219 ),
 .UNSPECIFIED., .F., .T. ) 
 B_SPLINE_CURVE_WITH_KNOTS ( ( 4, 4 ),
 ( 4.712388980384689674, 6.283185307179586232 ),
 .UNSPECIFIED. ) 
 CURVE ( )  GEOMETRIC_REPRESENTATION_ITEM ( )  RATIONAL_B_SPLINE_CURVE ( ( 1.000000000000000000, 0.8047378541243649375, 0.8047378541243649375, 1.000000000000000000 ) ) 
 REPRESENTATION_ITEM ( '' )  );
#2444 = CARTESIAN_POINT ( 'NONE',  ( 0.000000000000000000, 1.000000000000000000, 13.34374425752157478 ) ) ;
#2445 = CARTESIAN_POINT ( 'NONE',  ( 0.000000000000000000, 0.7500000000000006661, -20.00000000000000000 ) ) ;
#2446 = DIRECTION ( 'NONE',  ( 0.000000000000000000, 0.000000000000000000, -1.000000000000000000 ) ) ;
#2447 = SURFACE_STYLE_USAGE ( .BOTH. , #1992 ) ;
#2448 = ADVANCED_FACE ( 'NONE', ( #4115 ), #2016, .T. ) ;
#2449 = DIRECTION ( 'NONE',  ( 0.9543510403658079788, -0.000000000000000000, -0.2986872808686367731 ) ) ;
#2450 = CARTESIAN_POINT ( 'NONE',  ( -11.75570504584948850, 17.50000000000000000, -16.18033988749894192 ) ) ;
#2451 = DIRECTION ( 'NONE',  ( -0.000000000000000000, -1.000000000000000000, -0.000000000000000000 ) ) ;
#2452 = DIRECTION ( 'NONE',  ( 0.1457165503378117788, 0.000000000000000000, 0.9893263804011535045 ) ) ;
#2453 = VERTEX_POINT ( 'NONE', #345 ) ;
#2454 = ORIENTED_EDGE ( 'NONE', *, *, #1732, .F. ) ;
#2455 = DIRECTION ( 'NONE',  ( 0.8860318940314854119, 0.000000000000000000, 0.4636242905187114016 ) ) ;
#2456 = ORIENTED_EDGE ( 'NONE', *, *, #1825, .F. ) ;
#2457 = LINE ( 'NONE', #2837, #4519 ) ;
#2458 = CARTESIAN_POINT ( 'NONE',  ( -17.82013048376738951, 17.50000000000000000, 9.079809994790986494 ) ) ;
#2459 = EDGE_CURVE ( 'NONE', #498, #865, #5312, .T. ) ;
#2460 = CARTESIAN_POINT ( 'NONE',  ( 9.189097407544304374, 0.7500000000000006661, -17.07813569846648960 ) ) ;
#2461 = ORIENTED_EDGE ( 'NONE', *, *, #2886, .F. ) ;
#2462 = ADVANCED_FACE ( 'NONE', ( #1607 ), #1018, .T. ) ;
#2463 = CIRCLE ( 'NONE', #4468, 18.00000000000000000 ) ;
#2464 = ORIENTED_EDGE ( 'NONE', *, *, #1119, .T. ) ;
#2465 = CARTESIAN_POINT ( 'NONE',  ( -11.75570504584948672, 17.50000000000000000, 16.18033988749900942 ) ) ;
#2466 = EDGE_CURVE ( 'NONE', #2406, #2363, #3294, .T. ) ;
#2467 = CARTESIAN_POINT ( 'NONE',  ( 9.079809994790950967, 17.50000000000000000, -17.82013048376735753 ) ) ;
#2468 = AXIS2_PLACEMENT_3D ( 'NONE', #844, #2521, #948 ) ;
#2469 = ORIENTED_EDGE ( 'NONE', *, *, #1609, .T. ) ;
#2470 = EDGE_CURVE ( 'NONE', #1514, #855, #4028, .T. ) ;
#2471 = DIRECTION ( 'NONE',  ( -0.9476501889972764880, 0.000000000000000000, 0.3193103808106249608 ) ) ;
#2472 = DIRECTION ( 'NONE',  ( -0.000000000000000000, -1.000000000000000000, -0.000000000000000000 ) ) ;
#2473 = DIRECTION ( 'NONE',  ( 0.4443033392582338426, -0.000000000000000000, -0.8958764104071401668 ) ) ;
#2474 =( BOUNDED_CURVE ( )  B_SPLINE_CURVE ( 3, ( #2693, #3486, #3125, #1802 ),
 .UNSPECIFIED., .F., .T. ) 
 B_SPLINE_CURVE_WITH_KNOTS ( ( 4, 4 ),
 ( 4.712388980384689674, 6.283185307179586232 ),
 .UNSPECIFIED. ) 
 CURVE ( )  GEOMETRIC_REPRESENTATION_ITEM ( )  RATIONAL_B_SPLINE_CURVE ( ( 1.000000000000000000, 0.8047378541243649375, 0.8047378541243649375, 1.000000000000000000 ) ) 
 REPRESENTATION_ITEM ( '' )  );
#2475 = AXIS2_PLACEMENT_3D ( 'NONE', #3506, #1040, #2310 ) ;
#2476 = DIRECTION ( 'NONE',  ( -0.4636242905187143992, 0.000000000000000000, 0.8860318940314839686 ) ) ;
#2477 = LINE ( 'NONE', #1585, #4957 ) ;
#2478 = CARTESIAN_POINT ( 'NONE',  ( -9.189097407544311480, 0.7500000000000006661, 17.07813569846655710 ) ) ;
#2479 = EDGE_LOOP ( 'NONE', ( #5319, #2469, #3388, #4639 ) ) ;
#2480 = VECTOR ( 'NONE', #2856, 1000.000000000000114 ) ;
#2481 = AXIS2_PLACEMENT_3D ( 'NONE', #5238, #2785, #2702 ) ;
#2482 = VERTEX_POINT ( 'NONE', #3623 ) ;
#2483 = DIRECTION ( 'NONE',  ( -0.2986872808686380498, 0.000000000000000000, -0.9543510403658076457 ) ) ;
#2484 = CARTESIAN_POINT ( 'NONE',  ( -0.4342343811577866197, 0.000000000000000000, 19.38849325251439026 ) ) ;
#2485 = DIRECTION ( 'NONE',  ( -0.000000000000000000, 1.000000000000000000, -0.000000000000000000 ) ) ;
#2486 = VERTEX_POINT ( 'NONE', #4551 ) ;
#2487 = ADVANCED_FACE ( 'NONE', ( #3740 ), #736, .T. ) ;
#2488 = ORIENTED_EDGE ( 'NONE', *, *, #615, .F. ) ;
#2489 = ORIENTED_EDGE ( 'NONE', *, *, #1738, .T. ) ;
#2490 = CARTESIAN_POINT ( 'NONE',  ( -11.74757339189860517, 0.000000000000000000, 15.43038397132525041 ) ) ;
#2491 = AXIS2_PLACEMENT_3D ( 'NONE', #508, #895, #3293 ) ;
#2492 = LINE ( 'NONE', #2951, #3161 ) ;
#2493 = CARTESIAN_POINT ( 'NONE',  ( -11.53174823564548390, 3.529754518390332666E-16, 15.87208978296782114 ) ) ;
#2494 = FACE_OUTER_BOUND ( 'NONE', #4542, .T. ) ;
#2495 = PLANE ( 'NONE',  #3130 ) ;
#2496 = EDGE_CURVE ( 'NONE', #744, #501, #1579, .T. ) ;
#2497 = DIRECTION ( 'NONE',  ( -0.3193103808106319552, 0.000000000000000000, -0.9476501889972739345 ) ) ;
#2498 = CARTESIAN_POINT ( 'NONE',  ( -20.00000000000003553, 17.50000000000000000, 3.589030062008058859E-14 ) ) ;
#2499 = CARTESIAN_POINT ( 'NONE',  ( -14.01678513138353388, 0.7500000000000006661, -13.40268498030147093 ) ) ;
#2500 = VECTOR ( 'NONE', #1684, 1000.000000000000114 ) ;
#2501 = CARTESIAN_POINT ( 'NONE',  ( -1.422160076959151143, 0.000000000000000000, 18.07025710545695318 ) ) ;
#2502 =( BOUNDED_CURVE ( )  B_SPLINE_CURVE ( 3, ( #4703, #3913, #3108, #2619 ),
 .UNSPECIFIED., .F., .T. ) 
 B_SPLINE_CURVE_WITH_KNOTS ( ( 4, 4 ),
 ( 0.000000000000000000, 1.570796326794896558 ),
 .UNSPECIFIED. ) 
 CURVE ( )  GEOMETRIC_REPRESENTATION_ITEM ( )  RATIONAL_B_SPLINE_CURVE ( ( 1.000000000000000000, 0.8047378541243649375, 0.8047378541243649375, 1.000000000000000000 ) ) 
 REPRESENTATION_ITEM ( '' )  );
#2503 = EDGE_CURVE ( 'NONE', #2733, #341, #4171, .T. ) ;
#2504 = VERTEX_POINT ( 'NONE', #2120 ) ;
#2505 = ORIENTED_EDGE ( 'NONE', *, *, #490, .T. ) ;
#2506 = VECTOR ( 'NONE', #4745, 1000.000000000000000 ) ;
#2507 = CARTESIAN_POINT ( 'NONE',  ( 18.47502848755588190, 0.7500000000000006661, -4.435461913262180644 ) ) ;
#2508 = ORIENTED_EDGE ( 'NONE', *, *, #4338, .F. ) ;
#2509 = EDGE_LOOP ( 'NONE', ( #3941, #2699, #3397, #165 ) ) ;
#2510 = PLANE ( 'NONE',  #4692 ) ;
#2511 = CARTESIAN_POINT ( 'NONE',  ( -3.124046291664141698E-17, 0.000000000000000000, -19.08014097585542856 ) ) ;
#2512 = ORIENTED_EDGE ( 'NONE', *, *, #2122, .F. ) ;
#2513 = VECTOR ( 'NONE', #177, 1000.000000000000000 ) ;
#2514 = EDGE_CURVE ( 'NONE', #2385, #614, #1736, .T. ) ;
#2515 = EDGE_CURVE ( 'NONE', #3004, #4978, #2295, .T. ) ;
#2516 = EDGE_LOOP ( 'NONE', ( #464, #2952, #4626, #4225 ) ) ;
#2517 = EDGE_CURVE ( 'NONE', #2796, #299, #4195, .T. ) ;
#2518 = VERTEX_POINT ( 'NONE', #1313 ) ;
#2519 = CARTESIAN_POINT ( 'NONE',  ( 8.662202736729621932, 0.000000000000000000, 17.00053009192106046 ) ) ;
#2520 = UNCERTAINTY_MEASURE_WITH_UNIT (LENGTH_MEASURE( 1.000000000000000082E-05 ), #4964, 'distance_accuracy_value', 'NONE');
#2521 = DIRECTION ( 'NONE',  ( 1.000000000000000000, 0.000000000000000000, -1.224646799147353207E-16 ) ) ;
#2522 = LINE ( 'NONE', #3321, #2834 ) ;
#2523 = CARTESIAN_POINT ( 'NONE',  ( -18.94142934092946007, 17.50000000000000000, 1.490722818829087748 ) ) ;
#2524 = EDGE_CURVE ( 'NONE', #1830, #2482, #3398, .T. ) ;
#2525 = VECTOR ( 'NONE', #4740, 1000.000000000000000 ) ;
#2526 = DIRECTION ( 'NONE',  ( -0.6993986216886699525, 0.000000000000000000, -0.7147318154244910460 ) ) ;
#2527 = CARTESIAN_POINT ( 'NONE',  ( 2.984791646450138280, 0.000000000000000000, -18.84523277876394332 ) ) ;
#2528 = CARTESIAN_POINT ( 'NONE',  ( -1.876717580557275696E-15, 0.3106601717798219142, 20.00000000000007105 ) ) ;
#2529 = CARTESIAN_POINT ( 'NONE',  ( 11.75570504584948139, 0.7500000000000006661, 16.18033988749900942 ) ) ;
#2530 = ORIENTED_EDGE ( 'NONE', *, *, #5017, .F. ) ;
#2531 = EDGE_CURVE ( 'NONE', #2593, #3995, #49, .T. ) ;
#2532 = ORIENTED_EDGE ( 'NONE', *, *, #682, .T. ) ;
#2533 = CARTESIAN_POINT ( 'NONE',  ( 19.75376681190278561, 0.7500000000000006661, 3.128689300804657680 ) ) ;
#2534 = LINE ( 'NONE', #4973, #2213 ) ;
#2535 = LINE ( 'NONE', #937, #1132 ) ;
#2536 = CARTESIAN_POINT ( 'NONE',  ( 1.490722818829056884, 17.50000000000000000, -18.94142934092942809 ) ) ;
#2537 = VERTEX_POINT ( 'NONE', #5090 ) ;
#2538 = ADVANCED_FACE ( 'NONE', ( #2494 ), #1360, .F. ) ;
#2539 = ORIENTED_EDGE ( 'NONE', *, *, #2189, .T. ) ;
#2540 = ORIENTED_EDGE ( 'NONE', *, *, #3390, .F. ) ;
#2541 = CARTESIAN_POINT ( 'NONE',  ( 11.75570504584948139, 0.7500000000000006661, 16.18033988749900942 ) ) ;
#2542 = AXIS2_PLACEMENT_3D ( 'NONE', #3410, #1698, #523 ) ;
#2543 = DIRECTION ( 'NONE',  ( -0.000000000000000000, -1.000000000000000000, -0.000000000000000000 ) ) ;
#2544 = ORIENTED_EDGE ( 'NONE', *, *, #5032, .T. ) ;
#2545 = CARTESIAN_POINT ( 'NONE',  ( -17.47241226587835783, 0.000000000000000000, 8.415286074267372740 ) ) ;
#2546 = PRODUCT_DEFINITION_FORMATION_WITH_SPECIFIED_SOURCE ( 'ANY', '', #1056, .NOT_KNOWN. ) ;
#2547 = PLANE ( 'NONE',  #862 ) ;
#2548 = DIRECTION ( 'NONE',  ( 0.9476501889972764880, 0.000000000000000000, -0.3193103808106249608 ) ) ;
#2549 = VECTOR ( 'NONE', #2595, 1000.000000000000000 ) ;
#2550 = FACE_OUTER_BOUND ( 'NONE', #1165, .T. ) ;
#2551 = EDGE_CURVE ( 'NONE', #2389, #3279, #2980, .T. ) ;
#2552 = DIRECTION ( 'NONE',  ( 0.9893263804011538376, 0.000000000000000000, 0.1457165503378092530 ) ) ;
#2553 = DIRECTION ( 'NONE',  ( -0.000000000000000000, -1.000000000000000000, -0.000000000000000000 ) ) ;
#2554 = CARTESIAN_POINT ( 'NONE',  ( 9.189097407544304374, 0.000000000000000000, -17.07813569846648960 ) ) ;
#2555 = CARTESIAN_POINT ( 'NONE',  ( -18.47502848755588545, 17.50000000000000000, 4.435461913262241040 ) ) ;
#2556 = VERTEX_POINT ( 'NONE', #1709 ) ;
#2557 = ORIENTED_EDGE ( 'NONE', *, *, #359, .T. ) ;
#2558 = LINE ( 'NONE', #3775, #3351 ) ;
#2559 = VERTEX_POINT ( 'NONE', #5038 ) ;
#2560 = ORIENTED_EDGE ( 'NONE', *, *, #4659, .F. ) ;
#2561 = LINE ( 'NONE', #5128, #5303 ) ;
#2562 = VECTOR ( 'NONE', #5260, 1000.000000000000000 ) ;
#2563 = LINE ( 'NONE', #3827, #2116 ) ;
#2564 = ADVANCED_FACE ( 'NONE', ( #3349 ), #1791, .F. ) ;
#2565 = VERTEX_POINT ( 'NONE', #2598 ) ;
#2566 = EDGE_LOOP ( 'NONE', ( #4559, #690, #3500, #1717 ) ) ;
#2567 = FACE_OUTER_BOUND ( 'NONE', #5163, .T. ) ;
#2568 = AXIS2_PLACEMENT_3D ( 'NONE', #4194, #1331, #5010 ) ;
#2569 = CARTESIAN_POINT ( 'NONE',  ( 19.02113032590310482, 17.50000000000000000, 6.180339887498993434 ) ) ;
#2570 = CARTESIAN_POINT ( 'NONE',  ( 3.128689300804621709, 17.50000000000000000, 19.75376681190282468 ) ) ;
#2571 = VERTEX_POINT ( 'NONE', #123 ) ;
#2572 = DIRECTION ( 'NONE',  ( 0.9999412215650127500, 0.000000000000000000, -0.01084220526784602547 ) ) ;
#2573 = LINE ( 'NONE', #1314, #1574 ) ;
#2574 = PLANE ( 'NONE',  #5340 ) ;
#2575 = ADVANCED_FACE ( 'NONE', ( #896 ), #2547, .F. ) ;
#2576 = EDGE_CURVE ( 'NONE', #2864, #4679, #4709, .T. ) ;
#2577 = CARTESIAN_POINT ( 'NONE',  ( -14.14213562373097766, 17.50000000000000000, -14.14213562373093858 ) ) ;
#2578 = CARTESIAN_POINT ( 'NONE',  ( 0.000000000000000000, 17.50000000000000000, -20.00000000000000000 ) ) ;
#2579 = ADVANCED_FACE ( 'NONE', ( #3810 ), #3034, .T. ) ;
#2580 = DIRECTION ( 'NONE',  ( 0.9999412215650126390, -0.000000000000000000, -0.01084220526785186975 ) ) ;
#2581 = CARTESIAN_POINT ( 'NONE',  ( -13.49169707002270790, 0.000000000000000000, 13.49169707002274166 ) ) ;
#2582 = ORIENTED_EDGE ( 'NONE', *, *, #2695, .F. ) ;
#2583 = CARTESIAN_POINT ( 'NONE',  ( 19.75376681190278561, 0.3106601717798219142, 3.128689300804658124 ) ) ;
#2584 = DIRECTION ( 'NONE',  ( -0.9999412215650128610, 0.000000000000000000, 0.01084220526784623016 ) ) ;
#2585 = FACE_OUTER_BOUND ( 'NONE', #420, .T. ) ;
#2586 = DIRECTION ( 'NONE',  ( 0.000000000000000000, -1.000000000000000000, 0.000000000000000000 ) ) ;
#2587 = ORIENTED_EDGE ( 'NONE', *, *, #1391, .T. ) ;
#2588 = VECTOR ( 'NONE', #4400, 1000.000000000000114 ) ;
#2589 = ORIENTED_EDGE ( 'NONE', *, *, #4125, .T. ) ;
#2590 = VECTOR ( 'NONE', #3661, 999.9999999999998863 ) ;
#2591 = EDGE_LOOP ( 'NONE', ( #2616, #639, #5348, #4871 ) ) ;
#2592 = DIRECTION ( 'NONE',  ( -0.9999412215650127500, -0.000000000000000000, 0.01084220526785187148 ) ) ;
#2593 = VERTEX_POINT ( 'NONE', #24 ) ;
#2594 = EDGE_CURVE ( 'NONE', #1327, #2146, #2930, .T. ) ;
#2595 = DIRECTION ( 'NONE',  ( -0.4443033392582304009, -0.000000000000000000, 0.8958764104071419432 ) ) ;
#2596 = CARTESIAN_POINT ( 'NONE',  ( -15.94085710189100880, 0.000000000000000000, 11.04496740410156086 ) ) ;
#2597 = EDGE_LOOP ( 'NONE', ( #2988, #2582, #1958, #3997 ) ) ;
#2598 = CARTESIAN_POINT ( 'NONE',  ( 17.82013048376738595, 17.50000000000000000, 9.079809994790986494 ) ) ;
#2599 = CARTESIAN_POINT ( 'NONE',  ( 19.75376681190278561, 17.50000000000000000, -3.128689300804587958 ) ) ;
#2600 = EDGE_CURVE ( 'NONE', #5367, #3691, #872, .T. ) ;
#2601 = FACE_OUTER_BOUND ( 'NONE', #3905, .T. ) ;
#2602 = CARTESIAN_POINT ( 'NONE',  ( 8.662202736729623709, 0.000000000000000000, -17.00053009192100006 ) ) ;
#2603 = VECTOR ( 'NONE', #2071, 1000.000000000000114 ) ;
#2604 = CARTESIAN_POINT ( 'NONE',  ( 6.180339887498957019, 17.50000000000000000, 19.02113032590313679 ) ) ;
#2605 = LINE ( 'NONE', #2961, #3154 ) ;
#2606 = FACE_OUTER_BOUND ( 'NONE', #1220, .T. ) ;
#2607 = VERTEX_POINT ( 'NONE', #4266 ) ;
#2608 = EDGE_CURVE ( 'NONE', #2374, #4730, #2195, .T. ) ;
#2609 =( BOUNDED_CURVE ( )  B_SPLINE_CURVE ( 3, ( #846, #2493, #4170, #1734 ),
 .UNSPECIFIED., .F., .T. ) 
 B_SPLINE_CURVE_WITH_KNOTS ( ( 4, 4 ),
 ( 4.712388980384689674, 6.283185307179586232 ),
 .UNSPECIFIED. ) 
 CURVE ( )  GEOMETRIC_REPRESENTATION_ITEM ( )  RATIONAL_B_SPLINE_CURVE ( ( 1.000000000000000000, 0.8047378541243649375, 0.8047378541243649375, 1.000000000000000000 ) ) 
 REPRESENTATION_ITEM ( '' )  );
#2610 = CARTESIAN_POINT ( 'NONE',  ( 9.079809994790950967, 17.50000000000000000, -17.82013048376735753 ) ) ;
#2611 = CARTESIAN_POINT ( 'NONE',  ( -17.82013048376738951, 17.50000000000000000, -9.079809994790915439 ) ) ;
#2612 = DIRECTION ( 'NONE',  ( 0.5965222315135666475, 0.000000000000000000, -0.8025965532632660659 ) ) ;
#2613 = DIRECTION ( 'NONE',  ( 0.5965222315134229847, -0.000000000000000000, 0.8025965532633728694 ) ) ;
#2614 = VERTEX_POINT ( 'NONE', #3112 ) ;
#2615 = CARTESIAN_POINT ( 'NONE',  ( -18.47502848755588545, 0.7500000000000006661, 4.435461913262241040 ) ) ;
#2616 = ORIENTED_EDGE ( 'NONE', *, *, #4995, .T. ) ;
#2617 = EDGE_CURVE ( 'NONE', #2697, #3691, #4156, .T. ) ;
#2618 = ORIENTED_EDGE ( 'NONE', *, *, #993, .T. ) ;
#2619 = CARTESIAN_POINT ( 'NONE',  ( 17.62530740377556171, 0.000000000000000000, 4.231461929904049235 ) ) ;
#2620 = ADVANCED_FACE ( 'NONE', ( #2328 ), #2623, .F. ) ;
#2621 = CYLINDRICAL_SURFACE ( 'NONE', #4917, 0.7500000000000007772 ) ;
#2622 = VERTEX_POINT ( 'NONE', #4372 ) ;
#2623 = PLANE ( 'NONE',  #323 ) ;
#2624 = PLANE ( 'NONE',  #3313 ) ;
#2625 = VECTOR ( 'NONE', #1714, 1000.000000000000000 ) ;
#2626 = EDGE_CURVE ( 'NONE', #3586, #2921, #3890, .T. ) ;
#2627 = DIRECTION ( 'NONE',  ( 0.7147318154245566602, 0.000000000000000000, -0.6993986216886028950 ) ) ;
#2628 = CARTESIAN_POINT ( 'NONE',  ( 18.07025710545692121, 0.000000000000000000, 1.422160076959175123 ) ) ;
#2629 = CARTESIAN_POINT ( 'NONE',  ( 11.74757339189859984, 0.7500000000000006661, 15.43038397132525041 ) ) ;
#2630 = CARTESIAN_POINT ( 'NONE',  ( 9.079809994790950967, 0.7500000000000006661, -17.82013048376735753 ) ) ;
#2631 = EDGE_LOOP ( 'NONE', ( #1354, #4077, #4460, #496 ) ) ;
#2632 = FACE_OUTER_BOUND ( 'NONE', #4144, .T. ) ;
#2633 = VECTOR ( 'NONE', #488, 1000.000000000000000 ) ;
#2634 = CARTESIAN_POINT ( 'NONE',  ( 3.128689300804621709, 17.50000000000000000, 19.75376681190282468 ) ) ;
#2635 = LINE ( 'NONE', #3434, #3260 ) ;
#2636 = CARTESIAN_POINT ( 'NONE',  ( -16.20016312272777625, 0.7500000000000006661, 9.927472729603072921 ) ) ;
#2637 = CARTESIAN_POINT ( 'NONE',  ( -16.18033988749897745, 17.50000000000000000, 11.75570504584951692 ) ) ;
#2638 = CYLINDRICAL_SURFACE ( 'NONE', #985, 0.7500000000000013323 ) ;
#2639 = ORIENTED_EDGE ( 'NONE', *, *, #2617, .T. ) ;
#2640 = ORIENTED_EDGE ( 'NONE', *, *, #1544, .T. ) ;
#2641 =( BOUNDED_CURVE ( )  B_SPLINE_CURVE ( 3, ( #3322, #1211, #2851, #1635 ),
 .UNSPECIFIED., .F., .T. ) 
 B_SPLINE_CURVE_WITH_KNOTS ( ( 4, 4 ),
 ( 4.712388980384689674, 6.283185307179586232 ),
 .UNSPECIFIED. ) 
 CURVE ( )  GEOMETRIC_REPRESENTATION_ITEM ( )  RATIONAL_B_SPLINE_CURVE ( ( 1.000000000000000000, 0.8047378541243649375, 0.8047378541243649375, 1.000000000000000000 ) ) 
 REPRESENTATION_ITEM ( '' )  );
#2642 = DIRECTION ( 'NONE',  ( -0.2986872808686359404, 0.000000000000000000, -0.9543510403658083119 ) ) ;
#2643 = VECTOR ( 'NONE', #1748, 1000.000000000000114 ) ;
#2644 = ORIENTED_EDGE ( 'NONE', *, *, #4734, .T. ) ;
#2645 = ORIENTED_EDGE ( 'NONE', *, *, #2231, .F. ) ;
#2646 = CARTESIAN_POINT ( 'NONE',  ( -9.927472729603044499, 0.7500000000000006661, 16.20016312272780468 ) ) ;
#2647 = CIRCLE ( 'NONE', #1356, 15.49999999999998401 ) ;
#2648 = ADVANCED_FACE ( 'NONE', ( #3526 ), #4321, .F. ) ;
#2649 = ORIENTED_EDGE ( 'NONE', *, *, #2777, .T. ) ;
#2650 = CARTESIAN_POINT ( 'NONE',  ( -6.669037799989183668, 0.000000000000000000, 17.10631944407943195 ) ) ;
#2651 = CYLINDRICAL_SURFACE ( 'NONE', #4007, 0.7500000000000006661 ) ;
#2652 = ORIENTED_EDGE ( 'NONE', *, *, #3365, .F. ) ;
#2653 = VECTOR ( 'NONE', #4496, 1000.000000000000227 ) ;
#2654 = CARTESIAN_POINT ( 'NONE',  ( 17.10631944407940352, 0.000000000000000000, 6.669037799989213866 ) ) ;
#2655 = CARTESIAN_POINT ( 'NONE',  ( 8.906831404756507808, 7.858433264582426719E-16, -17.48064088573829267 ) ) ;
#2656 = LINE ( 'NONE', #2714, #867 ) ;
#2657 = DIRECTION ( 'NONE',  ( -0.4636242905187136221, 0.000000000000000000, -0.8860318940314843017 ) ) ;
#2658 = CARTESIAN_POINT ( 'NONE',  ( -18.47502848755588190, 17.50000000000000000, -4.435461913262177092 ) ) ;
#2659 = ORIENTED_EDGE ( 'NONE', *, *, #4057, .T. ) ;
#2660 = FACE_OUTER_BOUND ( 'NONE', #4748, .T. ) ;
#2661 = DIRECTION ( 'NONE',  ( 0.000000000000000000, 0.000000000000000000, -1.000000000000000000 ) ) ;
#2662 = EDGE_CURVE ( 'NONE', #5274, #1594, #1487, .T. ) ;
#2663 = PLANE ( 'NONE',  #3426 ) ;
#2664 = PLANE ( 'NONE',  #3648 ) ;
#2665 = DIRECTION ( 'NONE',  ( -0.4636242905187167307, 0.000000000000000000, 0.8860318940314826364 ) ) ;
#2666 = ORIENTED_EDGE ( 'NONE', *, *, #295, .T. ) ;
#2667 = VECTOR ( 'NONE', #4962, 1000.000000000000000 ) ;
#2668 = CYLINDRICAL_SURFACE ( 'NONE', #4485, 0.7499999999999998890 ) ;
#2669 = LINE ( 'NONE', #301, #1700 ) ;
#2670 = ORIENTED_EDGE ( 'NONE', *, *, #1495, .F. ) ;
#2671 = CARTESIAN_POINT ( 'NONE',  ( -11.75570504584948672, 17.50000000000000000, 16.18033988749900942 ) ) ;
#2672 = VECTOR ( 'NONE', #2592, 999.9999999999998863 ) ;
#2673 =( BOUNDED_CURVE ( )  B_SPLINE_CURVE ( 3, ( #2233, #3098, #1072, #182 ),
 .UNSPECIFIED., .F., .T. ) 
 B_SPLINE_CURVE_WITH_KNOTS ( ( 4, 4 ),
 ( 4.712388980384689674, 6.283185307179586232 ),
 .UNSPECIFIED. ) 
 CURVE ( )  GEOMETRIC_REPRESENTATION_ITEM ( )  RATIONAL_B_SPLINE_CURVE ( ( 1.000000000000000000, 0.8047378541243649375, 0.8047378541243649375, 1.000000000000000000 ) ) 
 REPRESENTATION_ITEM ( '' )  );
#2674 = EDGE_CURVE ( 'NONE', #3897, #4230, #674, .T. ) ;
#2675 = ADVANCED_FACE ( 'NONE', ( #975 ), #4784, .T. ) ;
#2676 = EDGE_CURVE ( 'NONE', #677, #4265, #3625, .T. ) ;
#2677 = CIRCLE ( 'NONE', #334, 5.500000000000000000 ) ;
#2678 = EDGE_LOOP ( 'NONE', ( #448, #2771, #2273, #2316 ) ) ;
#2679 = DIRECTION ( 'NONE',  ( 0.8860318940314830805, 0.000000000000000000, -0.4636242905187159535 ) ) ;
#2680 = CARTESIAN_POINT ( 'NONE',  ( 6.062598824603756320, 6.774231092096921299E-16, -18.65876059498098627 ) ) ;
#2681 = ORIENTED_EDGE ( 'NONE', *, *, #2334, .T. ) ;
#2682 = VECTOR ( 'NONE', #3355, 1000.000000000000000 ) ;
#2683 = VERTEX_POINT ( 'NONE', #2299 ) ;
#2684 = CARTESIAN_POINT ( 'NONE',  ( -5.578392472551411352, 0.7500000000000006661, -18.57373865226750098 ) ) ;
#2685 = CARTESIAN_POINT ( 'NONE',  ( 4.435461913262208178, 17.50000000000000000, -18.47502848755584992 ) ) ;
#2686 = EDGE_CURVE ( 'NONE', #803, #3483, #5247, .T. ) ;
#2687 = CARTESIAN_POINT ( 'NONE',  ( -1.835683692345292162, 15.26644830212909199, -2.507367026942301624 ) ) ;
#2688 = DIRECTION ( 'NONE',  ( -0.4636242905187167307, 0.000000000000000000, 0.8860318940314826364 ) ) ;
#2689 = CARTESIAN_POINT ( 'NONE',  ( -19.75376681190278916, 17.50000000000000000, -3.128689300804586626 ) ) ;
#2690 = ORIENTED_EDGE ( 'NONE', *, *, #3606, .T. ) ;
#2691 = EDGE_CURVE ( 'NONE', #1567, #2053, #5116, .T. ) ;
#2692 = CARTESIAN_POINT ( 'NONE',  ( -4.435461913262208178, 17.50000000000000000, 18.47502848755591032 ) ) ;
#2693 = CARTESIAN_POINT ( 'NONE',  ( -5.896087816609128396, 0.000000000000000000, 18.14629240691754219 ) ) ;
#2694 = PLANE ( 'NONE',  #2941 ) ;
#2695 = EDGE_CURVE ( 'NONE', #4670, #2870, #1003, .T. ) ;
#2696 = DIRECTION ( 'NONE',  ( -0.2986872808686384384, 0.000000000000000000, 0.9543510403658075347 ) ) ;
#2697 = VERTEX_POINT ( 'NONE', #5219 ) ;
#2698 = VECTOR ( 'NONE', #4902, 1000.000000000000000 ) ;
#2699 = ORIENTED_EDGE ( 'NONE', *, *, #20, .F. ) ;
#2700 = PRODUCT_DEFINITION_SHAPE ( 'NONE', 'NONE',  #3509 ) ;
#2701 = ADVANCED_FACE ( 'NONE', ( #1517 ), #1926, .T. ) ;
#2702 = DIRECTION ( 'NONE',  ( -0.2986872808686414360, 0.000000000000000000, 0.9543510403658065355 ) ) ;
#2703 = ORIENTED_EDGE ( 'NONE', *, *, #3898, .T. ) ;
#2704 = FACE_OUTER_BOUND ( 'NONE', #5214, .T. ) ;
#2705 = CARTESIAN_POINT ( 'NONE',  ( 17.82013048376738595, 17.50000000000000000, -9.079809994790915439 ) ) ;
#2706 = ORIENTED_EDGE ( 'NONE', *, *, #799, .T. ) ;
#2707 = EDGE_LOOP ( 'NONE', ( #1408, #4903, #2012, #664 ) ) ;
#2708 = CARTESIAN_POINT ( 'NONE',  ( 8.415286074267337213, 0.7500000000000006661, -17.47241226587831875 ) ) ;
#2709 = CYLINDRICAL_SURFACE ( 'NONE', #2352, 0.7500000000000016653 ) ;
#2710 = ORIENTED_EDGE ( 'NONE', *, *, #3731, .T. ) ;
#2711 = EDGE_LOOP ( 'NONE', ( #4010, #3846, #1973, #4436 ) ) ;
#2712 = FACE_BOUND ( 'NONE', #4756, .T. ) ;
#2713 = CARTESIAN_POINT ( 'NONE',  ( -5.578392472551412240, 0.000000000000000000, -18.57373865226750098 ) ) ;
#2714 = CARTESIAN_POINT ( 'NONE',  ( 19.75376681190278561, 17.50000000000000000, 3.128689300804657680 ) ) ;
#2715 = LINE ( 'NONE', #5228, #4377 ) ;
#2716 = LINE ( 'NONE', #5170, #2099 ) ;
#2717 = ORIENTED_EDGE ( 'NONE', *, *, #4527, .T. ) ;
#2718 = VECTOR ( 'NONE', #2969, 1000.000000000000114 ) ;
#2719 = EDGE_CURVE ( 'NONE', #2860, #810, #274, .T. ) ;
#2720 = LINE ( 'NONE', #2692, #1697 ) ;
#2721 = CYLINDRICAL_SURFACE ( 'NONE', #3865, 0.7499999999999994449 ) ;
#2722 = CARTESIAN_POINT ( 'NONE',  ( -16.81171633241361008, 0.000000000000000000, 7.380272627690100506 ) ) ;
#2723 = FACE_OUTER_BOUND ( 'NONE', #692, .T. ) ;
#2724 = EDGE_LOOP ( 'NONE', ( #2640, #362, #1039, #5106 ) ) ;
#2725 = VERTEX_POINT ( 'NONE', #4811 ) ;
#2726 = AXIS2_PLACEMENT_3D ( 'NONE', #1687, #2100, #3451 ) ;
#2727 = DIRECTION ( 'NONE',  ( -0.000000000000000000, -1.000000000000000000, -0.000000000000000000 ) ) ;
#2728 = ORIENTED_EDGE ( 'NONE', *, *, #533, .T. ) ;
#2729 = CARTESIAN_POINT ( 'NONE',  ( -17.48064088573832819, 6.782361035846846955E-16, 8.906831404756545112 ) ) ;
#2730 = AXIS2_PLACEMENT_3D ( 'NONE', #2170, #4600, #3762 ) ;
#2731 = DIRECTION ( 'NONE',  ( -0.9476501889972740456, 0.000000000000000000, -0.3193103808106315666 ) ) ;
#2732 = DIRECTION ( 'NONE',  ( 0.4443033392582319552, 0.000000000000000000, 0.8958764104071412770 ) ) ;
#2733 = VERTEX_POINT ( 'NONE', #1090 ) ;
#2734 = EDGE_CURVE ( 'NONE', #3483, #2870, #842, .T. ) ;
#2735 = AXIS2_PLACEMENT_3D ( 'NONE', #4033, #4416, #4502 ) ;
#2736 = ORIENTED_EDGE ( 'NONE', *, *, #468, .F. ) ;
#2737 = CARTESIAN_POINT ( 'NONE',  ( -17.82013048376738951, 17.50000000000000000, -9.079809994790915439 ) ) ;
#2738 = AXIS2_PLACEMENT_3D ( 'NONE', #3539, #1800, #1015 ) ;
#2739 = CARTESIAN_POINT ( 'NONE',  ( -6.404355348150439831, 0.000000000000000000, 18.30536704562878469 ) ) ;
#2740 = VECTOR ( 'NONE', #1025, 1000.000000000000114 ) ;
#2741 = ORIENTED_EDGE ( 'NONE', *, *, #2576, .F. ) ;
#2742 = DIRECTION ( 'NONE',  ( -0.7147318154244898247, -0.000000000000000000, -0.6993986216886712848 ) ) ;
#2743 = PLANE ( 'NONE',  #4157 ) ;
#2744 = LINE ( 'NONE', #3093, #2775 ) ;
#2745 = DIRECTION ( 'NONE',  ( -1.000000000000000000, 0.000000000000000000, -0.000000000000000000 ) ) ;
#2746 = EDGE_CURVE ( 'NONE', #4809, #4344, #5352, .T. ) ;
#2747 = EDGE_LOOP ( 'NONE', ( #1053, #3847, #553, #1142 ) ) ;
#2748 = EDGE_CURVE ( 'NONE', #4783, #865, #4514, .T. ) ;
#2749 = EDGE_CURVE ( 'NONE', #2088, #3146, #2765, .T. ) ;
#2750 = ADVANCED_FACE ( 'NONE', ( #1985 ), #3646, .T. ) ;
#2751 = CARTESIAN_POINT ( 'NONE',  ( 17.55371111771447445, 0.3106601717798219142, -7.270985214936689367 ) ) ;
#2752 = CARTESIAN_POINT ( 'NONE',  ( -17.07813569846652513, 0.7500000000000006661, -9.189097407544268847 ) ) ;
#2753 = FACE_OUTER_BOUND ( 'NONE', #1219, .T. ) ;
#2754 = AXIS2_PLACEMENT_3D ( 'NONE', #3668, #1278, #1202 ) ;
#2755 = CARTESIAN_POINT ( 'NONE',  ( 6.180339887498957019, 0.7500000000000006661, 19.02113032590313679 ) ) ;
#2756 = ORIENTED_EDGE ( 'NONE', *, *, #1718, .F. ) ;
#2757 = EDGE_LOOP ( 'NONE', ( #2113, #4454, #3828, #1055 ) ) ;
#2758 = B_SPLINE_CURVE_WITH_KNOTS ( 'NONE', 3,
 ( #4511, #1620, #4075, #2408, #5374, #4566 ),
 .UNSPECIFIED., .F., .F.,
 ( 4, 2, 4 ),
 ( 0.000000000000000000, 0.0004000354368920332670, 0.0008000708737840665340 ),
 .UNSPECIFIED. ) ;
#2759 = DIRECTION ( 'NONE',  ( -0.000000000000000000, -1.000000000000000000, -0.000000000000000000 ) ) ;
#2760 = VERTEX_POINT ( 'NONE', #4020 ) ;
#2761 = CARTESIAN_POINT ( 'NONE',  ( -3.482582302567462064E-16, 1.000000000000000000, 7.656255742478427884 ) ) ;
#2762 = CARTESIAN_POINT ( 'NONE',  ( -16.18033988749897745, 17.50000000000000000, -11.75570504584944587 ) ) ;
#2763 = ORIENTED_EDGE ( 'NONE', *, *, #588, .F. ) ;
#2764 = ORIENTED_EDGE ( 'NONE', *, *, #4781, .F. ) ;
#2765 = CIRCLE ( 'NONE', #4167, 17.49999999999999645 ) ;
#2766 = ORIENTED_EDGE ( 'NONE', *, *, #3338, .F. ) ;
#2767 = DIRECTION ( 'NONE',  ( 0.3193103808106269592, -0.000000000000000000, 0.9476501889972757109 ) ) ;
#2768 = EDGE_CURVE ( 'NONE', #939, #3967, #1180, .T. ) ;
#2769 = CYLINDRICAL_SURFACE ( 'NONE', #3400, 0.7500000000000013323 ) ;
#2770 = AXIS2_PLACEMENT_3D ( 'NONE', #2434, #2028, #4101 ) ;
#2771 = ORIENTED_EDGE ( 'NONE', *, *, #4452, .F. ) ;
#2772 = CARTESIAN_POINT ( 'NONE',  ( -1.490722818829057328, 0.7500000000000006661, -18.94142934092942809 ) ) ;
#2773 = CYLINDRICAL_SURFACE ( 'NONE', #848, 0.7500000000000009992 ) ;
#2774 = DIRECTION ( 'NONE',  ( 0.000000000000000000, 0.000000000000000000, -1.000000000000000000 ) ) ;
#2775 = VECTOR ( 'NONE', #2254, 1000.000000000000114 ) ;
#2776 = LINE ( 'NONE', #2308, #4011 ) ;
#2777 = EDGE_CURVE ( 'NONE', #1882, #4005, #786, .T. ) ;
#2778 = ORIENTED_EDGE ( 'NONE', *, *, #892, .F. ) ;
#2779 = CARTESIAN_POINT ( 'NONE',  ( 15.45506981067500973, 0.000000000000000000, -9.470878960739291585 ) ) ;
#2780 = CARTESIAN_POINT ( 'NONE',  ( 19.02113032590310482, 17.50000000000000000, 6.180339887498993434 ) ) ;
#2781 = CARTESIAN_POINT ( 'NONE',  ( -18.47502848755588190, 0.7500000000000006661, -4.435461913262176203 ) ) ;
#2782 = CARTESIAN_POINT ( 'NONE',  ( 20.00000000000003197, 0.3106601717798219142, 3.465483670659545095E-14 ) ) ;
#2783 = VERTEX_POINT ( 'NONE', #2440 ) ;
#2784 = EDGE_LOOP ( 'NONE', ( #889, #950, #2180, #774 ) ) ;
#2785 = DIRECTION ( 'NONE',  ( -0.9543510403658066465, 0.000000000000000000, -0.2986872808686413250 ) ) ;
#2786 = ORIENTED_EDGE ( 'NONE', *, *, #5322, .T. ) ;
#2787 = CARTESIAN_POINT ( 'NONE',  ( 18.94142934092945296, 17.50000000000000000, -1.490722818829025575 ) ) ;
#2788 = CARTESIAN_POINT ( 'NONE',  ( -3.851859888774471706E-31, 0.9999999999999997780, 10.49999999999999822 ) ) ;
#2789 = COLOUR_RGB ( '',0.7921568627450980005, 0.8196078431372548767, 0.9333333333333333481 ) ;
#2790 = DIRECTION ( 'NONE',  ( 0.9893263804011546148, 0.000000000000000000, -0.1457165503378054505 ) ) ;
#2791 = ORIENTED_EDGE ( 'NONE', *, *, #4402, .F. ) ;
#2792 = ADVANCED_FACE ( 'NONE', ( #4545 ), #2360, .T. ) ;
#2793 = ORIENTED_EDGE ( 'NONE', *, *, #1901, .F. ) ;
#2794 = CARTESIAN_POINT ( 'NONE',  ( 16.18033988749897389, 0.7500000000000006661, -11.75570504584944764 ) ) ;
#2795 = LINE ( 'NONE', #2467, #93 ) ;
#2796 = VERTEX_POINT ( 'NONE', #3201 ) ;
#2797 = ADVANCED_FACE ( 'NONE', ( #3229 ), #811, .T. ) ;
#2798 = CARTESIAN_POINT ( 'NONE',  ( -1.490722818829055552, 17.50000000000000000, 18.94142934092948849 ) ) ;
#2799 = DIRECTION ( 'NONE',  ( 0.1457165503378057836, 0.000000000000000000, 0.9893263804011542817 ) ) ;
#2800 = CARTESIAN_POINT ( 'NONE',  ( -10.00473741840923481, 0.3268088205148577119, 5.497631290795386150 ) ) ;
#2801 = ADVANCED_FACE ( 'NONE', ( #3257 ), #1655, .F. ) ;
#2802 = CARTESIAN_POINT ( 'NONE',  ( -11.75570504584948672, 17.50000000000000000, 16.18033988749900942 ) ) ;
#2803 = FACE_OUTER_BOUND ( 'NONE', #9, .T. ) ;
#2804 = CARTESIAN_POINT ( 'NONE',  ( 2.173748068486551641E-15, -1.000000000000000000, 17.49999999999999645 ) ) ;
#2805 = DIRECTION ( 'NONE',  ( -0.9893263804011543927, 0.000000000000000000, -0.1457165503378061722 ) ) ;
#2806 = VERTEX_POINT ( 'NONE', #702 ) ;
#2807 = VECTOR ( 'NONE', #3439, 1000.000000000000114 ) ;
#2808 = ORIENTED_EDGE ( 'NONE', *, *, #4437, .F. ) ;
#2809 = LINE ( 'NONE', #355, #564 ) ;
#2810 = ORIENTED_EDGE ( 'NONE', *, *, #3144, .F. ) ;
#2811 = DIRECTION ( 'NONE',  ( 0.8860318940314854119, -0.000000000000000000, -0.4636242905187114016 ) ) ;
#2812 = LINE ( 'NONE', #12, #1368 ) ;
#2813 = DIRECTION ( 'NONE',  ( 0.6993986216886685092, -0.000000000000000000, -0.7147318154244923782 ) ) ;
#2814 = ORIENTED_EDGE ( 'NONE', *, *, #2000, .F. ) ;
#2815 = CIRCLE ( 'NONE', #2468, 0.5000000000000004441 ) ;
#2816 = ORIENTED_EDGE ( 'NONE', *, *, #3413, .F. ) ;
#2817 = EDGE_CURVE ( 'NONE', #1690, #4018, #1399, .T. ) ;
#2818 = EDGE_CURVE ( 'NONE', #1454, #342, #1545, .T. ) ;
#2819 = ORIENTED_EDGE ( 'NONE', *, *, #2862, .F. ) ;
#2820 = CARTESIAN_POINT ( 'NONE',  ( 9.738345398044641499, 6.774231092096921299E-16, -15.89153536764200325 ) ) ;
#2821 = CARTESIAN_POINT ( 'NONE',  ( -9.079809994790952743, 17.50000000000000000, 17.82013048376742148 ) ) ;
#2822 = ORIENTED_EDGE ( 'NONE', *, *, #560, .T. ) ;
#2823 =( BOUNDED_CURVE ( )  B_SPLINE_CURVE ( 3, ( #2107, #10, #907, #2160 ),
 .UNSPECIFIED., .F., .F. ) 
 B_SPLINE_CURVE_WITH_KNOTS ( ( 4, 4 ),
 ( 4.712388980384689674, 6.283185307179586232 ),
 .UNSPECIFIED. ) 
 CURVE ( )  GEOMETRIC_REPRESENTATION_ITEM ( )  RATIONAL_B_SPLINE_CURVE ( ( 1.000000000000000000, 0.8047378541243649375, 0.8047378541243649375, 1.000000000000000000 ) ) 
 REPRESENTATION_ITEM ( '' )  );
#2824 = LINE ( 'NONE', #4495, #1188 ) ;
#2825 = DIRECTION ( 'NONE',  ( -0.8153423299809076097, 0.000000000000000000, -0.5789791748770458657 ) ) ;
#2826 = CARTESIAN_POINT ( 'NONE',  ( -19.02113032590310837, 17.50000000000000000, -6.180339887498923268 ) ) ;
#2827 = APPLICATION_PROTOCOL_DEFINITION ( 'draft international standard', 'automotive_design', 1998, #2007 ) ;
#2828 = DIRECTION ( 'NONE',  ( -0.3193103808106271813, 0.000000000000000000, 0.9476501889972755999 ) ) ;
#2829 = DIRECTION ( 'NONE',  ( 0.7147318154244923782, -0.000000000000000000, 0.6993986216886685092 ) ) ;
#2830 = CYLINDRICAL_SURFACE ( 'NONE', #4175, 0.7499999999999994449 ) ;
#2831 = CARTESIAN_POINT ( 'NONE',  ( 0.000000000000000000, 3.499999999999996003, 0.000000000000000000 ) ) ;
#2832 = ORIENTED_EDGE ( 'NONE', *, *, #2117, .T. ) ;
#2833 = ORIENTED_EDGE ( 'NONE', *, *, #3197, .F. ) ;
#2834 = VECTOR ( 'NONE', #2119, 999.9999999999998863 ) ;
#2835 = CARTESIAN_POINT ( 'NONE',  ( -16.20016312272777625, 0.3106601717798219142, 9.927472729603071144 ) ) ;
#2836 = ORIENTED_EDGE ( 'NONE', *, *, #1624, .T. ) ;
#2837 = CARTESIAN_POINT ( 'NONE',  ( -17.82013048376738951, 17.50000000000000000, 9.079809994790986494 ) ) ;
#2838 = CARTESIAN_POINT ( 'NONE',  ( -17.62530740377556526, 0.000000000000000000, -4.231461929903990615 ) ) ;
#2839 = PLANE ( 'NONE',  #710 ) ;
#2840 = ORIENTED_EDGE ( 'NONE', *, *, #2748, .F. ) ;
#2841 = EDGE_LOOP ( 'NONE', ( #3640, #439, #1512 ) ) ;
#2842 = EDGE_CURVE ( 'NONE', #2537, #4376, #4108, .T. ) ;
#2843 = ORIENTED_EDGE ( 'NONE', *, *, #1414, .F. ) ;
#2844 = CARTESIAN_POINT ( 'NONE',  ( 5.578392472551432668, 0.7500000000000006661, -18.57373865226800547 ) ) ;
#2845 = FACE_OUTER_BOUND ( 'NONE', #3168, .T. ) ;
#2846 = EDGE_CURVE ( 'NONE', #2898, #3196, #363, .T. ) ;
#2847 = EDGE_LOOP ( 'NONE', ( #3016, #1833, #2166, #4058 ) ) ;
#2848 = VECTOR ( 'NONE', #263, 1000.000000000000114 ) ;
#2849 = CYLINDRICAL_SURFACE ( 'NONE', #819, 0.7500000000000012212 ) ;
#2850 = DIRECTION ( 'NONE',  ( -0.8153423299809063884, 0.000000000000000000, 0.5789791748770476421 ) ) ;
#2851 = CARTESIAN_POINT ( 'NONE',  ( -16.20016312272777981, 0.3106601717798219142, -9.927472729603007195 ) ) ;
#2852 = SURFACE_STYLE_FILL_AREA ( #765 ) ;
#2853 =( BOUNDED_CURVE ( )  B_SPLINE_CURVE ( 3, ( #4851, #4329, #628, #264 ),
 .UNSPECIFIED., .F., .F. ) 
 B_SPLINE_CURVE_WITH_KNOTS ( ( 4, 4 ),
 ( 0.000000000000000000, 1.570796326794896558 ),
 .UNSPECIFIED. ) 
 CURVE ( )  GEOMETRIC_REPRESENTATION_ITEM ( )  RATIONAL_B_SPLINE_CURVE ( ( 1.000000000000000000, 0.8047378541243649375, 0.8047378541243649375, 1.000000000000000000 ) ) 
 REPRESENTATION_ITEM ( '' )  );
#2854 = ADVANCED_FACE ( 'NONE', ( #2036 ), #3705, .F. ) ;
#2855 = VECTOR ( 'NONE', #3630, 1000.000000000000114 ) ;
#2856 = DIRECTION ( 'NONE',  ( 0.6993986216886716178, 0.000000000000000000, -0.7147318154244893806 ) ) ;
#2857 = LINE ( 'NONE', #2881, #3075 ) ;
#2858 = DIRECTION ( 'NONE',  ( -0.000000000000000000, -1.000000000000000000, -0.000000000000000000 ) ) ;
#2859 = CYLINDRICAL_SURFACE ( 'NONE', #4374, 0.7500000000000001110 ) ;
#2860 = VERTEX_POINT ( 'NONE', #2871 ) ;
#2861 = ORIENTED_EDGE ( 'NONE', *, *, #2395, .T. ) ;
#2862 = EDGE_CURVE ( 'NONE', #1504, #212, #4433, .T. ) ;
#2863 = EDGE_CURVE ( 'NONE', #2874, #3938, #890, .T. ) ;
#2864 = VERTEX_POINT ( 'NONE', #4982 ) ;
#2865 = DIRECTION ( 'NONE',  ( -0.5789791748770476421, 0.000000000000000000, -0.8153423299809063884 ) ) ;
#2866 = CYLINDRICAL_SURFACE ( 'NONE', #2754, 0.7500000000000007772 ) ;
#2867 = DIRECTION ( 'NONE',  ( -0.000000000000000000, -1.000000000000000000, -0.000000000000000000 ) ) ;
#2868 = ORIENTED_EDGE ( 'NONE', *, *, #801, .T. ) ;
#2869 = EDGE_CURVE ( 'NONE', #2783, #4809, #2192, .T. ) ;
#2870 = VERTEX_POINT ( 'NONE', #2089 ) ;
#2871 = CARTESIAN_POINT ( 'NONE',  ( -13.49169707002271146, 0.000000000000000000, -13.49169707002267415 ) ) ;
#2872 = LINE ( 'NONE', #757, #2698 ) ;
#2873 = AXIS2_PLACEMENT_3D ( 'NONE', #3230, #3259, #787 ) ;
#2874 = VERTEX_POINT ( 'NONE', #1703 ) ;
#2875 = CARTESIAN_POINT ( 'NONE',  ( 0.000000000000000000, 0.3268088205148577119, 15.50236870920461740 ) ) ;
#2876 = ORIENTED_EDGE ( 'NONE', *, *, #4297, .F. ) ;
#2877 = CARTESIAN_POINT ( 'NONE',  ( 9.079809994790949190, 17.50000000000000000, 17.82013048376742148 ) ) ;
#2878 = CARTESIAN_POINT ( 'NONE',  ( -1.399002207840399053E-15, 17.50000000000000000, 20.00000000000007105 ) ) ;
#2879 = CARTESIAN_POINT ( 'NONE',  ( 18.94142934092945652, 0.7500000000000006661, 1.490722818829083751 ) ) ;
#2880 = LINE ( 'NONE', #2802, #836 ) ;
#2881 = CARTESIAN_POINT ( 'NONE',  ( 17.75926520728152624, 0.000000000000000000, -4.659477373913659903 ) ) ;
#2882 = DIRECTION ( 'NONE',  ( -0.4443033392582322327, -0.000000000000000000, -0.8958764104071409440 ) ) ;
#2883 =( BOUNDED_CURVE ( )  B_SPLINE_CURVE ( 3, ( #3091, #1034, #5224, #1095 ),
 .UNSPECIFIED., .F., .T. ) 
 B_SPLINE_CURVE_WITH_KNOTS ( ( 4, 4 ),
 ( 4.712388980384689674, 6.283185307179586232 ),
 .UNSPECIFIED. ) 
 CURVE ( )  GEOMETRIC_REPRESENTATION_ITEM ( )  RATIONAL_B_SPLINE_CURVE ( ( 1.000000000000000000, 0.8047378541243649375, 0.8047378541243649375, 1.000000000000000000 ) ) 
 REPRESENTATION_ITEM ( '' )  );
#2884 = ORIENTED_EDGE ( 'NONE', *, *, #3202, .F. ) ;
#2885 = ORIENTED_EDGE ( 'NONE', *, *, #5084, .T. ) ;
#2886 = EDGE_CURVE ( 'NONE', #5123, #5218, #2896, .T. ) ;
#2887 = CARTESIAN_POINT ( 'NONE',  ( -14.14213562373097588, 17.50000000000000000, 14.14213562373101141 ) ) ;
#2888 = CARTESIAN_POINT ( 'NONE',  ( -2.604140334537889956, 0.7500000000000006661, -19.21771795033438579 ) ) ;
#2889 = PLANE ( 'NONE',  #2770 ) ;
#2890 = LINE ( 'NONE', #2435, #2224 ) ;
#2891 = VECTOR ( 'NONE', #1641, 1000.000000000000000 ) ;
#2892 = ORIENTED_EDGE ( 'NONE', *, *, #972, .T. ) ;
#2893 = VECTOR ( 'NONE', #5145, 1000.000000000000000 ) ;
#2894 = VERTEX_POINT ( 'NONE', #840 ) ;
#2895 = VERTEX_POINT ( 'NONE', #5006 ) ;
#2896 = LINE ( 'NONE', #2541, #2331 ) ;
#2897 = EDGE_CURVE ( 'NONE', #887, #839, #1731, .T. ) ;
#2898 = VERTEX_POINT ( 'NONE', #866 ) ;
#2899 = EDGE_CURVE ( 'NONE', #1327, #2411, #4623, .T. ) ;
#2900 = CARTESIAN_POINT ( 'NONE',  ( -19.38849325251435118, 0.000000000000000000, -0.4342343811577486501 ) ) ;
#2901 = LINE ( 'NONE', #455, #5361 ) ;
#2902 = VECTOR ( 'NONE', #499, 1000.000000000000114 ) ;
#2903 = DIRECTION ( 'NONE',  ( 0.000000000000000000, 0.000000000000000000, -1.000000000000000000 ) ) ;
#2904 = AXIS2_PLACEMENT_3D ( 'NONE', #2610, #3848, #576 ) ;
#2905 = CYLINDRICAL_SURFACE ( 'NONE', #2300, 0.7500000000000016653 ) ;
#2906 = CARTESIAN_POINT ( 'NONE',  ( -6.404355348150201799, 0.7500000000000006661, -18.30536704562827666 ) ) ;
#2907 = DIRECTION ( 'NONE',  ( -0.9543510403658079788, 0.000000000000000000, 0.2986872808686367731 ) ) ;
#2908 = EDGE_CURVE ( 'NONE', #4236, #4594, #3760, .T. ) ;
#2909 = ORIENTED_EDGE ( 'NONE', *, *, #167, .F. ) ;
#2910 = VECTOR ( 'NONE', #375, 1000.000000000000227 ) ;
#2911 = AXIS2_PLACEMENT_3D ( 'NONE', #4379, #1066, #5118 ) ;
#2912 = ORIENTED_EDGE ( 'NONE', *, *, #4192, .T. ) ;
#2913 = EDGE_CURVE ( 'NONE', #501, #3432, #481, .T. ) ;
#2914 = EDGE_CURVE ( 'NONE', #2146, #133, #2923, .T. ) ;
#2915 = DIRECTION ( 'NONE',  ( -0.000000000000000000, -1.000000000000000000, -0.000000000000000000 ) ) ;
#2916 = VERTEX_POINT ( 'NONE', #5031 ) ;
#2917 = DIRECTION ( 'NONE',  ( 0.1671339897965874177, 0.000000000000000000, 0.9859341912392908247 ) ) ;
#2918 = CARTESIAN_POINT ( 'NONE',  ( -3.128689300804623930, 17.50000000000000000, 19.75376681190282113 ) ) ;
#2919 = ORIENTED_EDGE ( 'NONE', *, *, #4306, .F. ) ;
#2920 = VECTOR ( 'NONE', #5384, 999.9999999999998863 ) ;
#2921 = VERTEX_POINT ( 'NONE', #3002 ) ;
#2922 = ORIENTED_EDGE ( 'NONE', *, *, #1677, .F. ) ;
#2923 = LINE ( 'NONE', #5058, #1032 ) ;
#2924 = VECTOR ( 'NONE', #5225, 1000.000000000000000 ) ;
#2925 = EDGE_CURVE ( 'NONE', #614, #4367, #3857, .T. ) ;
#2926 = EDGE_CURVE ( 'NONE', #3367, #528, #1952, .T. ) ;
#2927 = DIRECTION ( 'NONE',  ( 0.6993986216886686202, 0.000000000000000000, -0.7147318154244923782 ) ) ;
#2928 = ORIENTED_EDGE ( 'NONE', *, *, #3370, .F. ) ;
#2929 = DIRECTION ( 'NONE',  ( -0.1457165503378095028, 0.000000000000000000, 0.9893263804011538376 ) ) ;
#2930 = LINE ( 'NONE', #4243, #1640 ) ;
#2931 = CYLINDRICAL_SURFACE ( 'NONE', #4618, 0.7499999999999992228 ) ;
#2932 = VECTOR ( 'NONE', #563, 1000.000000000000000 ) ;
#2933 = LINE ( 'NONE', #3866, #288 ) ;
#2934 = EDGE_CURVE ( 'NONE', #3700, #4449, #2165, .T. ) ;
#2935 = DIRECTION ( 'NONE',  ( -0.4636242905187114016, 0.000000000000000000, 0.8860318940314854119 ) ) ;
#2936 = DIRECTION ( 'NONE',  ( -0.9476501889972764880, -0.000000000000000000, 0.3193103808106249608 ) ) ;
#2937 = VECTOR ( 'NONE', #100, 1000.000000000000227 ) ;
#2938 = DIRECTION ( 'NONE',  ( -0.3193103808106293462, 0.000000000000000000, 0.9476501889972749337 ) ) ;
#2939 = ORIENTED_EDGE ( 'NONE', *, *, #2913, .F. ) ;
#2940 = ORIENTED_EDGE ( 'NONE', *, *, #1528, .F. ) ;
#2941 = AXIS2_PLACEMENT_3D ( 'NONE', #3157, #2343, #3600 ) ;
#2942 = ORIENTED_EDGE ( 'NONE', *, *, #5196, .F. ) ;
#2943 = DIRECTION ( 'NONE',  ( 0.9859341912392908247, 0.000000000000000000, -0.1671339897965870569 ) ) ;
#2944 = CARTESIAN_POINT ( 'NONE',  ( -11.75570504584948850, 0.3106601717798219142, -16.18033988749894192 ) ) ;
#2945 = EDGE_LOOP ( 'NONE', ( #5147, #5029, #58, #1811 ) ) ;
#2946 = VECTOR ( 'NONE', #3013, 1000.000000000000114 ) ;
#2947 = EDGE_LOOP ( 'NONE', ( #1618, #1657, #2359, #580 ) ) ;
#2948 = ORIENTED_EDGE ( 'NONE', *, *, #5084, .F. ) ;
#2949 = DIRECTION ( 'NONE',  ( 0.000000000000000000, 1.000000000000000000, 0.000000000000000000 ) ) ;
#2950 = ADVANCED_FACE ( 'NONE', ( #1329 ), #451, .F. ) ;
#2951 = CARTESIAN_POINT ( 'NONE',  ( 18.94142934092945296, 0.7500000000000006661, -1.490722818829025798 ) ) ;
#2952 = ORIENTED_EDGE ( 'NONE', *, *, #348, .T. ) ;
#2953 = LINE ( 'NONE', #3396, #2920 ) ;
#2954 = CARTESIAN_POINT ( 'NONE',  ( -9.079809994790956296, 17.50000000000000000, -17.82013048376735398 ) ) ;
#2955 = CARTESIAN_POINT ( 'NONE',  ( 19.75376681190278561, 17.50000000000000000, -3.128689300804587958 ) ) ;
#2956 = VECTOR ( 'NONE', #4629, 1000.000000000000114 ) ;
#2957 = AXIS2_PLACEMENT_3D ( 'NONE', #360, #2867, #5346 ) ;
#2958 = LINE ( 'NONE', #2125, #475 ) ;
#2959 = LINE ( 'NONE', #900, #2989 ) ;
#2960 = CARTESIAN_POINT ( 'NONE',  ( 6.180339887498957019, 0.7500000000000006661, 19.02113032590313679 ) ) ;
#2961 = CARTESIAN_POINT ( 'NONE',  ( -12.33951291827351149, 0.7500000000000006661, -14.44771334640057781 ) ) ;
#2962 = DIRECTION ( 'NONE',  ( -0.8958764104071391676, 0.000000000000000000, -0.4443033392582361740 ) ) ;
#2963 = VERTEX_POINT ( 'NONE', #4649 ) ;
#2964 = ADVANCED_FACE ( 'NONE', ( #2567 ), #504, .F. ) ;
#2965 = ORIENTED_EDGE ( 'NONE', *, *, #5135, .T. ) ;
#2966 = DIRECTION ( 'NONE',  ( 0.8153423299809099412, -0.000000000000000000, 0.5789791748770425350 ) ) ;
#2967 = DIRECTION ( 'NONE',  ( 0.000000000000000000, -1.000000000000000000, 0.000000000000000000 ) ) ;
#2968 = FACE_OUTER_BOUND ( 'NONE', #1917, .T. ) ;
#2969 = DIRECTION ( 'NONE',  ( -0.8153423299809099412, -0.000000000000000000, -0.5789791748770425350 ) ) ;
#2970 = ORIENTED_EDGE ( 'NONE', *, *, #3998, .F. ) ;
#2971 = ORIENTED_EDGE ( 'NONE', *, *, #3657, .F. ) ;
#2972 = ORIENTED_EDGE ( 'NONE', *, *, #700, .F. ) ;
#2973 = CARTESIAN_POINT ( 'NONE',  ( -1.816590212458487619, 3.500000000000001332, -2.450000000000000622 ) ) ;
#2974 = VECTOR ( 'NONE', #5291, 999.9999999999998863 ) ;
#2975 = EDGE_CURVE ( 'NONE', #3083, #2783, #2168, .T. ) ;
#2976 = EDGE_CURVE ( 'NONE', #3494, #4590, #3833, .T. ) ;
#2977 = DIRECTION ( 'NONE',  ( -0.5789791748770443114, 0.000000000000000000, -0.8153423299809087199 ) ) ;
#2978 = DIRECTION ( 'NONE',  ( -0.8860318940314854119, -0.000000000000000000, -0.4636242905187114571 ) ) ;
#2979 = VERTEX_POINT ( 'NONE', #3416 ) ;
#2980 = LINE ( 'NONE', #1385, #4421 ) ;
#2981 = FACE_OUTER_BOUND ( 'NONE', #1182, .T. ) ;
#2982 = VECTOR ( 'NONE', #4198, 1000.000000000000000 ) ;
#2983 = PLANE ( 'NONE',  #1087 ) ;
#2984 = PLANE ( 'NONE',  #739 ) ;
#2985 = CARTESIAN_POINT ( 'NONE',  ( 14.20823056079263758, 0.000000000000000000, 11.62877527652557674 ) ) ;
#2986 = LINE ( 'NONE', #1689, #5076 ) ;
#2987 = ORIENTED_EDGE ( 'NONE', *, *, #4069, .F. ) ;
#2988 = ORIENTED_EDGE ( 'NONE', *, *, #2734, .T. ) ;
#2989 = VECTOR ( 'NONE', #2552, 1000.000000000000227 ) ;
#2990 =( BOUNDED_CURVE ( )  B_SPLINE_CURVE ( 3, ( #2373, #3214, #797, #1195 ),
 .UNSPECIFIED., .F., .T. ) 
 B_SPLINE_CURVE_WITH_KNOTS ( ( 4, 4 ),
 ( 0.000000000000000000, 1.570796326794896558 ),
 .UNSPECIFIED. ) 
 CURVE ( )  GEOMETRIC_REPRESENTATION_ITEM ( )  RATIONAL_B_SPLINE_CURVE ( ( 1.000000000000000000, 0.8047378541243649375, 0.8047378541243649375, 1.000000000000000000 ) ) 
 REPRESENTATION_ITEM ( '' )  );
#2991 = FACE_OUTER_BOUND ( 'NONE', #3672, .T. ) ;
#2992 = ORIENTED_EDGE ( 'NONE', *, *, #2143, .T. ) ;
#2993 = CARTESIAN_POINT ( 'NONE',  ( 14.44771334640060623, 17.50000000000000000, 12.33951291827353458 ) ) ;
#2994 = CARTESIAN_POINT ( 'NONE',  ( -16.18033988749897745, 17.50000000000000000, -11.75570504584944587 ) ) ;
#2995 = VECTOR ( 'NONE', #856, 999.9999999999998863 ) ;
#2996 = FACE_OUTER_BOUND ( 'NONE', #5302, .T. ) ;
#2997 = ORIENTED_EDGE ( 'NONE', *, *, #2594, .T. ) ;
#2998 = CYLINDRICAL_SURFACE ( 'NONE', #3789, 0.7500000000000007772 ) ;
#2999 = VERTEX_POINT ( 'NONE', #5081 ) ;
#3000 = ADVANCED_FACE ( 'NONE', ( #585 ), #4779, .F. ) ;
#3001 = ORIENTED_EDGE ( 'NONE', *, *, #4124, .T. ) ;
#3002 = CARTESIAN_POINT ( 'NONE',  ( -18.14629240691750667, 0.000000000000000000, -5.896087816609098198 ) ) ;
#3003 = B_SPLINE_CURVE_WITH_KNOTS ( 'NONE', 3,
 ( #1523, #3181, #1443, #2687, #2279, #4819 ),
 .UNSPECIFIED., .F., .F.,
 ( 4, 2, 4 ),
 ( -5.996109681866610351E-06, 0.0003963799690967786081, 0.0007987560478754237529 ),
 .UNSPECIFIED. ) ;
#3004 = VERTEX_POINT ( 'NONE', #2270 ) ;
#3005 = AXIS2_PLACEMENT_3D ( 'NONE', #261, #2850, #1931 ) ;
#3006 = CARTESIAN_POINT ( 'NONE',  ( -14.44771334640061156, 17.50000000000000000, -12.33951291827347596 ) ) ;
#3007 = CARTESIAN_POINT ( 'NONE',  ( -6.936571146717649405, 0.000000000000000000, 16.74636413877166774 ) ) ;
#3008 = ORIENTED_EDGE ( 'NONE', *, *, #390, .T. ) ;
#3009 = CARTESIAN_POINT ( 'NONE',  ( 3.128689300804625262, 17.50000000000000000, -19.75376681190276074 ) ) ;
#3010 = CARTESIAN_POINT ( 'NONE',  ( -9.079809994790952743, 17.50000000000000000, 17.82013048376742148 ) ) ;
#3011 = EDGE_CURVE ( 'NONE', #2282, #1327, #4369, .T. ) ;
#3012 = PLANE ( 'NONE',  #4732 ) ;
#3013 = DIRECTION ( 'NONE',  ( 0.8025965532633724253, 0.000000000000000000, 0.5965222315134237618 ) ) ;
#3014 = DIRECTION ( 'NONE',  ( 0.4443033392582322882, 0.000000000000000000, 0.8958764104071409440 ) ) ;
#3015 = CARTESIAN_POINT ( 'NONE',  ( 0.000000000000000000, -50.49747468305834985, 17.50000000000000355 ) ) ;
#3016 = ORIENTED_EDGE ( 'NONE', *, *, #2926, .T. ) ;
#3017 = EDGE_CURVE ( 'NONE', #5138, #1690, #2293, .T. ) ;
#3018 = VECTOR ( 'NONE', #2421, 1000.000000000000114 ) ;
#3019 = DIRECTION ( 'NONE',  ( 0.2986872808686414360, 0.000000000000000000, 0.9543510403658065355 ) ) ;
#3020 = DIRECTION ( 'NONE',  ( 0.4636242905187114571, 0.000000000000000000, -0.8860318940314854119 ) ) ;
#3021 = CARTESIAN_POINT ( 'NONE',  ( 6.180339887498957019, 17.50000000000000000, 19.02113032590313679 ) ) ;
#3022 = CARTESIAN_POINT ( 'NONE',  ( 12.33951291827350616, 0.7500000000000006661, -14.44771334640057958 ) ) ;
#3023 = ORIENTED_EDGE ( 'NONE', *, *, #5083, .F. ) ;
#3024 = AXIS2_PLACEMENT_3D ( 'NONE', #5325, #4947, #5026 ) ;
#3025 =( BOUNDED_CURVE ( )  B_SPLINE_CURVE ( 3, ( #4990, #4032, #3328, #3270 ),
 .UNSPECIFIED., .F., .T. ) 
 B_SPLINE_CURVE_WITH_KNOTS ( ( 4, 4 ),
 ( 4.712388980384689674, 6.283185307179586232 ),
 .UNSPECIFIED. ) 
 CURVE ( )  GEOMETRIC_REPRESENTATION_ITEM ( )  RATIONAL_B_SPLINE_CURVE ( ( 1.000000000000000000, 0.8047378541243649375, 0.8047378541243649375, 1.000000000000000000 ) ) 
 REPRESENTATION_ITEM ( '' )  );
#3026 = EDGE_CURVE ( 'NONE', #3083, #2760, #3989, .T. ) ;
#3027 = CARTESIAN_POINT ( 'NONE',  ( -0.4342343811577820123, 0.7500000000000006661, -19.38849325251431921 ) ) ;
#3028 = EDGE_LOOP ( 'NONE', ( #1824, #307, #467, #1029 ) ) ;
#3029 = VECTOR ( 'NONE', #2553, 1000.000000000000000 ) ;
#3030 = ORIENTED_EDGE ( 'NONE', *, *, #3011, .T. ) ;
#3031 = EDGE_CURVE ( 'NONE', #3984, #2055, #1482, .T. ) ;
#3032 = DIRECTION ( 'NONE',  ( -0.9859341912392903806, 0.000000000000000000, -0.1671339897965893051 ) ) ;
#3033 = ORIENTED_EDGE ( 'NONE', *, *, #3127, .T. ) ;
#3034 = CYLINDRICAL_SURFACE ( 'NONE', #1460, 0.7500000000000006661 ) ;
#3035 = LINE ( 'NONE', #4710, #2956 ) ;
#3036 = CYLINDRICAL_SURFACE ( 'NONE', #4568, 5.500000000000000000 ) ;
#3037 = DIRECTION ( 'NONE',  ( -0.9999412215650127500, 0.000000000000000000, -0.01084220526784833785 ) ) ;
#3038 = CARTESIAN_POINT ( 'NONE',  ( 14.14213562373097410, 17.50000000000000000, 14.14213562373100785 ) ) ;
#3039 = PLANE ( 'NONE',  #2038 ) ;
#3040 = DIRECTION ( 'NONE',  ( 8.659560562354892183E-17, -0.7071067811865507924, 0.7071067811865441310 ) ) ;
#3041 = ORIENTED_EDGE ( 'NONE', *, *, #4641, .T. ) ;
#3042 = VECTOR ( 'NONE', #712, 1000.000000000000000 ) ;
#3043 = CARTESIAN_POINT ( 'NONE',  ( -19.02113032590310482, 0.3106601717798219142, -6.180339887498924156 ) ) ;
#3044 = LINE ( 'NONE', #159, #2131 ) ;
#3045 = DIRECTION ( 'NONE',  ( 0.2986872808686367731, -0.000000000000000000, 0.9543510403658079788 ) ) ;
#3046 = CARTESIAN_POINT ( 'NONE',  ( -9.927472729603048052, 0.7500000000000006661, -16.20016312272774783 ) ) ;
#3047 = ADVANCED_FACE ( 'NONE', ( #4754 ), #5159, .T. ) ;
#3048 = ORIENTED_EDGE ( 'NONE', *, *, #783, .F. ) ;
#3049 = ADVANCED_FACE ( 'NONE', ( #3137 ), #3884, .F. ) ;
#3050 = ORIENTED_EDGE ( 'NONE', *, *, #1757, .F. ) ;
#3051 = ORIENTED_EDGE ( 'NONE', *, *, #4402, .T. ) ;
#3052 = CARTESIAN_POINT ( 'NONE',  ( -3.128689300804341933, 0.7500000000000006661, -19.75376681190280337 ) ) ;
#3053 =( BOUNDED_CURVE ( )  B_SPLINE_CURVE ( 3, ( #2281, #4441, #3595, #1874 ),
 .UNSPECIFIED., .F., .T. ) 
 B_SPLINE_CURVE_WITH_KNOTS ( ( 4, 4 ),
 ( 0.000000000000000000, 1.570796326794896558 ),
 .UNSPECIFIED. ) 
 CURVE ( )  GEOMETRIC_REPRESENTATION_ITEM ( )  RATIONAL_B_SPLINE_CURVE ( ( 1.000000000000000000, 0.8047378541243649375, 0.8047378541243649375, 1.000000000000000000 ) ) 
 REPRESENTATION_ITEM ( '' )  );
#3054 = ADVANCED_FACE ( 'NONE', ( #1432 ), #5109, .T. ) ;
#3055 = ORIENTED_EDGE ( 'NONE', *, *, #2551, .F. ) ;
#3056 = CARTESIAN_POINT ( 'NONE',  ( 7.270985214936714236, 0.3106601717798218032, -17.55371111771444248 ) ) ;
#3057 = CARTESIAN_POINT ( 'NONE',  ( -16.18033988749897745, 0.3106601717798219142, -11.75570504584944587 ) ) ;
#3058 = AXIS2_PLACEMENT_3D ( 'NONE', #1046, #5152, #1075 ) ;
#3059 = EDGE_CURVE ( 'NONE', #3361, #5153, #1783, .T. ) ;
#3060 = VECTOR ( 'NONE', #2543, 1000.000000000000000 ) ;
#3061 = CARTESIAN_POINT ( 'NONE',  ( 0.000000000000000000, 0.000000000000000000, 0.000000000000000000 ) ) ;
#3062 = LINE ( 'NONE', #3092, #1008 ) ;
#3063 = CARTESIAN_POINT ( 'NONE',  ( -14.44771334640060800, 17.50000000000000000, 12.33951291827353636 ) ) ;
#3064 = CARTESIAN_POINT ( 'NONE',  ( -9.079809994790952743, 17.50000000000000000, 17.82013048376742148 ) ) ;
#3065 = CARTESIAN_POINT ( 'NONE',  ( -1.816590212458487619, 3.500000000000001332, -2.450000000000000622 ) ) ;
#3066 = ORIENTED_EDGE ( 'NONE', *, *, #4569, .F. ) ;
#3067 = DIRECTION ( 'NONE',  ( -0.000000000000000000, 1.000000000000000000, -0.000000000000000000 ) ) ;
#3068 = AXIS2_PLACEMENT_3D ( 'NONE', #5310, #3737, #3232 ) ;
#3069 = CARTESIAN_POINT ( 'NONE',  ( 9.927472729603042723, 17.50000000000000000, 16.20016312272780468 ) ) ;
#3070 = EDGE_CURVE ( 'NONE', #341, #2860, #971, .T. ) ;
#3071 = CARTESIAN_POINT ( 'NONE',  ( -1.056488437671270875, 0.000000000000000000, 18.32992259344381125 ) ) ;
#3072 = CARTESIAN_POINT ( 'NONE',  ( -9.927472729603044499, 17.50000000000000000, 16.20016312272780468 ) ) ;
#3073 = CARTESIAN_POINT ( 'NONE',  ( 19.02113032590310482, 0.7500000000000006661, -6.180339887498925044 ) ) ;
#3074 = ORIENTED_EDGE ( 'NONE', *, *, #4352, .T. ) ;
#3075 = VECTOR ( 'NONE', #4556, 1000.000000000000114 ) ;
#3076 = EDGE_CURVE ( 'NONE', #247, #2504, #143, .T. ) ;
#3077 = EDGE_CURVE ( 'NONE', #2333, #1627, #2502, .T. ) ;
#3078 = DIRECTION ( 'NONE',  ( -0.8958764104071416101, 0.000000000000000000, 0.4443033392582310115 ) ) ;
#3079 = VECTOR ( 'NONE', #83, 1000.000000000000000 ) ;
#3080 = EDGE_LOOP ( 'NONE', ( #4786, #5089, #1350, #3256 ) ) ;
#3081 = ORIENTED_EDGE ( 'NONE', *, *, #2459, .F. ) ;
#3082 = CARTESIAN_POINT ( 'NONE',  ( 0.000000000000000000, -1.000000000000000000, 0.000000000000000000 ) ) ;
#3083 = VERTEX_POINT ( 'NONE', #4290 ) ;
#3084 = DIRECTION ( 'NONE',  ( -0.9476501889972746007, 0.000000000000000000, 0.3193103808106303454 ) ) ;
#3085 = EDGE_CURVE ( 'NONE', #1359, #4978, #5185, .T. ) ;
#3086 = DIRECTION ( 'NONE',  ( 0.8025965532633706490, -0.000000000000000000, -0.5965222315134260933 ) ) ;
#3087 = ORIENTED_EDGE ( 'NONE', *, *, #3551, .T. ) ;
#3088 = ORIENTED_EDGE ( 'NONE', *, *, #2334, .F. ) ;
#3089 = VECTOR ( 'NONE', #5358, 1000.000000000000114 ) ;
#3090 = EDGE_CURVE ( 'NONE', #1504, #3415, #3803, .T. ) ;
#3091 = CARTESIAN_POINT ( 'NONE',  ( -16.74636413877164998, 0.000000000000000000, 6.936571146717683156 ) ) ;
#3092 = CARTESIAN_POINT ( 'NONE',  ( 13.70826270297113680, 0.000000000000000000, -12.21416242592603396 ) ) ;
#3093 = CARTESIAN_POINT ( 'NONE',  ( 3.128689300804625706, 0.7500000000000006661, -19.75376681190276074 ) ) ;
#3094 = CARTESIAN_POINT ( 'NONE',  ( -18.84523277876397174, 0.000000000000000000, 2.984791646450172475 ) ) ;
#3095 = DIRECTION ( 'NONE',  ( 0.9999412215650127500, -0.000000000000000000, -0.01084220526784429074 ) ) ;
#3096 = ORIENTED_EDGE ( 'NONE', *, *, #5234, .T. ) ;
#3097 = ADVANCED_FACE ( 'NONE', ( #166 ), #4727, .T. ) ;
#3098 = CARTESIAN_POINT ( 'NONE',  ( -1.462323201273072693, 7.866563208332349416E-16, -18.58057798583380915 ) ) ;
#3099 = DIRECTION ( 'NONE',  ( -0.9476501889972753778, 0.000000000000000000, -0.3193103808106281249 ) ) ;
#3100 = LINE ( 'NONE', #269, #4086 ) ;
#3101 = DIRECTION ( 'NONE',  ( 0.2986872808686397152, 0.000000000000000000, 0.9543510403658070906 ) ) ;
#3102 = ORIENTED_EDGE ( 'NONE', *, *, #2746, .T. ) ;
#3103 = VECTOR ( 'NONE', #2173, 1000.000000000000114 ) ;
#3104 = CARTESIAN_POINT ( 'NONE',  ( 0.000000000000000000, 0.9999999999999997780, 10.50000000000000000 ) ) ;
#3105 = CARTESIAN_POINT ( 'NONE',  ( 16.18033988749897389, 17.50000000000000000, -11.75570504584944764 ) ) ;
#3106 = ORIENTED_EDGE ( 'NONE', *, *, #3474, .F. ) ;
#3107 = CARTESIAN_POINT ( 'NONE',  ( 1.225226965576462223E-15, 0.3268088205148577119, 15.50236870920461918 ) ) ;
#3108 = CARTESIAN_POINT ( 'NONE',  ( 18.12306249041970219, 4.605826747125912431E-16, 4.350962353431390817 ) ) ;
#3109 = ORIENTED_EDGE ( 'NONE', *, *, #16, .F. ) ;
#3110 = VECTOR ( 'NONE', #5343, 1000.000000000000000 ) ;
#3111 = ORIENTED_EDGE ( 'NONE', *, *, #3499, .F. ) ;
#3112 = CARTESIAN_POINT ( 'NONE',  ( -19.75376681190278916, 17.50000000000000000, -3.128689300804586626 ) ) ;
#3113 = EDGE_CURVE ( 'NONE', #4773, #1749, #193, .T. ) ;
#3114 = CARTESIAN_POINT ( 'NONE',  ( 11.75570504584948139, 0.7500000000000006661, -16.18033988749894192 ) ) ;
#3115 = ORIENTED_EDGE ( 'NONE', *, *, #1553, .T. ) ;
#3116 = EDGE_CURVE ( 'NONE', #3995, #5328, #3612, .T. ) ;
#3117 = ORIENTED_EDGE ( 'NONE', *, *, #2496, .T. ) ;
#3118 = CARTESIAN_POINT ( 'NONE',  ( 16.18033988749897389, 17.50000000000000000, -11.75570504584944764 ) ) ;
#3119 = DIRECTION ( 'NONE',  ( 0.01084220526784811754, 0.000000000000000000, -0.9999412215650127500 ) ) ;
#3120 = CARTESIAN_POINT ( 'NONE',  ( -3.128689300804623930, 17.50000000000000000, 19.75376681190282113 ) ) ;
#3121 = DIRECTION ( 'NONE',  ( 0.9893263804011549478, 0.000000000000000000, 0.1457165503378019256 ) ) ;
#3122 = CARTESIAN_POINT ( 'NONE',  ( -15.43615830453686399, 0.000000000000000000, 11.21502547726919197 ) ) ;
#3123 = ORIENTED_EDGE ( 'NONE', *, *, #3678, .T. ) ;
#3124 = CARTESIAN_POINT ( 'NONE',  ( -14.14213562373097766, 17.50000000000000000, -14.14213562373093858 ) ) ;
#3125 = CARTESIAN_POINT ( 'NONE',  ( -6.180339887498957907, 0.3106601717798219142, 19.02113032590314035 ) ) ;
#3126 = CYLINDRICAL_SURFACE ( 'NONE', #5121, 0.7500000000000001110 ) ;
#3127 = EDGE_CURVE ( 'NONE', #3938, #4391, #2409, .T. ) ;
#3128 = CARTESIAN_POINT ( 'NONE',  ( 18.14629240691750667, 0.000000000000000000, -5.896087816609099974 ) ) ;
#3129 = ORIENTED_EDGE ( 'NONE', *, *, #1831, .T. ) ;
#3130 = AXIS2_PLACEMENT_3D ( 'NONE', #2017, #5335, #4148 ) ;
#3131 = ORIENTED_EDGE ( 'NONE', *, *, #1305, .F. ) ;
#3132 = CARTESIAN_POINT ( 'NONE',  ( 15.45506981067500973, 0.000000000000000000, 9.470878960739346653 ) ) ;
#3133 = VERTEX_POINT ( 'NONE', #3699 ) ;
#3134 = CARTESIAN_POINT ( 'NONE',  ( -19.02113032590310837, 17.50000000000000000, 6.180339887498993434 ) ) ;
#3135 = LINE ( 'NONE', #98, #225 ) ;
#3136 = ORIENTED_EDGE ( 'NONE', *, *, #4645, .F. ) ;
#3137 = FACE_OUTER_BOUND ( 'NONE', #4958, .T. ) ;
#3138 = VERTEX_POINT ( 'NONE', #4457 ) ;
#3139 = EDGE_LOOP ( 'NONE', ( #4823, #1536, #1084, #1178 ) ) ;
#3140 = CARTESIAN_POINT ( 'NONE',  ( -14.14213562373097410, 0.3106601717798219142, -14.14213562373093858 ) ) ;
#3141 = CARTESIAN_POINT ( 'NONE',  ( -4.231461929904018149, 0.000000000000000000, 17.62530740377559724 ) ) ;
#3142 = ORIENTED_EDGE ( 'NONE', *, *, #2886, .T. ) ;
#3143 = EDGE_CURVE ( 'NONE', #1306, #442, #1203, .T. ) ;
#3144 = EDGE_CURVE ( 'NONE', #939, #393, #4076, .T. ) ;
#3145 = EDGE_CURVE ( 'NONE', #614, #2898, #3167, .T. ) ;
#3146 = VERTEX_POINT ( 'NONE', #306 ) ;
#3147 = FACE_OUTER_BOUND ( 'NONE', #3283, .T. ) ;
#3148 = CARTESIAN_POINT ( 'NONE',  ( -12.33951291827351326, 0.3106601717798211926, 14.44771334640063642 ) ) ;
#3149 = CARTESIAN_POINT ( 'NONE',  ( 17.62530740377556882, 0.000000000000000000, -4.231461929903995944 ) ) ;
#3150 = CARTESIAN_POINT ( 'NONE',  ( 4.435461913262209066, 0.7500000000000006661, 18.47502848755591032 ) ) ;
#3151 = DIRECTION ( 'NONE',  ( -0.000000000000000000, -1.000000000000000000, -0.000000000000000000 ) ) ;
#3152 = ORIENTED_EDGE ( 'NONE', *, *, #1835, .T. ) ;
#3153 = DIRECTION ( 'NONE',  ( -0.000000000000000000, -1.000000000000000000, -0.000000000000000000 ) ) ;
#3154 = VECTOR ( 'NONE', #2938, 999.9999999999998863 ) ;
#3155 = CARTESIAN_POINT ( 'NONE',  ( 16.20016312272777270, 0.7500000000000006661, -9.927472729603014301 ) ) ;
#3156 = DIRECTION ( 'NONE',  ( -0.000000000000000000, -1.000000000000000000, -0.000000000000000000 ) ) ;
#3157 = CARTESIAN_POINT ( 'NONE',  ( 17.82013048376738595, 17.50000000000000000, -9.079809994790915439 ) ) ;
#3158 = LINE ( 'NONE', #1450, #4286 ) ;
#3159 = ORIENTED_EDGE ( 'NONE', *, *, #2470, .T. ) ;
#3160 = ORIENTED_EDGE ( 'NONE', *, *, #1500, .T. ) ;
#3161 = VECTOR ( 'NONE', #2977, 999.9999999999998863 ) ;
#3162 = EDGE_CURVE ( 'NONE', #3528, #1320, #1980, .T. ) ;
#3163 = CARTESIAN_POINT ( 'NONE',  ( 19.08014097585545699, 0.000000000000000000, 3.332300969916516542E-14 ) ) ;
#3164 = ORIENTED_EDGE ( 'NONE', *, *, #2914, .T. ) ;
#3165 = AXIS2_PLACEMENT_3D ( 'NONE', #5100, #633, #3458 ) ;
#3166 = CARTESIAN_POINT ( 'NONE',  ( -20.00000000000003553, 17.50000000000000000, 3.589030062008058859E-14 ) ) ;
#3167 = LINE ( 'NONE', #4541, #5034 ) ;
#3168 = EDGE_LOOP ( 'NONE', ( #3262, #858, #636, #1668 ) ) ;
#3169 = VECTOR ( 'NONE', #2483, 999.9999999999998863 ) ;
#3170 =( BOUNDED_CURVE ( )  B_SPLINE_CURVE ( 3, ( #3114, #4785, #4406, #1518 ),
 .UNSPECIFIED., .F., .T. ) 
 B_SPLINE_CURVE_WITH_KNOTS ( ( 4, 4 ),
 ( 0.000000000000000000, 1.570796326794896558 ),
 .UNSPECIFIED. ) 
 CURVE ( )  GEOMETRIC_REPRESENTATION_ITEM ( )  RATIONAL_B_SPLINE_CURVE ( ( 1.000000000000000000, 0.8047378541243649375, 0.8047378541243649375, 1.000000000000000000 ) ) 
 REPRESENTATION_ITEM ( '' )  );
#3171 = EDGE_CURVE ( 'NONE', #3284, #752, #4916, .T. ) ;
#3172 = EDGE_LOOP ( 'NONE', ( #4120, #1115, #1925, #2876 ) ) ;
#3173 = CARTESIAN_POINT ( 'NONE',  ( 1.490722818829055107, 0.3106601717798218032, 18.94142934092948494 ) ) ;
#3174 = AXIS2_PLACEMENT_3D ( 'NONE', #1994, #1, #4500 ) ;
#3175 = CARTESIAN_POINT ( 'NONE',  ( 6.180339887498962348, 0.7500000000000006661, -19.02113032590307284 ) ) ;
#3176 = CIRCLE ( 'NONE', #2911, 5.896076596910249101 ) ;
#3177 = ORIENTED_EDGE ( 'NONE', *, *, #5007, .T. ) ;
#3178 = CARTESIAN_POINT ( 'NONE',  ( 2.984791646450138280, 0.000000000000000000, 18.84523277876400726 ) ) ;
#3179 = CARTESIAN_POINT ( 'NONE',  ( 16.18033988749897389, 0.7500000000000006661, -11.75570504584944764 ) ) ;
#3180 = ADVANCED_FACE ( 'NONE', ( #3671 ), #3639, .T. ) ;
#3181 = CARTESIAN_POINT ( 'NONE',  ( -1.935835043442877268, 15.50000000000000178, -2.821669840942598650 ) ) ;
#3182 = CARTESIAN_POINT ( 'NONE',  ( 11.75570504584948139, 17.50000000000000000, 16.18033988749900942 ) ) ;
#3183 = ORIENTED_EDGE ( 'NONE', *, *, #5148, .T. ) ;
#3184 = DIRECTION ( 'NONE',  ( -0.9893263804011543927, 0.000000000000000000, 0.1457165503378049787 ) ) ;
#3185 = FACE_BOUND ( 'NONE', #3708, .T. ) ;
#3186 = VECTOR ( 'NONE', #3250, 1000.000000000000000 ) ;
#3187 = DIRECTION ( 'NONE',  ( -0.1671339897965892496, -0.000000000000000000, 0.9859341912392903806 ) ) ;
#3188 = ORIENTED_EDGE ( 'NONE', *, *, #2189, .F. ) ;
#3189 = ORIENTED_EDGE ( 'NONE', *, *, #2626, .F. ) ;
#3190 = ADVANCED_FACE ( 'NONE', ( #806 ), #2839, .F. ) ;
#3191 = DIRECTION ( 'NONE',  ( 0.000000000000000000, 0.000000000000000000, 1.000000000000000000 ) ) ;
#3192 = VERTEX_POINT ( 'NONE', #4017 ) ;
#3193 = CARTESIAN_POINT ( 'NONE',  ( 7.270985214936714236, 0.7500000000000006661, -17.55371111771444248 ) ) ;
#3194 = CARTESIAN_POINT ( 'NONE',  ( 10.00473741840923481, 0.3268088205148577119, 15.50236870920461740 ) ) ;
#3195 = CARTESIAN_POINT ( 'NONE',  ( -11.75570504584948672, 17.50000000000000000, 16.18033988749900942 ) ) ;
#3196 = VERTEX_POINT ( 'NONE', #3195 ) ;
#3197 = EDGE_CURVE ( 'NONE', #1473, #2088, #4191, .T. ) ;
#3198 = ORIENTED_EDGE ( 'NONE', *, *, #3781, .F. ) ;
#3199 = AXIS2_PLACEMENT_3D ( 'NONE', #3009, #951, #537 ) ;
#3200 = ORIENTED_EDGE ( 'NONE', *, *, #3026, .F. ) ;
#3201 = CARTESIAN_POINT ( 'NONE',  ( -6.180339887498959683, 0.7500000000000006661, 19.02113032590313679 ) ) ;
#3202 = EDGE_CURVE ( 'NONE', #2141, #2733, #251, .T. ) ;
#3203 = DIRECTION ( 'NONE',  ( 0.9859341912392897145, -0.000000000000000000, -0.1671339897965926080 ) ) ;
#3204 = VECTOR ( 'NONE', #989, 1000.000000000000000 ) ;
#3205 = ORIENTED_EDGE ( 'NONE', *, *, #4712, .F. ) ;
#3206 =( BOUNDED_CURVE ( )  B_SPLINE_CURVE ( 3, ( #4158, #1199, #2835, #1617 ),
 .UNSPECIFIED., .F., .T. ) 
 B_SPLINE_CURVE_WITH_KNOTS ( ( 4, 4 ),
 ( 4.712388980384689674, 6.283185307179586232 ),
 .UNSPECIFIED. ) 
 CURVE ( )  GEOMETRIC_REPRESENTATION_ITEM ( )  RATIONAL_B_SPLINE_CURVE ( ( 1.000000000000000000, 0.8047378541243649375, 0.8047378541243649375, 1.000000000000000000 ) ) 
 REPRESENTATION_ITEM ( '' )  );
#3207 = LINE ( 'NONE', #2798, #1608 ) ;
#3208 = CARTESIAN_POINT ( 'NONE',  ( 17.48064088573832109, 6.774231092096921299E-16, 8.906831404756543336 ) ) ;
#3209 = CARTESIAN_POINT ( 'NONE',  ( 12.33951291827350616, 0.7500000000000006661, 14.44771334640063465 ) ) ;
#3210 = CARTESIAN_POINT ( 'NONE',  ( -16.18033988749897745, 0.3106601717798218032, 11.75570504584951870 ) ) ;
#3211 = DIRECTION ( 'NONE',  ( -0.8860318940314830805, 0.000000000000000000, -0.4636242905187159535 ) ) ;
#3212 = CYLINDRICAL_SURFACE ( 'NONE', #5259, 0.7499999999999990008 ) ;
#3213 = CARTESIAN_POINT ( 'NONE',  ( 16.20016312272777270, 17.50000000000000000, 9.927472729603072921 ) ) ;
#3214 = CARTESIAN_POINT ( 'NONE',  ( 11.75570504584947784, 0.3106601717798219142, 16.18033988749900942 ) ) ;
#3215 = EDGE_LOOP ( 'NONE', ( #583, #4780, #665, #40, #1026, #3152, #1735, #2186, #1534, #3123, #2868, #4533, #1403, #4210, #2368, #5355, #4724, #3216, #4461, #4888, #1631, #3916, #1983, #984, #2345, #557, #1397, #4350, #642, #2430, #4211, #1070, #2217, #2892, #1648, #3856, #1148, #5309, #814, #5158, #1060, #3159, #3343, #5189, #4464, #4281, #798, #4667, #4403, #3030, #2997, #4613, #2204, #1839, #3525, #784, #748, #4650, #164, #1117, #1246, #82, #3336, #4620, #524, #4944, #3649, #1915, #2717, #2325, #4899, #704, #5, #1374, #3577, #3704, #1261, #825, #474, #2294 ) ) ;
#3216 = ORIENTED_EDGE ( 'NONE', *, *, #4927, .T. ) ;
#3217 = EDGE_CURVE ( 'NONE', #2351, #3586, #3251, .T. ) ;
#3218 = LINE ( 'NONE', #4972, #46 ) ;
#3219 = ORIENTED_EDGE ( 'NONE', *, *, #1280, .T. ) ;
#3220 = DIRECTION ( 'NONE',  ( 0.8860318940314824143, 0.000000000000000000, 0.4636242905187173413 ) ) ;
#3221 = CARTESIAN_POINT ( 'NONE',  ( 4.435461913262208178, 0.7500000000000006661, -18.47502848755584992 ) ) ;
#3222 = EDGE_CURVE ( 'NONE', #1288, #354, #5301, .T. ) ;
#3223 = ORIENTED_EDGE ( 'NONE', *, *, #5070, .F. ) ;
#3224 = DIRECTION ( 'NONE',  ( 0.4636242905187167307, -0.000000000000000000, -0.8860318940314826364 ) ) ;
#3225 = ORIENTED_EDGE ( 'NONE', *, *, #3113, .F. ) ;
#3226 = VECTOR ( 'NONE', #1566, 1000.000000000000000 ) ;
#3227 = ORIENTED_EDGE ( 'NONE', *, *, #3143, .T. ) ;
#3228 = ORIENTED_EDGE ( 'NONE', *, *, #3606, .F. ) ;
#3229 = FACE_OUTER_BOUND ( 'NONE', #3545, .T. ) ;
#3230 = CARTESIAN_POINT ( 'NONE',  ( -16.18033988749897745, 17.50000000000000000, -11.75570504584944587 ) ) ;
#3231 = EDGE_LOOP ( 'NONE', ( #1934, #3524, #1048, #1258 ) ) ;
#3232 = DIRECTION ( 'NONE',  ( 0.000000000000000000, 0.000000000000000000, -1.000000000000000000 ) ) ;
#3233 = CARTESIAN_POINT ( 'NONE',  ( -1.816590212458487619, 3.500000000000001332, -2.450000000000000622 ) ) ;
#3234 = CARTESIAN_POINT ( 'NONE',  ( 13.49169707002270435, 0.000000000000000000, 13.49169707002273810 ) ) ;
#3235 = PRODUCT_CONTEXT ( 'NONE', #3289, 'mechanical' ) ;
#3236 = CARTESIAN_POINT ( 'NONE',  ( -9.079809994790956296, 0.7500000000000006661, -17.82013048376735398 ) ) ;
#3237 =( BOUNDED_CURVE ( )  B_SPLINE_CURVE ( 3, ( #4941, #4557, #4531, #4991 ),
 .UNSPECIFIED., .F., .F. ) 
 B_SPLINE_CURVE_WITH_KNOTS ( ( 4, 4 ),
 ( 0.000000000000000000, 1.570796326794896558 ),
 .UNSPECIFIED. ) 
 CURVE ( )  GEOMETRIC_REPRESENTATION_ITEM ( )  RATIONAL_B_SPLINE_CURVE ( ( 1.000000000000000000, 0.8047378541243649375, 0.8047378541243649375, 1.000000000000000000 ) ) 
 REPRESENTATION_ITEM ( '' )  );
#3238 = DIRECTION ( 'NONE',  ( 0.1671339897965892218, 0.000000000000000000, -0.9859341912392903806 ) ) ;
#3239 = DIRECTION ( 'NONE',  ( 0.6993986216886718399, 0.000000000000000000, 0.7147318154244890476 ) ) ;
#3240 = CARTESIAN_POINT ( 'NONE',  ( -3.128689300804623930, 17.50000000000000000, 19.75376681190282113 ) ) ;
#3241 = CARTESIAN_POINT ( 'NONE',  ( 17.55371111771447445, 17.50000000000000000, -7.270985214936688479 ) ) ;
#3242 = EDGE_LOOP ( 'NONE', ( #2221, #380, #719, #2488 ) ) ;
#3243 = VECTOR ( 'NONE', #3187, 1000.000000000000000 ) ;
#3244 = ORIENTED_EDGE ( 'NONE', *, *, #3686, .T. ) ;
#3245 = EDGE_CURVE ( 'NONE', #2571, #2894, #2030, .T. ) ;
#3246 = CARTESIAN_POINT ( 'NONE',  ( 9.470878960739318231, 0.000000000000000000, 15.45506981067504171 ) ) ;
#3247 = AXIS2_PLACEMENT_3D ( 'NONE', #1493, #627, #5120 ) ;
#3248 = ORIENTED_EDGE ( 'NONE', *, *, #252, .T. ) ;
#3249 = DIRECTION ( 'NONE',  ( -0.6993986216886721730, 0.000000000000000000, 0.7147318154244888255 ) ) ;
#3250 = DIRECTION ( 'NONE',  ( -0.000000000000000000, -1.000000000000000000, -0.000000000000000000 ) ) ;
#3251 = LINE ( 'NONE', #4923, #3317 ) ;
#3252 = ADVANCED_FACE ( 'NONE', ( #1921 ), #1663, .T. ) ;
#3253 = VERTEX_POINT ( 'NONE', #780 ) ;
#3254 = VECTOR ( 'NONE', #3347, 1000.000000000000000 ) ;
#3255 = ORIENTED_EDGE ( 'NONE', *, *, #2187, .T. ) ;
#3256 = ORIENTED_EDGE ( 'NONE', *, *, #3145, .F. ) ;
#3257 = FACE_OUTER_BOUND ( 'NONE', #1431, .T. ) ;
#3258 = VECTOR ( 'NONE', #4424, 1000.000000000000000 ) ;
#3259 = DIRECTION ( 'NONE',  ( 0.9999412215650127500, -0.000000000000000000, 0.01084220526784811754 ) ) ;
#3260 = VECTOR ( 'NONE', #5175, 1000.000000000000000 ) ;
#3261 = ADVANCED_FACE ( 'NONE', ( #3282 ), #4949, .F. ) ;
#3262 = ORIENTED_EDGE ( 'NONE', *, *, #1286, .T. ) ;
#3263 = VECTOR ( 'NONE', #660, 999.9999999999998863 ) ;
#3264 = DIRECTION ( 'NONE',  ( 0.000000000000000000, 1.000000000000000000, 0.000000000000000000 ) ) ;
#3265 = CARTESIAN_POINT ( 'NONE',  ( -12.33951291827350794, 0.7500000000000006661, 14.44771334640063820 ) ) ;
#3266 = ADVANCED_FACE ( 'NONE', ( #2606 ), #3404, .F. ) ;
#3267 = CARTESIAN_POINT ( 'NONE',  ( -10.00473741840923303, 0.3268088205148577119, 15.50236870920461918 ) ) ;
#3268 = EDGE_CURVE ( 'NONE', #3405, #4367, #4706, .T. ) ;
#3269 = EDGE_CURVE ( 'NONE', #1047, #442, #3725, .T. ) ;
#3270 = CARTESIAN_POINT ( 'NONE',  ( -12.33951291827351149, 0.7500000000000006661, -14.44771334640057781 ) ) ;
#3271 = DIRECTION ( 'NONE',  ( -0.000000000000000000, -1.000000000000000000, -0.000000000000000000 ) ) ;
#3272 = CARTESIAN_POINT ( 'NONE',  ( 0.000000000000000000, -0.6952007619927221826, 5.064245749405307251 ) ) ;
#3273 = DIRECTION ( 'NONE',  ( -0.000000000000000000, -1.000000000000000000, -0.000000000000000000 ) ) ;
#3274 = VERTEX_POINT ( 'NONE', #1797 ) ;
#3275 = EDGE_CURVE ( 'NONE', #4236, #1984, #131, .T. ) ;
#3276 = VERTEX_POINT ( 'NONE', #3819 ) ;
#3277 = AXIS2_PLACEMENT_3D ( 'NONE', #5241, #697, #1144 ) ;
#3278 = CARTESIAN_POINT ( 'NONE',  ( 17.55371111771447445, 17.50000000000000000, -7.270985214936688479 ) ) ;
#3279 = VERTEX_POINT ( 'NONE', #2630 ) ;
#3280 = CARTESIAN_POINT ( 'NONE',  ( 14.44771334640060445, 0.7500000000000006661, -12.33951291827347596 ) ) ;
#3281 = DIRECTION ( 'NONE',  ( -0.8958764104071011980, -0.000000000000000000, -0.4443033392583126129 ) ) ;
#3282 = FACE_OUTER_BOUND ( 'NONE', #3580, .T. ) ;
#3283 = EDGE_LOOP ( 'NONE', ( #4488, #479, #5276, #3982 ) ) ;
#3284 = VERTEX_POINT ( 'NONE', #4249 ) ;
#3285 = ORIENTED_EDGE ( 'NONE', *, *, #2423, .F. ) ;
#3286 = CARTESIAN_POINT ( 'NONE',  ( 6.180339887498957019, 17.50000000000000000, 19.02113032590313679 ) ) ;
#3287 = DIRECTION ( 'NONE',  ( 0.5789791748770470869, 0.000000000000000000, -0.8153423299809067215 ) ) ;
#3288 = ORIENTED_EDGE ( 'NONE', *, *, #1254, .F. ) ;
#3289 = APPLICATION_CONTEXT ( 'automotive_design' ) ;
#3290 = AXIS2_PLACEMENT_3D ( 'NONE', #1263, #4524, #2446 ) ;
#3291 = DIRECTION ( 'NONE',  ( -0.000000000000000000, -1.000000000000000000, -0.000000000000000000 ) ) ;
#3292 = ORIENTED_EDGE ( 'NONE', *, *, #2323, .F. ) ;
#3293 = DIRECTION ( 'NONE',  ( 0.3193103808106313446, 0.000000000000000000, -0.9476501889972741566 ) ) ;
#3294 = LINE ( 'NONE', #3652, #2667 ) ;
#3295 = DIRECTION ( 'NONE',  ( 1.000000000000000000, 0.000000000000000000, 0.000000000000000000 ) ) ;
#3296 = FILL_AREA_STYLE_COLOUR ( '', #2789 ) ;
#3297 = EDGE_CURVE ( 'NONE', #4723, #4522, #4635, .T. ) ;
#3298 = VECTOR ( 'NONE', #944, 1000.000000000000000 ) ;
#3299 = VECTOR ( 'NONE', #5272, 1000.000000000000000 ) ;
#3300 = DIRECTION ( 'NONE',  ( -0.4443033392582338981, 0.000000000000000000, 0.8958764104071402778 ) ) ;
#3301 = CARTESIAN_POINT ( 'NONE',  ( -17.21929704949541318, 5.698158863361341534E-16, -7.132466372431985668 ) ) ;
#3302 = DIRECTION ( 'NONE',  ( 0.4443033392582304009, -0.000000000000000000, -0.8958764104071419432 ) ) ;
#3303 = CARTESIAN_POINT ( 'NONE',  ( -17.00053009192103204, 0.000000000000000000, -8.662202736729591734 ) ) ;
#3304 = ORIENTED_EDGE ( 'NONE', *, *, #1016, .F. ) ;
#3305 = ORIENTED_EDGE ( 'NONE', *, *, #418, .F. ) ;
#3306 = ADVANCED_FACE ( 'NONE', ( #4131 ), #4717, .T. ) ;
#3307 = CARTESIAN_POINT ( 'NONE',  ( 2.204364238465235428E-15, -1.000000000000000000, -18.00000000000000000 ) ) ;
#3308 = LINE ( 'NONE', #412, #2902 ) ;
#3309 = LINE ( 'NONE', #2484, #3823 ) ;
#3310 = CARTESIAN_POINT ( 'NONE',  ( -14.14213562373097588, 17.50000000000000000, 14.14213562373101141 ) ) ;
#3311 = LINE ( 'NONE', #2178, #3674 ) ;
#3312 = ORIENTED_EDGE ( 'NONE', *, *, #5043, .T. ) ;
#3313 = AXIS2_PLACEMENT_3D ( 'NONE', #924, #3891, #4244 ) ;
#3314 = ORIENTED_EDGE ( 'NONE', *, *, #4689, .F. ) ;
#3315 = ORIENTED_EDGE ( 'NONE', *, *, #1877, .T. ) ;
#3316 = CARTESIAN_POINT ( 'NONE',  ( 9.079809994790949190, 0.7500000000000006661, 17.82013048376742148 ) ) ;
#3317 = VECTOR ( 'NONE', #2813, 1000.000000000000114 ) ;
#3318 = ORIENTED_EDGE ( 'NONE', *, *, #3245, .F. ) ;
#3319 = EDGE_CURVE ( 'NONE', #3483, #3279, #3311, .T. ) ;
#3320 = CARTESIAN_POINT ( 'NONE',  ( -19.08185950409743370, 0.7500000000000006661, 3.461916805248331563 ) ) ;
#3321 = CARTESIAN_POINT ( 'NONE',  ( 15.43038397132521489, 0.000000000000000000, 11.74757339189863359 ) ) ;
#3322 = CARTESIAN_POINT ( 'NONE',  ( -15.45506981067501684, 0.000000000000000000, -9.470878960739288033 ) ) ;
#3323 =( BOUNDED_CURVE ( )  B_SPLINE_CURVE ( 3, ( #1535, #3985, #3934, #1478 ),
 .UNSPECIFIED., .F., .T. ) 
 B_SPLINE_CURVE_WITH_KNOTS ( ( 4, 4 ),
 ( 4.712388980384689674, 6.283185307179586232 ),
 .UNSPECIFIED. ) 
 CURVE ( )  GEOMETRIC_REPRESENTATION_ITEM ( )  RATIONAL_B_SPLINE_CURVE ( ( 1.000000000000000000, 0.8047378541243649375, 0.8047378541243649375, 1.000000000000000000 ) ) 
 REPRESENTATION_ITEM ( '' )  );
#3324 = PRESENTATION_STYLE_ASSIGNMENT (( #2447 ) ) ;
#3325 = EDGE_CURVE ( 'NONE', #1560, #4783, #80, .T. ) ;
#3326 = ADVANCED_FACE ( 'NONE', ( #5375 ), #544, .F. ) ;
#3327 = EDGE_CURVE ( 'NONE', #1889, #1454, #3773, .T. ) ;
#3328 = CARTESIAN_POINT ( 'NONE',  ( -12.33951291827351149, 0.3106601717798219142, -14.44771334640058313 ) ) ;
#3329 = CARTESIAN_POINT ( 'NONE',  ( -16.74636413877164998, 0.000000000000000000, -6.936571146717620096 ) ) ;
#3330 = DIRECTION ( 'NONE',  ( 0.9543510403658655994, 0.000000000000000000, 0.2986872808684530867 ) ) ;
#3331 = LINE ( 'NONE', #3403, #5244 ) ;
#3332 = EDGE_LOOP ( 'NONE', ( #3248, #2965, #4019, #1109 ) ) ;
#3333 = ORIENTED_EDGE ( 'NONE', *, *, #102, .F. ) ;
#3334 = CARTESIAN_POINT ( 'NONE',  ( 1.490722818829055774, 0.7500000000000006661, 18.94142934092948494 ) ) ;
#3335 = ORIENTED_EDGE ( 'NONE', *, *, #1240, .T. ) ;
#3336 = ORIENTED_EDGE ( 'NONE', *, *, #2399, .T. ) ;
#3337 = DIRECTION ( 'NONE',  ( -0.8153423299809062774, -0.000000000000000000, 0.5789791748770475310 ) ) ;
#3338 = EDGE_CURVE ( 'NONE', #1567, #1652, #1823, .T. ) ;
#3339 = DIRECTION ( 'NONE',  ( 0.5789791748770451996, 0.000000000000000000, 0.8153423299809079428 ) ) ;
#3340 = AXIS2_PLACEMENT_3D ( 'NONE', #2109, #4642, #3878 ) ;
#3341 = EDGE_LOOP ( 'NONE', ( #3538, #3372, #2652, #3333 ) ) ;
#3342 = ADVANCED_FACE ( 'NONE', ( #517 ), #2267, .F. ) ;
#3343 = ORIENTED_EDGE ( 'NONE', *, *, #727, .T. ) ;
#3344 = ORIENTED_EDGE ( 'NONE', *, *, #2695, .T. ) ;
#3345 = CARTESIAN_POINT ( 'NONE',  ( 16.20016312272777270, 0.7500000000000006661, -9.927472729603014301 ) ) ;
#3346 = ADVANCED_FACE ( 'NONE', ( #4273 ), #4303, .F. ) ;
#3347 = DIRECTION ( 'NONE',  ( 0.8958764104071011980, -0.000000000000000000, 0.4443033392583126684 ) ) ;
#3348 = LINE ( 'NONE', #3787, #4234 ) ;
#3349 = FACE_OUTER_BOUND ( 'NONE', #2945, .T. ) ;
#3350 = DIRECTION ( 'NONE',  ( 0.6993986216886699525, 0.000000000000000000, 0.7147318154244910460 ) ) ;
#3351 = VECTOR ( 'NONE', #34, 1000.000000000000114 ) ;
#3352 = FACE_OUTER_BOUND ( 'NONE', #4289, .T. ) ;
#3353 =( BOUNDED_CURVE ( )  B_SPLINE_CURVE ( 3, ( #2838, #3724, #779, #4669 ),
 .UNSPECIFIED., .F., .T. ) 
 B_SPLINE_CURVE_WITH_KNOTS ( ( 4, 4 ),
 ( 4.712388980384689674, 6.283185307179586232 ),
 .UNSPECIFIED. ) 
 CURVE ( )  GEOMETRIC_REPRESENTATION_ITEM ( )  RATIONAL_B_SPLINE_CURVE ( ( 1.000000000000000000, 0.8047378541243649375, 0.8047378541243649375, 1.000000000000000000 ) ) 
 REPRESENTATION_ITEM ( '' )  );
#3354 = CARTESIAN_POINT ( 'NONE',  ( -15.43615830453686399, 0.000000000000000000, 11.21502547726919197 ) ) ;
#3355 = DIRECTION ( 'NONE',  ( 0.3193103808106281249, 0.000000000000000000, -0.9476501889972753778 ) ) ;
#3356 = PLANE ( 'NONE',  #1508 ) ;
#3357 = ORIENTED_EDGE ( 'NONE', *, *, #3830, .T. ) ;
#3358 = AXIS2_PLACEMENT_3D ( 'NONE', #3607, #5269, #4861 ) ;
#3359 = ORIENTED_EDGE ( 'NONE', *, *, #2289, .F. ) ;
#3360 = CARTESIAN_POINT ( 'NONE',  ( -16.20016312272777625, 0.7500000000000006661, 9.927472729603072921 ) ) ;
#3361 = VERTEX_POINT ( 'NONE', #2203 ) ;
#3362 = DIRECTION ( 'NONE',  ( -0.9999412215650127500, 0.000000000000000000, -0.01084220526785187148 ) ) ;
#3363 = LINE ( 'NONE', #4185, #2807 ) ;
#3364 = ORIENTED_EDGE ( 'NONE', *, *, #3268, .T. ) ;
#3365 = EDGE_CURVE ( 'NONE', #5192, #2916, #240, .T. ) ;
#3366 = EDGE_LOOP ( 'NONE', ( #3597, #1961, #2940, #3584 ) ) ;
#3367 = VERTEX_POINT ( 'NONE', #3896 ) ;
#3368 = DIRECTION ( 'NONE',  ( 0.1457165503378051175, 0.000000000000000000, -0.9893263804011543927 ) ) ;
#3369 = EDGE_CURVE ( 'NONE', #1642, #2282, #4224, .T. ) ;
#3370 = EDGE_CURVE ( 'NONE', #2593, #226, #2853, .T. ) ;
#3371 = CARTESIAN_POINT ( 'NONE',  ( -18.57373865226804099, 0.7500000000000006661, 5.578392472551463754 ) ) ;
#3372 = ORIENTED_EDGE ( 'NONE', *, *, #3425, .F. ) ;
#3373 = DIRECTION ( 'NONE',  ( 1.000000000000000000, 0.000000000000000000, -0.000000000000000000 ) ) ;
#3374 = DIRECTION ( 'NONE',  ( 0.9543510403658068686, 0.000000000000000000, -0.2986872808686406033 ) ) ;
#3375 = CARTESIAN_POINT ( 'NONE',  ( 3.461916805248298701, 0.7500000000000006661, 19.08185950409747278 ) ) ;
#3376 = VECTOR ( 'NONE', #4404, 1000.000000000000114 ) ;
#3377 = CYLINDRICAL_SURFACE ( 'NONE', #5257, 0.7500000000000009992 ) ;
#3378 = CARTESIAN_POINT ( 'NONE',  ( -1.816590212458487619, 3.500000000000001332, -2.450000000000000622 ) ) ;
#3379 = VECTOR ( 'NONE', #2949, 1000.000000000000000 ) ;
#3380 = DIRECTION ( 'NONE',  ( -0.000000000000000000, -1.000000000000000000, -0.000000000000000000 ) ) ;
#3381 = ORIENTED_EDGE ( 'NONE', *, *, #5114, .F. ) ;
#3382 = VECTOR ( 'NONE', #1020, 1000.000000000000000 ) ;
#3383 =( BOUNDED_CURVE ( )  B_SPLINE_CURVE ( 3, ( #986, #3407, #5048, #520 ),
 .UNSPECIFIED., .F., .T. ) 
 B_SPLINE_CURVE_WITH_KNOTS ( ( 4, 4 ),
 ( 0.000000000000000000, 1.570796326794896558 ),
 .UNSPECIFIED. ) 
 CURVE ( )  GEOMETRIC_REPRESENTATION_ITEM ( )  RATIONAL_B_SPLINE_CURVE ( ( 1.000000000000000000, 0.8047378541243649375, 0.8047378541243649375, 1.000000000000000000 ) ) 
 REPRESENTATION_ITEM ( '' )  );
#3384 = DIRECTION ( 'NONE',  ( 0.5965222315134229847, 0.000000000000000000, -0.8025965532633728694 ) ) ;
#3385 = EDGE_LOOP ( 'NONE', ( #3456, #3555, #4637, #4349 ) ) ;
#3386 = FACE_OUTER_BOUND ( 'NONE', #3663, .T. ) ;
#3387 = DIRECTION ( 'NONE',  ( -0.000000000000000000, -1.000000000000000000, -0.000000000000000000 ) ) ;
#3388 = ORIENTED_EDGE ( 'NONE', *, *, #1078, .F. ) ;
#3389 = AXIS2_PLACEMENT_3D ( 'NONE', #956, #462, #2152 ) ;
#3390 = EDGE_CURVE ( 'NONE', #2607, #2504, #2716, .T. ) ;
#3391 = ADVANCED_FACE ( 'NONE', ( #1907 ), #4358, .F. ) ;
#3392 = ORIENTED_EDGE ( 'NONE', *, *, #253, .T. ) ;
#3393 = ORIENTED_EDGE ( 'NONE', *, *, #4174, .F. ) ;
#3394 = DIRECTION ( 'NONE',  ( -0.1457165503378061444, -0.000000000000000000, 0.9893263804011542817 ) ) ;
#3395 = LINE ( 'NONE', #3006, #3060 ) ;
#3396 = CARTESIAN_POINT ( 'NONE',  ( 3.128689300804625262, 17.50000000000000000, -19.75376681190276074 ) ) ;
#3397 = ORIENTED_EDGE ( 'NONE', *, *, #3268, .F. ) ;
#3398 = LINE ( 'NONE', #3862, #505 ) ;
#3399 = CARTESIAN_POINT ( 'NONE',  ( -4.659477373913554210, 0.000000000000000000, -17.75926520728145519 ) ) ;
#3400 = AXIS2_PLACEMENT_3D ( 'NONE', #703, #4758, #4021 ) ;
#3401 = CARTESIAN_POINT ( 'NONE',  ( 1.816590212458494058, 3.500000000000001332, -2.450000000000000622 ) ) ;
#3402 = CARTESIAN_POINT ( 'NONE',  ( -17.55371111771447801, 0.7500000000000006661, 7.270985214936747099 ) ) ;
#3403 = CARTESIAN_POINT ( 'NONE',  ( 9.927472729603042723, 0.7500000000000006661, 16.20016312272780468 ) ) ;
#3404 = PLANE ( 'NONE',  #968 ) ;
#3405 = VERTEX_POINT ( 'NONE', #1845 ) ;
#3406 = VERTEX_POINT ( 'NONE', #1100 ) ;
#3407 = CARTESIAN_POINT ( 'NONE',  ( 18.94142934092945296, 0.3106601717798219142, -1.490722818829025798 ) ) ;
#3408 = ORIENTED_EDGE ( 'NONE', *, *, #1624, .F. ) ;
#3409 = CYLINDRICAL_SURFACE ( 'NONE', #4429, 0.7500000000000001110 ) ;
#3410 = CARTESIAN_POINT ( 'NONE',  ( 3.603089355156714376E-15, 3.500000000000001332, 1.734723475976807094E-15 ) ) ;
#3411 = EDGE_LOOP ( 'NONE', ( #4759, #5160, #1678, #4845 ) ) ;
#3412 =( BOUNDED_CURVE ( )  B_SPLINE_CURVE ( 3, ( #2879, #3712, #4091, #346 ),
 .UNSPECIFIED., .F., .T. ) 
 B_SPLINE_CURVE_WITH_KNOTS ( ( 4, 4 ),
 ( 0.000000000000000000, 1.570796326794896558 ),
 .UNSPECIFIED. ) 
 CURVE ( )  GEOMETRIC_REPRESENTATION_ITEM ( )  RATIONAL_B_SPLINE_CURVE ( ( 1.000000000000000000, 0.8047378541243649375, 0.8047378541243649375, 1.000000000000000000 ) ) 
 REPRESENTATION_ITEM ( '' )  );
#3413 = EDGE_CURVE ( 'NONE', #728, #393, #2776, .T. ) ;
#3414 = ORIENTED_EDGE ( 'NONE', *, *, #1376, .F. ) ;
#3415 = VERTEX_POINT ( 'NONE', #1069 ) ;
#3416 = CARTESIAN_POINT ( 'NONE',  ( -18.47502848755588190, 0.7500000000000006661, -4.435461913262177092 ) ) ;
#3417 = AXIS2_PLACEMENT_3D ( 'NONE', #1163, #2805, #4662 ) ;
#3418 = DIRECTION ( 'NONE',  ( -0.5789791748770451996, -0.000000000000000000, -0.8153423299809079428 ) ) ;
#3419 = LINE ( 'NONE', #4425, #756 ) ;
#3420 = ORIENTED_EDGE ( 'NONE', *, *, #2067, .F. ) ;
#3421 = CARTESIAN_POINT ( 'NONE',  ( 18.47502848755588190, 0.7500000000000006661, -4.435461913262180644 ) ) ;
#3422 = CARTESIAN_POINT ( 'NONE',  ( -16.74636413877164998, 0.000000000000000000, -6.936571146717620096 ) ) ;
#3423 = EDGE_CURVE ( 'NONE', #3938, #4012, #3053, .T. ) ;
#3424 = VECTOR ( 'NONE', #5009, 1000.000000000000000 ) ;
#3425 = EDGE_CURVE ( 'NONE', #2916, #2999, #3949, .T. ) ;
#3426 = AXIS2_PLACEMENT_3D ( 'NONE', #4696, #2584, #4336 ) ;
#3427 = CARTESIAN_POINT ( 'NONE',  ( 20.00000000000003197, 17.50000000000000000, 3.484000922962643298E-14 ) ) ;
#3428 = DIRECTION ( 'NONE',  ( 0.5789791748770424240, -0.000000000000000000, 0.8153423299809100522 ) ) ;
#3429 = FACE_OUTER_BOUND ( 'NONE', #4250, .T. ) ;
#3430 = ORIENTED_EDGE ( 'NONE', *, *, #3731, .F. ) ;
#3431 = ADVANCED_FACE ( 'NONE', ( #4029 ), #4765, .T. ) ;
#3432 = VERTEX_POINT ( 'NONE', #211 ) ;
#3433 = VECTOR ( 'NONE', #1215, 1000.000000000000227 ) ;
#3434 = CARTESIAN_POINT ( 'NONE',  ( 14.44771334640060623, 0.7500000000000006661, 12.33951291827353458 ) ) ;
#3435 = CARTESIAN_POINT ( 'NONE',  ( -18.12306249041970929, 7.866563208332349416E-16, 4.350962353431391705 ) ) ;
#3436 = VECTOR ( 'NONE', #2966, 1000.000000000000114 ) ;
#3437 = ADVANCED_FACE ( 'NONE', ( #1933, #3537 ), #1445, .T. ) ;
#3438 = FACE_OUTER_BOUND ( 'NONE', #4186, .T. ) ;
#3439 = DIRECTION ( 'NONE',  ( -0.5789791748770429791, -0.000000000000000000, 0.8153423299809096081 ) ) ;
#3440 = AXIS2_PLACEMENT_3D ( 'NONE', #1111, #1049, #3191 ) ;
#3441 = VERTEX_POINT ( 'NONE', #1038 ) ;
#3442 = CARTESIAN_POINT ( 'NONE',  ( 6.404355348150439831, 0.7500000000000006661, -18.30536704562871719 ) ) ;
#3443 = ORIENTED_EDGE ( 'NONE', *, *, #3657, .T. ) ;
#3444 = ORIENTED_EDGE ( 'NONE', *, *, #1173, .F. ) ;
#3445 = CARTESIAN_POINT ( 'NONE',  ( 11.75570504584948139, 17.50000000000000000, 16.18033988749900942 ) ) ;
#3446 =( BOUNDED_CURVE ( )  B_SPLINE_CURVE ( 3, ( #749, #2729, #1169, #248 ),
 .UNSPECIFIED., .F., .T. ) 
 B_SPLINE_CURVE_WITH_KNOTS ( ( 4, 4 ),
 ( 4.712388980384689674, 6.283185307179586232 ),
 .UNSPECIFIED. ) 
 CURVE ( )  GEOMETRIC_REPRESENTATION_ITEM ( )  RATIONAL_B_SPLINE_CURVE ( ( 1.000000000000000000, 0.8047378541243649375, 0.8047378541243649375, 1.000000000000000000 ) ) 
 REPRESENTATION_ITEM ( '' )  );
#3447 = LINE ( 'NONE', #4707, #1471 ) ;
#3448 = EDGE_LOOP ( 'NONE', ( #3634, #1197, #5382, #3703 ) ) ;
#3449 = DIRECTION ( 'NONE',  ( 0.4636242905187167307, 0.000000000000000000, -0.8860318940314826364 ) ) ;
#3450 = CARTESIAN_POINT ( 'NONE',  ( 4.231461929904018149, 0.000000000000000000, -17.62530740377553329 ) ) ;
#3451 = DIRECTION ( 'NONE',  ( -0.9543510403658068686, 0.000000000000000000, 0.2986872808686406033 ) ) ;
#3452 = DIRECTION ( 'NONE',  ( -0.000000000000000000, -1.000000000000000000, -0.000000000000000000 ) ) ;
#3453 = ADVANCED_FACE ( 'NONE', ( #235 ), #3924, .F. ) ;
#3454 = CARTESIAN_POINT ( 'NONE',  ( -1.742465518937988818E-15, 0.000000000000000000, 19.08014097585549607 ) ) ;
#3455 = DIRECTION ( 'NONE',  ( -0.5789791748770478641, 0.000000000000000000, 0.8153423299809061664 ) ) ;
#3456 = ORIENTED_EDGE ( 'NONE', *, *, #1303, .T. ) ;
#3457 = DIRECTION ( 'NONE',  ( -0.9543510403658067576, 0.000000000000000000, 0.2986872808686406033 ) ) ;
#3458 = DIRECTION ( 'NONE',  ( -0.8153423299809094971, 0.000000000000000000, -0.5789791748770430901 ) ) ;
#3459 = LINE ( 'NONE', #500, #4173 ) ;
#3460 = DIRECTION ( 'NONE',  ( 0.000000000000000000, 0.000000000000000000, 1.000000000000000000 ) ) ;
#3461 = ORIENTED_EDGE ( 'NONE', *, *, #707, .F. ) ;
#3462 = AXIS2_PLACEMENT_3D ( 'NONE', #2161, #3045, #472 ) ;
#3463 = EDGE_CURVE ( 'NONE', #212, #4622, #5287, .T. ) ;
#3464 = DIRECTION ( 'NONE',  ( 0.9859341912392902696, -0.000000000000000000, 0.1671339897965903876 ) ) ;
#3465 = ORIENTED_EDGE ( 'NONE', *, *, #115, .T. ) ;
#3466 = AXIS2_PLACEMENT_3D ( 'NONE', #4440, #711, #2774 ) ;
#3467 = ORIENTED_EDGE ( 'NONE', *, *, #4575, .F. ) ;
#3468 = CARTESIAN_POINT ( 'NONE',  ( 5.578392472551428227, 0.000000000000000000, 18.57373865226807297 ) ) ;
#3469 = EDGE_CURVE ( 'NONE', #329, #1884, #1569, .T. ) ;
#3470 = DIRECTION ( 'NONE',  ( 0.5789791748770458657, 0.000000000000000000, -0.8153423299809074987 ) ) ;
#3471 = ORIENTED_EDGE ( 'NONE', *, *, #658, .F. ) ;
#3472 = DIRECTION ( 'NONE',  ( -0.2986872808686397707, -0.000000000000000000, -0.9543510403658070906 ) ) ;
#3473 = LINE ( 'NONE', #3679, #2097 ) ;
#3474 = EDGE_CURVE ( 'NONE', #81, #3483, #3567, .T. ) ;
#3475 = DIRECTION ( 'NONE',  ( 0.1457165503378092808, 0.000000000000000000, -0.9893263804011539486 ) ) ;
#3476 = LINE ( 'NONE', #1903, #3879 ) ;
#3477 = AXIS2_PLACEMENT_3D ( 'NONE', #2689, #5314, #4172 ) ;
#3478 = EDGE_CURVE ( 'NONE', #4611, #2979, #4880, .T. ) ;
#3479 = DIRECTION ( 'NONE',  ( -0.000000000000000000, 1.000000000000000000, -0.000000000000000000 ) ) ;
#3480 = ADVANCED_FACE ( 'NONE', ( #601 ), #180, .F. ) ;
#3481 = DIRECTION ( 'NONE',  ( -0.9893263804011543927, 0.000000000000000000, 0.1457165503378054228 ) ) ;
#3482 = DIRECTION ( 'NONE',  ( -0.7147318154244898247, 0.000000000000000000, -0.6993986216886712848 ) ) ;
#3483 = VERTEX_POINT ( 'NONE', #4525 ) ;
#3484 = VECTOR ( 'NONE', #1472, 1000.000000000000114 ) ;
#3485 = CARTESIAN_POINT ( 'NONE',  ( 0.000000000000000000, 1.500000000000000000, -7.500000000000001776 ) ) ;
#3486 = CARTESIAN_POINT ( 'NONE',  ( -6.062598824603751879, 5.698158863361341534E-16, 18.65876059498104667 ) ) ;
#3487 = CARTESIAN_POINT ( 'NONE',  ( -5.578392472551429115, 0.7500000000000006661, 18.57373865226807297 ) ) ;
#3488 = DIRECTION ( 'NONE',  ( 0.4443033392582299013, 0.000000000000000000, 0.8958764104071422762 ) ) ;
#3489 = EDGE_CURVE ( 'NONE', #2344, #810, #4062, .T. ) ;
#3490 = ORIENTED_EDGE ( 'NONE', *, *, #4459, .F. ) ;
#3491 = VERTEX_POINT ( 'NONE', #3236 ) ;
#3492 = CARTESIAN_POINT ( 'NONE',  ( 16.18033988749897389, 17.50000000000000000, 11.75570504584951870 ) ) ;
#3493 = EDGE_CURVE ( 'NONE', #5053, #2864, #5360, .T. ) ;
#3494 = VERTEX_POINT ( 'NONE', #1636 ) ;
#3495 = CARTESIAN_POINT ( 'NONE',  ( -18.94142934092945652, 0.3106601717798219142, 1.490722818829086194 ) ) ;
#3496 = CARTESIAN_POINT ( 'NONE',  ( 11.21502547726915644, 0.000000000000000000, -15.43615830453682847 ) ) ;
#3497 = AXIS2_PLACEMENT_3D ( 'NONE', #2162, #1402, #3852 ) ;
#3498 = ORIENTED_EDGE ( 'NONE', *, *, #2079, .F. ) ;
#3499 = EDGE_CURVE ( 'NONE', #366, #2406, #1264, .T. ) ;
#3500 = ORIENTED_EDGE ( 'NONE', *, *, #4621, .T. ) ;
#3501 = FACE_OUTER_BOUND ( 'NONE', #5057, .T. ) ;
#3502 = CARTESIAN_POINT ( 'NONE',  ( -13.78322037140357992, 0.000000000000000000, 11.77198230270241552 ) ) ;
#3503 = CARTESIAN_POINT ( 'NONE',  ( 19.21771795033441776, 0.000000000000000000, -2.604140334538088020 ) ) ;
#3504 = DIRECTION ( 'NONE',  ( -0.1457165503378057836, 0.000000000000000000, -0.9893263804011542817 ) ) ;
#3505 = ORIENTED_EDGE ( 'NONE', *, *, #1198, .F. ) ;
#3506 = CARTESIAN_POINT ( 'NONE',  ( 0.000000000000000000, -0.5000000000000000000, 0.000000000000000000 ) ) ;
#3507 = AXIS2_PLACEMENT_3D ( 'NONE', #5142, #3999, #2225 ) ;
#3508 = FACE_OUTER_BOUND ( 'NONE', #5342, .T. ) ;
#3509 = PRODUCT_DEFINITION ( 'UNKNOWN', '', #2546, #452 ) ;
#3510 = FACE_OUTER_BOUND ( 'NONE', #2747, .T. ) ;
#3511 = DIRECTION ( 'NONE',  ( -0.000000000000000000, -1.000000000000000000, -0.000000000000000000 ) ) ;
#3512 = VECTOR ( 'NONE', #1978, 1000.000000000000114 ) ;
#3513 = DIRECTION ( 'NONE',  ( -0.000000000000000000, -1.000000000000000000, -0.000000000000000000 ) ) ;
#3514 = ORIENTED_EDGE ( 'NONE', *, *, #2686, .F. ) ;
#3515 = VECTOR ( 'NONE', #2260, 999.9999999999998863 ) ;
#3516 = DIRECTION ( 'NONE',  ( -0.000000000000000000, 1.000000000000000000, -0.000000000000000000 ) ) ;
#3517 = VECTOR ( 'NONE', #582, 1000.000000000000000 ) ;
#3518 = LINE ( 'NONE', #1976, #5011 ) ;
#3519 = ORIENTED_EDGE ( 'NONE', *, *, #4294, .T. ) ;
#3520 = CARTESIAN_POINT ( 'NONE',  ( -14.14213562373097588, 0.7500000000000006661, 14.14213562373101141 ) ) ;
#3521 = EDGE_CURVE ( 'NONE', #3406, #2320, #3921, .T. ) ;
#3522 = MANIFOLD_SOLID_BREP ( 'Fillet2', #4134 ) ;
#3523 = DIRECTION ( 'NONE',  ( -0.8025965532633724253, -0.000000000000000000, -0.5965222315134237618 ) ) ;
#3524 = ORIENTED_EDGE ( 'NONE', *, *, #1670, .F. ) ;
#3525 = ORIENTED_EDGE ( 'NONE', *, *, #1506, .T. ) ;
#3526 = FACE_OUTER_BOUND ( 'NONE', #959, .T. ) ;
#3527 = DIRECTION ( 'NONE',  ( 0.1671339897965918864, 0.000000000000000000, -0.9859341912392899365 ) ) ;
#3528 = VERTEX_POINT ( 'NONE', #401 ) ;
#3529 = ORIENTED_EDGE ( 'NONE', *, *, #4672, .F. ) ;
#3530 = ORIENTED_EDGE ( 'NONE', *, *, #2897, .T. ) ;
#3531 = VECTOR ( 'NONE', #2093, 1000.000000000000227 ) ;
#3532 = ADVANCED_FACE ( 'NONE', ( #25 ), #4705, .T. ) ;
#3533 = FACE_OUTER_BOUND ( 'NONE', #3795, .T. ) ;
#3534 = CARTESIAN_POINT ( 'NONE',  ( -4.231461929904018149, 0.000000000000000000, 17.62530740377559724 ) ) ;
#3535 = CARTESIAN_POINT ( 'NONE',  ( -3.128689300804623485, 0.7500000000000006661, 19.75376681190282113 ) ) ;
#3536 = CARTESIAN_POINT ( 'NONE',  ( 19.38849325251435118, 0.000000000000000000, 0.4342343811578183721 ) ) ;
#3537 = FACE_OUTER_BOUND ( 'NONE', #1344, .T. ) ;
#3538 = ORIENTED_EDGE ( 'NONE', *, *, #2231, .T. ) ;
#3539 = CARTESIAN_POINT ( 'NONE',  ( -11.04496740410153244, 0.7500000000000006661, -15.94085710189096972 ) ) ;
#3540 = CARTESIAN_POINT ( 'NONE',  ( 17.82013048376738595, 17.50000000000000000, 9.079809994790986494 ) ) ;
#3541 = PLANE ( 'NONE',  #1778 ) ;
#3542 = DIRECTION ( 'NONE',  ( -0.6993986216886699525, 0.000000000000000000, -0.7147318154244911570 ) ) ;
#3543 = CARTESIAN_POINT ( 'NONE',  ( -1.742465518937988818E-15, 0.000000000000000000, 19.08014097585549607 ) ) ;
#3544 = ORIENTED_EDGE ( 'NONE', *, *, #5135, .F. ) ;
#3545 = EDGE_LOOP ( 'NONE', ( #2167, #3136, #1840, #5292 ) ) ;
#3546 = VECTOR ( 'NONE', #4930, 1000.000000000000114 ) ;
#3547 = DIRECTION ( 'NONE',  ( -0.000000000000000000, 1.000000000000000000, -0.000000000000000000 ) ) ;
#3548 = ORIENTED_EDGE ( 'NONE', *, *, #1953, .F. ) ;
#3549 = CARTESIAN_POINT ( 'NONE',  ( -11.75570504584948850, 17.50000000000000000, -16.18033988749894192 ) ) ;
#3550 = ORIENTED_EDGE ( 'NONE', *, *, #2169, .T. ) ;
#3551 = EDGE_CURVE ( 'NONE', #2565, #4391, #4908, .T. ) ;
#3552 = CARTESIAN_POINT ( 'NONE',  ( 14.44771334640060445, 17.50000000000000000, -12.33951291827347596 ) ) ;
#3553 = EDGE_CURVE ( 'NONE', #393, #4135, #3412, .T. ) ;
#3554 = ADVANCED_FACE ( 'NONE', ( #4582 ), #2495, .F. ) ;
#3555 = ORIENTED_EDGE ( 'NONE', *, *, #2818, .F. ) ;
#3556 = VECTOR ( 'NONE', #1116, 1000.000000000000000 ) ;
#3557 =( BOUNDED_CURVE ( )  B_SPLINE_CURVE ( 3, ( #3094, #179, #4739, #4302 ),
 .UNSPECIFIED., .F., .T. ) 
 B_SPLINE_CURVE_WITH_KNOTS ( ( 4, 4 ),
 ( 4.712388980384689674, 6.283185307179586232 ),
 .UNSPECIFIED. ) 
 CURVE ( )  GEOMETRIC_REPRESENTATION_ITEM ( )  RATIONAL_B_SPLINE_CURVE ( ( 1.000000000000000000, 0.8047378541243649375, 0.8047378541243649375, 1.000000000000000000 ) ) 
 REPRESENTATION_ITEM ( '' )  );
#3558 = EDGE_LOOP ( 'NONE', ( #3568, #910, #725, #751 ) ) ;
#3559 = CARTESIAN_POINT ( 'NONE',  ( 7.132466372432016755, 4.605826747125912431E-16, -17.21929704949537765 ) ) ;
#3560 = DIRECTION ( 'NONE',  ( -0.9859341912392898255, 0.000000000000000000, -0.1671339897965923027 ) ) ;
#3561 = EDGE_LOOP ( 'NONE', ( #2155, #3676, #1435, #1633 ) ) ;
#3562 = ORIENTED_EDGE ( 'NONE', *, *, #4619, .T. ) ;
#3563 = DIRECTION ( 'NONE',  ( 0.8153423299809100522, -0.000000000000000000, -0.5789791748770424240 ) ) ;
#3564 = DIRECTION ( 'NONE',  ( 0.000000000000000000, 0.000000000000000000, -1.000000000000000000 ) ) ;
#3565 = PLANE ( 'NONE',  #1139 ) ;
#3566 = LINE ( 'NONE', #1068, #466 ) ;
#3567 = LINE ( 'NONE', #5229, #882 ) ;
#3568 = ORIENTED_EDGE ( 'NONE', *, *, #3269, .T. ) ;
#3569 = EDGE_CURVE ( 'NONE', #2999, #677, #4552, .T. ) ;
#3570 = CARTESIAN_POINT ( 'NONE',  ( 15.85244490483873925, 0.000000000000000000, 9.262948809079457391 ) ) ;
#3571 = CARTESIAN_POINT ( 'NONE',  ( 3.603089355156714376E-15, 3.500000000000001332, 3.050000000000001599 ) ) ;
#3572 = CARTESIAN_POINT ( 'NONE',  ( -11.75570504584948850, 17.50000000000000000, -16.18033988749894192 ) ) ;
#3573 = LINE ( 'NONE', #4771, #2506 ) ;
#3574 = CARTESIAN_POINT ( 'NONE',  ( 13.87271515329466354, 8.942635437067931153E-16, -13.87271515329463867 ) ) ;
#3575 = ORIENTED_EDGE ( 'NONE', *, *, #4881, .T. ) ;
#3576 = VECTOR ( 'NONE', #1058, 1000.000000000000000 ) ;
#3577 = ORIENTED_EDGE ( 'NONE', *, *, #995, .T. ) ;
#3578 = EDGE_CURVE ( 'NONE', #2250, #4547, #3741, .T. ) ;
#3579 = LINE ( 'NONE', #2266, #3631 ) ;
#3580 = EDGE_LOOP ( 'NONE', ( #2659, #3519, #1164, #2764 ) ) ;
#3581 = FACE_OUTER_BOUND ( 'NONE', #4393, .T. ) ;
#3582 = CYLINDRICAL_SURFACE ( 'NONE', #3277, 0.7500000000000006661 ) ;
#3583 = CARTESIAN_POINT ( 'NONE',  ( 0.000000000000000000, 17.50000000000000000, -20.00000000000000000 ) ) ;
#3584 = ORIENTED_EDGE ( 'NONE', *, *, #3791, .F. ) ;
#3585 = EDGE_CURVE ( 'NONE', #197, #1047, #431, .T. ) ;
#3586 = VERTEX_POINT ( 'NONE', #1158 ) ;
#3587 = CARTESIAN_POINT ( 'NONE',  ( 6.936571146717650294, 0.000000000000000000, -16.74636413877161445 ) ) ;
#3588 = FACE_OUTER_BOUND ( 'NONE', #5283, .T. ) ;
#3589 = ORIENTED_EDGE ( 'NONE', *, *, #5179, .F. ) ;
#3590 =( BOUNDED_CURVE ( )  B_SPLINE_CURVE ( 3, ( #1537, #4291, #1113, #4398 ),
 .UNSPECIFIED., .F., .F. ) 
 B_SPLINE_CURVE_WITH_KNOTS ( ( 4, 4 ),
 ( 0.000000000000000000, 1.570796326794896558 ),
 .UNSPECIFIED. ) 
 CURVE ( )  GEOMETRIC_REPRESENTATION_ITEM ( )  RATIONAL_B_SPLINE_CURVE ( ( 1.000000000000000000, 0.8047378541243649375, 0.8047378541243649375, 1.000000000000000000 ) ) 
 REPRESENTATION_ITEM ( '' )  );
#3591 = CARTESIAN_POINT ( 'NONE',  ( -14.44771334640061156, 0.7500000000000006661, -12.33951291827347596 ) ) ;
#3592 = DIRECTION ( 'NONE',  ( -0.1671339897965892496, 0.000000000000000000, 0.9859341912392903806 ) ) ;
#3593 = TOROIDAL_SURFACE ( 'NONE', #2375, 3.549999999999999822, 0.5000000000000000000 ) ;
#3594 = DIRECTION ( 'NONE',  ( 0.7147318154244903798, 0.000000000000000000, 0.6993986216886706186 ) ) ;
#3595 = CARTESIAN_POINT ( 'NONE',  ( 15.89153536764202634, 7.858433264582426719E-16, 9.738345398044671697 ) ) ;
#3596 = EDGE_CURVE ( 'NONE', #3608, #2593, #5064, .T. ) ;
#3597 = ORIENTED_EDGE ( 'NONE', *, *, #2236, .T. ) ;
#3598 = CARTESIAN_POINT ( 'NONE',  ( 1.490722818829055774, 17.50000000000000000, 18.94142934092948494 ) ) ;
#3599 = DIRECTION ( 'NONE',  ( 0.8860318940314827474, -0.000000000000000000, -0.4636242905187166752 ) ) ;
#3600 = DIRECTION ( 'NONE',  ( 0.8860318940314824143, 0.000000000000000000, 0.4636242905187172858 ) ) ;
#3601 = EDGE_CURVE ( 'NONE', #4490, #838, #1386, .T. ) ;
#3602 = CARTESIAN_POINT ( 'NONE',  ( 5.896087816609129284, 0.000000000000000000, 18.14629240691754219 ) ) ;
#3603 = ORIENTED_EDGE ( 'NONE', *, *, #1849, .F. ) ;
#3604 = ORIENTED_EDGE ( 'NONE', *, *, #47, .T. ) ;
#3605 = AXIS2_PLACEMENT_3D ( 'NONE', #5254, #1415, #231 ) ;
#3606 = EDGE_CURVE ( 'NONE', #1863, #2156, #2573, .T. ) ;
#3607 = CARTESIAN_POINT ( 'NONE',  ( -17.47241226587835428, 0.7500000000000006661, -8.415286074267303462 ) ) ;
#3608 = VERTEX_POINT ( 'NONE', #2599 ) ;
#3609 = DIRECTION ( 'NONE',  ( 0.4636242905187159535, 0.000000000000000000, -0.8860318940314830805 ) ) ;
#3610 = VECTOR ( 'NONE', #3156, 1000.000000000000000 ) ;
#3611 = LINE ( 'NONE', #4016, #3804 ) ;
#3612 = LINE ( 'NONE', #332, #3816 ) ;
#3613 = ORIENTED_EDGE ( 'NONE', *, *, #5179, .T. ) ;
#3614 = AXIS2_PLACEMENT_3D ( 'NONE', #4181, #777, #4945 ) ;
#3615 = ORIENTED_EDGE ( 'NONE', *, *, #421, .F. ) ;
#3616 = ORIENTED_EDGE ( 'NONE', *, *, #4330, .T. ) ;
#3617 = CARTESIAN_POINT ( 'NONE',  ( 20.00000000000003197, 17.50000000000000000, 3.484000922962643298E-14 ) ) ;
#3618 = LINE ( 'NONE', #2011, #4261 ) ;
#3619 = CIRCLE ( 'NONE', #2052, 3.049999999999999822 ) ;
#3620 = VERTEX_POINT ( 'NONE', #976 ) ;
#3621 = CARTESIAN_POINT ( 'NONE',  ( 3.603089355156714376E-15, 3.500000000000001332, 1.734723475976807094E-15 ) ) ;
#3622 = LINE ( 'NONE', #2445, #4318 ) ;
#3623 = CARTESIAN_POINT ( 'NONE',  ( -11.21502547726916355, 0.000000000000000000, -15.43615830453682847 ) ) ;
#3624 = DIRECTION ( 'NONE',  ( 0.9893263804011543927, 0.000000000000000000, -0.1457165503378058113 ) ) ;
#3625 =( BOUNDED_CURVE ( )  B_SPLINE_CURVE ( 3, ( #2246, #3173, #3996, #4293 ),
 .UNSPECIFIED., .F., .T. ) 
 B_SPLINE_CURVE_WITH_KNOTS ( ( 4, 4 ),
 ( 0.000000000000000000, 1.570796326794896558 ),
 .UNSPECIFIED. ) 
 CURVE ( )  GEOMETRIC_REPRESENTATION_ITEM ( )  RATIONAL_B_SPLINE_CURVE ( ( 1.000000000000000000, 0.8047378541243649375, 0.8047378541243649375, 1.000000000000000000 ) ) 
 REPRESENTATION_ITEM ( '' )  );
#3626 = CIRCLE ( 'NONE', #1208, 17.50000000000000355 ) ;
#3627 = EDGE_CURVE ( 'NONE', #1209, #722, #1334, .T. ) ;
#3628 = CARTESIAN_POINT ( 'NONE',  ( 9.079809994790949190, 17.50000000000000000, 17.82013048376742148 ) ) ;
#3629 = FACE_OUTER_BOUND ( 'NONE', #1895, .T. ) ;
#3630 = DIRECTION ( 'NONE',  ( -0.9543510403658654884, -0.000000000000000000, -0.2986872808684530312 ) ) ;
#3631 = VECTOR ( 'NONE', #4776, 1000.000000000000227 ) ;
#3632 = CARTESIAN_POINT ( 'NONE',  ( -16.18033988749897745, 17.50000000000000000, 11.75570504584951692 ) ) ;
#3633 = ORIENTED_EDGE ( 'NONE', *, *, #3269, .F. ) ;
#3634 = ORIENTED_EDGE ( 'NONE', *, *, #4227, .T. ) ;
#3635 = DIRECTION ( 'NONE',  ( -0.3193103808106316222, 0.000000000000000000, 0.9476501889972741566 ) ) ;
#3636 = ORIENTED_EDGE ( 'NONE', *, *, #3874, .T. ) ;
#3637 = CARTESIAN_POINT ( 'NONE',  ( 17.93897962598751405, 0.000000000000000000, 3.910912946995733552 ) ) ;
#3638 = LINE ( 'NONE', #305, #1798 ) ;
#3639 = CYLINDRICAL_SURFACE ( 'NONE', #13, 0.7499999999999994449 ) ;
#3640 = ORIENTED_EDGE ( 'NONE', *, *, #2117, .F. ) ;
#3641 = AXIS2_PLACEMENT_3D ( 'NONE', #2708, #2222, #2679 ) ;
#3642 = ORIENTED_EDGE ( 'NONE', *, *, #1392, .T. ) ;
#3643 = VECTOR ( 'NONE', #4487, 1000.000000000000114 ) ;
#3644 = ORIENTED_EDGE ( 'NONE', *, *, #4826, .T. ) ;
#3645 = EDGE_CURVE ( 'NONE', #1274, #247, #809, .T. ) ;
#3646 = CYLINDRICAL_SURFACE ( 'NONE', #770, 0.7499999999999994449 ) ;
#3647 = DIRECTION ( 'NONE',  ( -0.000000000000000000, -1.000000000000000000, -0.000000000000000000 ) ) ;
#3648 = AXIS2_PLACEMENT_3D ( 'NONE', #1970, #4829, #4337 ) ;
#3649 = ORIENTED_EDGE ( 'NONE', *, *, #3702, .T. ) ;
#3650 = DIRECTION ( 'NONE',  ( 0.5965222315134267594, 0.000000000000000000, -0.8025965532633700938 ) ) ;
#3651 = DIRECTION ( 'NONE',  ( 0.000000000000000000, 0.000000000000000000, -1.000000000000000000 ) ) ;
#3652 = CARTESIAN_POINT ( 'NONE',  ( -3.128689300804623930, 17.50000000000000000, 19.75376681190282113 ) ) ;
#3653 =( NAMED_UNIT ( * ) PLANE_ANGLE_UNIT ( ) SI_UNIT ( $, .RADIAN. ) );
#3654 = AXIS2_PLACEMENT_3D ( 'NONE', #3378, #3868, #1795 ) ;
#3655 =( NAMED_UNIT ( * ) SI_UNIT ( $, .STERADIAN. ) SOLID_ANGLE_UNIT ( ) );
#3656 = ADVANCED_FACE ( 'NONE', ( #2981 ), #2931, .T. ) ;
#3657 = EDGE_CURVE ( 'NONE', #1777, #1274, #5039, .T. ) ;
#3658 = EDGE_CURVE ( 'NONE', #2622, #3984, #3035, .T. ) ;
#3659 = CYLINDRICAL_SURFACE ( 'NONE', #5267, 0.7499999999999995559 ) ;
#3660 = DIRECTION ( 'NONE',  ( -0.5965222315134212083, 0.000000000000000000, -0.8025965532633743127 ) ) ;
#3661 = DIRECTION ( 'NONE',  ( -0.01084220526784615904, -0.000000000000000000, -0.9999412215650128610 ) ) ;
#3662 = FACE_OUTER_BOUND ( 'NONE', #2509, .T. ) ;
#3663 = EDGE_LOOP ( 'NONE', ( #3604, #2909, #4591, #1379 ) ) ;
#3664 = ORIENTED_EDGE ( 'NONE', *, *, #4227, .F. ) ;
#3665 = LINE ( 'NONE', #1671, #3169 ) ;
#3666 = VERTEX_POINT ( 'NONE', #3422 ) ;
#3667 = CARTESIAN_POINT ( 'NONE',  ( -19.08014097585546054, 0.000000000000000000, 3.373428358374685000E-14 ) ) ;
#3668 = CARTESIAN_POINT ( 'NONE',  ( 13.40268498030150468, 0.7500000000000006661, 14.01678513138356585 ) ) ;
#3669 = EDGE_CURVE ( 'NONE', #4202, #2874, #74, .T. ) ;
#3670 = VECTOR ( 'NONE', #3811, 1000.000000000000000 ) ;
#3671 = FACE_OUTER_BOUND ( 'NONE', #1682, .T. ) ;
#3672 = EDGE_LOOP ( 'NONE', ( #308, #2035, #3023, #1483 ) ) ;
#3673 = ADVANCED_FACE ( 'NONE', ( #487, #4295 ), #2624, .F. ) ;
#3674 = VECTOR ( 'NONE', #5122, 1000.000000000000000 ) ;
#3675 = ORIENTED_EDGE ( 'NONE', *, *, #2377, .F. ) ;
#3676 = ORIENTED_EDGE ( 'NONE', *, *, #1850, .T. ) ;
#3677 = CARTESIAN_POINT ( 'NONE',  ( 9.927472729603040946, 0.3106601717798219142, -16.20016312272774783 ) ) ;
#3678 = EDGE_CURVE ( 'NONE', #4590, #2257, #1291, .T. ) ;
#3679 = CARTESIAN_POINT ( 'NONE',  ( -12.21416242592606771, 0.000000000000000000, -13.70826270297111016 ) ) ;
#3680 = ORIENTED_EDGE ( 'NONE', *, *, #892, .T. ) ;
#3681 = EDGE_CURVE ( 'NONE', #746, #1137, #1361, .T. ) ;
#3682 = CYLINDRICAL_SURFACE ( 'NONE', #737, 0.7499999999999994449 ) ;
#3683 = CARTESIAN_POINT ( 'NONE',  ( 17.82013048376738595, 0.7500000000000006661, 9.079809994790986494 ) ) ;
#3684 = CARTESIAN_POINT ( 'NONE',  ( -7.112624403982478484E-16, 1.000000000000000000, 7.656255742478427884 ) ) ;
#3685 = CARTESIAN_POINT ( 'NONE',  ( -19.02113032590310837, 17.50000000000000000, 6.180339887498993434 ) ) ;
#3686 = EDGE_CURVE ( 'NONE', #338, #1972, #147, .T. ) ;
#3687 = FACE_OUTER_BOUND ( 'NONE', #503, .T. ) ;
#3688 = LINE ( 'NONE', #1106, #1862 ) ;
#3689 = LINE ( 'NONE', #3240, #1041 ) ;
#3690 = CARTESIAN_POINT ( 'NONE',  ( 19.08014097585545699, 0.000000000000000000, 3.332300969916516542E-14 ) ) ;
#3691 = VERTEX_POINT ( 'NONE', #952 ) ;
#3692 = AXIS2_PLACEMENT_3D ( 'NONE', #2831, #771, #2429 ) ;
#3693 = EDGE_LOOP ( 'NONE', ( #2833, #379, #3255, #265 ) ) ;
#3694 = LINE ( 'NONE', #5341, #5265 ) ;
#3695 = VECTOR ( 'NONE', #1510, 1000.000000000000000 ) ;
#3696 = ORIENTED_EDGE ( 'NONE', *, *, #1553, .F. ) ;
#3697 = CARTESIAN_POINT ( 'NONE',  ( 6.180339887498962348, 0.7500000000000006661, -19.02113032590307284 ) ) ;
#3698 = DIRECTION ( 'NONE',  ( -0.000000000000000000, -1.000000000000000000, -0.000000000000000000 ) ) ;
#3699 = CARTESIAN_POINT ( 'NONE',  ( 4.435461913262208178, 0.7500000000000006661, -18.47502848755584992 ) ) ;
#3700 = VERTEX_POINT ( 'NONE', #5013 ) ;
#3701 = CIRCLE ( 'NONE', #3068, 3.049999999999999822 ) ;
#3702 = EDGE_CURVE ( 'NONE', #676, #3083, #4603, .T. ) ;
#3703 = ORIENTED_EDGE ( 'NONE', *, *, #3830, .F. ) ;
#3704 = ORIENTED_EDGE ( 'NONE', *, *, #3902, .T. ) ;
#3705 = PLANE ( 'NONE',  #1381 ) ;
#3706 = CARTESIAN_POINT ( 'NONE',  ( 16.18033988749897389, 0.7500000000000006661, 11.75570504584951870 ) ) ;
#3707 = VECTOR ( 'NONE', #913, 1000.000000000000114 ) ;
#3708 = EDGE_LOOP ( 'NONE', ( #1255, #4534 ) ) ;
#3709 = LINE ( 'NONE', #5357, #2549 ) ;
#3710 = CARTESIAN_POINT ( 'NONE',  ( 17.07813569846652157, 0.000000000000000000, 9.189097407544341678 ) ) ;
#3711 = CARTESIAN_POINT ( 'NONE',  ( -10.87150850118938727, -0.6952007619927221826, 5.064245749405309915 ) ) ;
#3712 = CARTESIAN_POINT ( 'NONE',  ( 18.94142934092945296, 0.3106601717798219142, 1.490722818829083307 ) ) ;
#3713 = EDGE_CURVE ( 'NONE', #2061, #810, #1737, .T. ) ;
#3714 = PLANE ( 'NONE',  #1785 ) ;
#3715 = LINE ( 'NONE', #434, #5344 ) ;
#3716 = DIRECTION ( 'NONE',  ( -0.000000000000000000, -1.000000000000000000, -0.000000000000000000 ) ) ;
#3717 = CARTESIAN_POINT ( 'NONE',  ( 9.919341075652159390, 0.000000000000000000, 15.45020720655404389 ) ) ;
#3718 = ORIENTED_EDGE ( 'NONE', *, *, #2676, .F. ) ;
#3719 = ORIENTED_EDGE ( 'NONE', *, *, #5250, .T. ) ;
#3720 = VECTOR ( 'NONE', #4216, 1000.000000000000114 ) ;
#3721 = DIRECTION ( 'NONE',  ( -0.1457165503378057836, -0.000000000000000000, -0.9893263804011542817 ) ) ;
#3722 = ORIENTED_EDGE ( 'NONE', *, *, #4966, .F. ) ;
#3723 = CARTESIAN_POINT ( 'NONE',  ( -1.399002207840399053E-15, 17.50000000000000000, 20.00000000000007105 ) ) ;
#3724 = CARTESIAN_POINT ( 'NONE',  ( -18.12306249041970574, 3.529754518390332666E-16, -4.350962353431331309 ) ) ;
#3725 = LINE ( 'NONE', #2555, #4889 ) ;
#3726 = EDGE_LOOP ( 'NONE', ( #1179, #1701, #1466, #3359 ) ) ;
#3727 = EDGE_CURVE ( 'NONE', #3133, #4579, #4319, .T. ) ;
#3728 = EDGE_CURVE ( 'NONE', #5053, #1746, #538, .T. ) ;
#3729 = ADVANCED_FACE ( 'NONE', ( #2302 ), #2247, .T. ) ;
#3730 = ORIENTED_EDGE ( 'NONE', *, *, #4926, .T. ) ;
#3731 = EDGE_CURVE ( 'NONE', #2172, #4774, #1366, .T. ) ;
#3732 = ORIENTED_EDGE ( 'NONE', *, *, #2356, .T. ) ;
#3733 = DIRECTION ( 'NONE',  ( 0.8153423299809082758, 0.000000000000000000, 0.5789791748770449775 ) ) ;
#3734 = CARTESIAN_POINT ( 'NONE',  ( -14.14213562373097766, 17.50000000000000000, -14.14213562373093858 ) ) ;
#3735 = ORIENTED_EDGE ( 'NONE', *, *, #3998, .T. ) ;
#3736 = VECTOR ( 'NONE', #2767, 1000.000000000000114 ) ;
#3737 = DIRECTION ( 'NONE',  ( 0.000000000000000000, -1.000000000000000000, 0.000000000000000000 ) ) ;
#3738 = ORIENTED_EDGE ( 'NONE', *, *, #2925, .F. ) ;
#3739 = LINE ( 'NONE', #2877, #3720 ) ;
#3740 = FACE_OUTER_BOUND ( 'NONE', #3726, .T. ) ;
#3741 = LINE ( 'NONE', #5386, #793 ) ;
#3742 = VECTOR ( 'NONE', #3362, 999.9999999999998863 ) ;
#3743 = VECTOR ( 'NONE', #2936, 999.9999999999998863 ) ;
#3744 = CARTESIAN_POINT ( 'NONE',  ( 8.415286074267335437, 0.7500000000000006661, 17.47241226587838625 ) ) ;
#3745 = CARTESIAN_POINT ( 'NONE',  ( -4.435461913262208178, 0.7500000000000006661, 18.47502848755591032 ) ) ;
#3746 = CARTESIAN_POINT ( 'NONE',  ( 14.14213562373097588, 17.50000000000000000, -14.14213562373094035 ) ) ;
#3747 = CARTESIAN_POINT ( 'NONE',  ( -14.01678513138353566, 0.7500000000000006661, 13.40268498030154198 ) ) ;
#3748 = ORIENTED_EDGE ( 'NONE', *, *, #3983, .T. ) ;
#3749 = ADVANCED_FACE ( 'NONE', ( #2361 ), #2651, .T. ) ;
#3750 = ORIENTED_EDGE ( 'NONE', *, *, #3325, .F. ) ;
#3751 = CARTESIAN_POINT ( 'NONE',  ( 18.12306249041970929, 6.774231092096921299E-16, -4.350962353431335750 ) ) ;
#3752 = FACE_OUTER_BOUND ( 'NONE', #224, .T. ) ;
#3753 = CARTESIAN_POINT ( 'NONE',  ( 0.000000000000000000, 1.500000000000000000, 0.000000000000000000 ) ) ;
#3754 = DIRECTION ( 'NONE',  ( 0.9893263804011550588, -0.000000000000000000, 0.1457165503378019256 ) ) ;
#3755 = ORIENTED_EDGE ( 'NONE', *, *, #3390, .T. ) ;
#3756 = EDGE_CURVE ( 'NONE', #2733, #4113, #423, .T. ) ;
#3757 = AXIS2_PLACEMENT_3D ( 'NONE', #738, #317, #2394 ) ;
#3758 = ORIENTED_EDGE ( 'NONE', *, *, #3474, .T. ) ;
#3759 = ORIENTED_EDGE ( 'NONE', *, *, #4394, .T. ) ;
#3760 = LINE ( 'NONE', #2973, #4334 ) ;
#3761 = AXIS2_PLACEMENT_3D ( 'NONE', #4693, #4977, #2962 ) ;
#3762 = DIRECTION ( 'NONE',  ( 0.000000000000000000, 0.000000000000000000, -1.000000000000000000 ) ) ;
#3763 = ORIENTED_EDGE ( 'NONE', *, *, #1198, .T. ) ;
#3764 = DIRECTION ( 'NONE',  ( -0.000000000000000000, -1.000000000000000000, -0.000000000000000000 ) ) ;
#3765 = DIRECTION ( 'NONE',  ( 0.01084220526784622843, 0.000000000000000000, 0.9999412215650127500 ) ) ;
#3766 = CARTESIAN_POINT ( 'NONE',  ( -17.82013048376738951, 0.7500000000000006661, 9.079809994790986494 ) ) ;
#3767 = ADVANCED_FACE ( 'NONE', ( #3588 ), #2709, .T. ) ;
#3768 = CARTESIAN_POINT ( 'NONE',  ( 17.82013048376738595, 17.50000000000000000, 9.079809994790986494 ) ) ;
#3769 = CARTESIAN_POINT ( 'NONE',  ( -7.270985214936722230, 0.7500000000000006661, -17.55371111771444603 ) ) ;
#3770 = CARTESIAN_POINT ( 'NONE',  ( 5.896087816609129284, 0.000000000000000000, 18.14629240691754219 ) ) ;
#3771 = ORIENTED_EDGE ( 'NONE', *, *, #4956, .F. ) ;
#3772 = VERTEX_POINT ( 'NONE', #1866 ) ;
#3773 =( BOUNDED_CURVE ( )  B_SPLINE_CURVE ( 3, ( #1396, #1744, #3845, #4663 ),
 .UNSPECIFIED., .F., .T. ) 
 B_SPLINE_CURVE_WITH_KNOTS ( ( 4, 4 ),
 ( 0.000000000000000000, 1.570796326794896558 ),
 .UNSPECIFIED. ) 
 CURVE ( )  GEOMETRIC_REPRESENTATION_ITEM ( )  RATIONAL_B_SPLINE_CURVE ( ( 1.000000000000000000, 0.8047378541243649375, 0.8047378541243649375, 1.000000000000000000 ) ) 
 REPRESENTATION_ITEM ( '' )  );
#3774 = ADVANCED_FACE ( 'NONE', ( #284 ), #4322, .T. ) ;
#3775 = CARTESIAN_POINT ( 'NONE',  ( 18.26952203312409750, 0.000000000000000000, -1.823950323272701457 ) ) ;
#3776 = ORIENTED_EDGE ( 'NONE', *, *, #4554, .F. ) ;
#3777 = LINE ( 'NONE', #4159, #381 ) ;
#3778 = CYLINDRICAL_SURFACE ( 'NONE', #685, 0.7500000000000004441 ) ;
#3779 = CARTESIAN_POINT ( 'NONE',  ( 0.000000000000000000, 17.50000000000000000, -20.00000000000000000 ) ) ;
#3780 = ORIENTED_EDGE ( 'NONE', *, *, #1582, .F. ) ;
#3781 = EDGE_CURVE ( 'NONE', #2921, #3666, #5191, .T. ) ;
#3782 = ORIENTED_EDGE ( 'NONE', *, *, #1982, .T. ) ;
#3783 = ORIENTED_EDGE ( 'NONE', *, *, #2862, .T. ) ;
#3784 = CARTESIAN_POINT ( 'NONE',  ( -17.82013048376738951, 17.50000000000000000, 9.079809994790986494 ) ) ;
#3785 = AXIS2_PLACEMENT_3D ( 'NONE', #2419, #2068, #734 ) ;
#3786 = CARTESIAN_POINT ( 'NONE',  ( 0.000000000000000000, -0.5000000000000000000, 18.00000000000000000 ) ) ;
#3787 = CARTESIAN_POINT ( 'NONE',  ( 1.816590212458494058, 15.50000000000000178, -2.950000000000000622 ) ) ;
#3788 = DIRECTION ( 'NONE',  ( -0.000000000000000000, -1.000000000000000000, -0.000000000000000000 ) ) ;
#3789 = AXIS2_PLACEMENT_3D ( 'NONE', #3442, #4749, #2642 ) ;
#3790 = DIRECTION ( 'NONE',  ( 0.7147318154244910460, 0.000000000000000000, -0.6993986216886699525 ) ) ;
#3791 = EDGE_CURVE ( 'NONE', #2130, #2518, #3943, .T. ) ;
#3792 = DIRECTION ( 'NONE',  ( 0.1457165503378067828, 0.000000000000000000, 0.9893263804011541707 ) ) ;
#3793 = CARTESIAN_POINT ( 'NONE',  ( 19.08185950409743015, 0.000000000000000000, 3.461916805248330231 ) ) ;
#3794 = LINE ( 'NONE', #4272, #2625 ) ;
#3795 = EDGE_LOOP ( 'NONE', ( #4802, #3780, #4164, #1077 ) ) ;
#3796 = ORIENTED_EDGE ( 'NONE', *, *, #2377, .T. ) ;
#3797 = CARTESIAN_POINT ( 'NONE',  ( -19.02113032590310837, 0.7500000000000006661, -6.180339887498923268 ) ) ;
#3798 = EDGE_LOOP ( 'NONE', ( #2639, #1496, #4647, #4107 ) ) ;
#3799 = CYLINDRICAL_SURFACE ( 'NONE', #1691, 0.7500000000000002220 ) ;
#3800 = PLANE ( 'NONE',  #2332 ) ;
#3801 = FACE_OUTER_BOUND ( 'NONE', #18, .T. ) ;
#3802 = ORIENTED_EDGE ( 'NONE', *, *, #1656, .F. ) ;
#3803 =( BOUNDED_CURVE ( )  B_SPLINE_CURVE ( 3, ( #616, #1457, #1000, #2646 ),
 .UNSPECIFIED., .F., .T. ) 
 B_SPLINE_CURVE_WITH_KNOTS ( ( 4, 4 ),
 ( 4.712388980384690562, 6.283185307179586232 ),
 .UNSPECIFIED. ) 
 CURVE ( )  GEOMETRIC_REPRESENTATION_ITEM ( )  RATIONAL_B_SPLINE_CURVE ( ( 1.000000000000000000, 0.8047378541243652705, 0.8047378541243652705, 1.000000000000000000 ) ) 
 REPRESENTATION_ITEM ( '' )  );
#3804 = VECTOR ( 'NONE', #4864, 1000.000000000000114 ) ;
#3805 = ORIENTED_EDGE ( 'NONE', *, *, #615, .T. ) ;
#3806 = VERTEX_POINT ( 'NONE', #3141 ) ;
#3807 = DIRECTION ( 'NONE',  ( 0.2986872808686379943, 0.000000000000000000, 0.9543510403658075347 ) ) ;
#3808 = CARTESIAN_POINT ( 'NONE',  ( -9.079809994790952743, 0.7500000000000006661, 17.82013048376742148 ) ) ;
#3809 = CARTESIAN_POINT ( 'NONE',  ( 0.000000000000000000, 17.50000000000000000, 0.000000000000000000 ) ) ;
#3810 = FACE_OUTER_BOUND ( 'NONE', #2348, .T. ) ;
#3811 = DIRECTION ( 'NONE',  ( -0.000000000000000000, -1.000000000000000000, -0.000000000000000000 ) ) ;
#3812 = AXIS2_PLACEMENT_3D ( 'NONE', #1955, #283, #3733 ) ;
#3813 = DIRECTION ( 'NONE',  ( -0.000000000000000000, 1.000000000000000000, -0.000000000000000000 ) ) ;
#3814 = FACE_OUTER_BOUND ( 'NONE', #545, .T. ) ;
#3815 = CARTESIAN_POINT ( 'NONE',  ( 1.823950323272732543, 0.000000000000000000, 18.26952203312413303 ) ) ;
#3816 = VECTOR ( 'NONE', #1513, 1000.000000000000114 ) ;
#3817 = DIRECTION ( 'NONE',  ( -0.9999412215650128610, 0.000000000000000000, -0.01084220526784427166 ) ) ;
#3818 = EDGE_CURVE ( 'NONE', #1652, #1694, #4884, .T. ) ;
#3819 = CARTESIAN_POINT ( 'NONE',  ( -18.07025710545692476, 0.000000000000000000, -1.422160076959119834 ) ) ;
#3820 = ORIENTED_EDGE ( 'NONE', *, *, #3127, .F. ) ;
#3821 = ORIENTED_EDGE ( 'NONE', *, *, #266, .F. ) ;
#3822 = ADVANCED_FACE ( 'NONE', ( #257 ), #5248, .T. ) ;
#3823 = VECTOR ( 'NONE', #3337, 1000.000000000000114 ) ;
#3824 = CARTESIAN_POINT ( 'NONE',  ( 18.84523277876397174, 0.000000000000000000, 2.984791646450171143 ) ) ;
#3825 = LINE ( 'NONE', #2993, #559 ) ;
#3826 = DIRECTION ( 'NONE',  ( -0.5965222315135666475, 0.000000000000000000, 0.8025965532632660659 ) ) ;
#3827 = CARTESIAN_POINT ( 'NONE',  ( 6.669037799989185444, 0.000000000000000000, -17.10631944407937510 ) ) ;
#3828 = ORIENTED_EDGE ( 'NONE', *, *, #2236, .F. ) ;
#3829 = DIRECTION ( 'NONE',  ( 0.8153423299809099412, 0.000000000000000000, 0.5789791748770426461 ) ) ;
#3830 = EDGE_CURVE ( 'NONE', #3806, #2374, #4812, .T. ) ;
#3831 = EDGE_LOOP ( 'NONE', ( #5339, #32, #3205, #772 ) ) ;
#3832 = VERTEX_POINT ( 'NONE', #3496 ) ;
#3833 = LINE ( 'NONE', #1755, #2672 ) ;
#3834 = EDGE_CURVE ( 'NONE', #81, #3832, #3170, .T. ) ;
#3835 = LINE ( 'NONE', #1759, #730 ) ;
#3836 = ORIENTED_EDGE ( 'NONE', *, *, #5043, .F. ) ;
#3837 = DIRECTION ( 'NONE',  ( -0.000000000000000000, -1.000000000000000000, -0.000000000000000000 ) ) ;
#3838 = CARTESIAN_POINT ( 'NONE',  ( -14.14213562373097766, 17.50000000000000000, -14.14213562373093858 ) ) ;
#3839 = VECTOR ( 'NONE', #4196, 1000.000000000000000 ) ;
#3840 = ADVANCED_FACE ( 'NONE', ( #1124 ), #2769, .T. ) ;
#3841 = DIRECTION ( 'NONE',  ( -0.2986872808686383829, 0.000000000000000000, 0.9543510403658074237 ) ) ;
#3842 = CARTESIAN_POINT ( 'NONE',  ( 4.435461913262208178, 0.3106601717798219142, 18.47502848755591387 ) ) ;
#3843 = DIRECTION ( 'NONE',  ( 0.000000000000000000, 0.000000000000000000, 1.000000000000000000 ) ) ;
#3844 = LINE ( 'NONE', #3869, #4560 ) ;
#3845 = CARTESIAN_POINT ( 'NONE',  ( 1.462323201273056705, 6.774231092096921299E-16, -18.58057798583381981 ) ) ;
#3846 = ORIENTED_EDGE ( 'NONE', *, *, #1715, .T. ) ;
#3847 = ORIENTED_EDGE ( 'NONE', *, *, #4577, .T. ) ;
#3848 = DIRECTION ( 'NONE',  ( 0.1457165503378054505, -0.000000000000000000, 0.9893263804011545037 ) ) ;
#3849 = ORIENTED_EDGE ( 'NONE', *, *, #2123, .T. ) ;
#3850 = CARTESIAN_POINT ( 'NONE',  ( 12.33951291827350794, 0.3106601717798219142, -14.44771334640058313 ) ) ;
#3851 = CARTESIAN_POINT ( 'NONE',  ( 2.020667218593132311E-15, 1.500000000000000000, -15.49999999999998401 ) ) ;
#3852 = DIRECTION ( 'NONE',  ( 0.4443033392583125574, 0.000000000000000000, -0.8958764104071011980 ) ) ;
#3853 = ORIENTED_EDGE ( 'NONE', *, *, #91, .F. ) ;
#3854 = CARTESIAN_POINT ( 'NONE',  ( 3.069084940777319304, 6.774231092096921299E-16, 19.37743969349919837 ) ) ;
#3855 = ORIENTED_EDGE ( 'NONE', *, *, #1715, .F. ) ;
#3856 = ORIENTED_EDGE ( 'NONE', *, *, #5368, .T. ) ;
#3857 = LINE ( 'NONE', #119, #4515 ) ;
#3858 = AXIS2_PLACEMENT_3D ( 'NONE', #878, #4585, #1340 ) ;
#3859 = EDGE_CURVE ( 'NONE', #2860, #1830, #3473, .T. ) ;
#3860 = LINE ( 'NONE', #2787, #476 ) ;
#3861 = ORIENTED_EDGE ( 'NONE', *, *, #5188, .T. ) ;
#3862 = CARTESIAN_POINT ( 'NONE',  ( -11.04496740410153244, 0.000000000000000000, -15.94085710189096972 ) ) ;
#3863 = CARTESIAN_POINT ( 'NONE',  ( 4.435461913262208178, 0.3106601717798219142, -18.47502848755584637 ) ) ;
#3864 = VECTOR ( 'NONE', #1681, 1000.000000000000000 ) ;
#3865 = AXIS2_PLACEMENT_3D ( 'NONE', #2752, #768, #3184 ) ;
#3866 = CARTESIAN_POINT ( 'NONE',  ( -14.44771334640060800, 0.7500000000000006661, 12.33951291827353636 ) ) ;
#3867 = CARTESIAN_POINT ( 'NONE',  ( -15.43038397132521844, 0.7500000000000006661, -11.74757339189855898 ) ) ;
#3868 = DIRECTION ( 'NONE',  ( 0.000000000000000000, 0.000000000000000000, 1.000000000000000000 ) ) ;
#3869 = CARTESIAN_POINT ( 'NONE',  ( -16.18033988749897745, 17.50000000000000000, 11.75570504584951692 ) ) ;
#3870 = CARTESIAN_POINT ( 'NONE',  ( -3.128689300804623930, 17.50000000000000000, 19.75376681190282113 ) ) ;
#3871 = EDGE_CURVE ( 'NONE', #3772, #4807, #2872, .T. ) ;
#3872 = ORIENTED_EDGE ( 'NONE', *, *, #2466, .F. ) ;
#3873 = AXIS2_PLACEMENT_3D ( 'NONE', #4339, #4310, #3903 ) ;
#3874 = EDGE_CURVE ( 'NONE', #3832, #5279, #731, .T. ) ;
#3875 = CARTESIAN_POINT ( 'NONE',  ( -19.75376681190278916, 17.50000000000000000, -3.128689300804586626 ) ) ;
#3876 = CARTESIAN_POINT ( 'NONE',  ( -11.77198230270239065, 0.000000000000000000, -13.78322037140355327 ) ) ;
#3877 = VECTOR ( 'NONE', #1583, 1000.000000000000114 ) ;
#3878 = DIRECTION ( 'NONE',  ( -0.9999412215650128610, 0.000000000000000000, 0.01084220526784429248 ) ) ;
#3879 = VECTOR ( 'NONE', #3452, 1000.000000000000000 ) ;
#3880 = EDGE_LOOP ( 'NONE', ( #2666, #1616, #1419, #1229 ) ) ;
#3881 = LINE ( 'NONE', #92, #1433 ) ;
#3882 = ORIENTED_EDGE ( 'NONE', *, *, #4874, .F. ) ;
#3883 = EDGE_LOOP ( 'NONE', ( #5069, #4919, #5195, #4597 ) ) ;
#3884 = PLANE ( 'NONE',  #1645 ) ;
#3885 = EDGE_CURVE ( 'NONE', #1288, #4836, #2387, .T. ) ;
#3886 = EDGE_CURVE ( 'NONE', #3494, #1174, #3618, .T. ) ;
#3887 = EDGE_CURVE ( 'NONE', #1745, #361, #2415, .T. ) ;
#3888 = PLANE ( 'NONE',  #5165 ) ;
#3889 = ORIENTED_EDGE ( 'NONE', *, *, #1440, .T. ) ;
#3890 = LINE ( 'NONE', #5139, #5295 ) ;
#3891 = DIRECTION ( 'NONE',  ( 0.000000000000000000, -1.000000000000000000, 0.000000000000000000 ) ) ;
#3892 = FACE_OUTER_BOUND ( 'NONE', #2214, .T. ) ;
#3893 = DIRECTION ( 'NONE',  ( 0.1457165503378068105, 0.000000000000000000, 0.9893263804011542817 ) ) ;
#3894 = LINE ( 'NONE', #877, #3029 ) ;
#3895 = LINE ( 'NONE', #3503, #2893 ) ;
#3896 = CARTESIAN_POINT ( 'NONE',  ( 9.079809994790949190, 0.7500000000000006661, 17.82013048376742148 ) ) ;
#3897 = VERTEX_POINT ( 'NONE', #5331 ) ;
#3898 = EDGE_CURVE ( 'NONE', #4202, #4341, #3910, .T. ) ;
#3899 = VECTOR ( 'NONE', #817, 1000.000000000000114 ) ;
#3900 = FACE_OUTER_BOUND ( 'NONE', #2757, .T. ) ;
#3901 = CARTESIAN_POINT ( 'NONE',  ( 4.435461913262209954, 0.7500000000000006661, 18.47502848755591032 ) ) ;
#3902 = EDGE_CURVE ( 'NONE', #2389, #2250, #2795, .T. ) ;
#3903 = DIRECTION ( 'NONE',  ( -0.8025965532633737576, 0.000000000000000000, 0.5965222315134218745 ) ) ;
#3904 = DIRECTION ( 'NONE',  ( -0.000000000000000000, -1.000000000000000000, -0.000000000000000000 ) ) ;
#3905 = EDGE_LOOP ( 'NONE', ( #54, #1081, #2006, #3111 ) ) ;
#3906 = VECTOR ( 'NONE', #3511, 1000.000000000000000 ) ;
#3907 = LINE ( 'NONE', #4673, #3517 ) ;
#3908 = EDGE_LOOP ( 'NONE', ( #4233, #4767, #2843, #894 ) ) ;
#3909 = AXIS2_PLACEMENT_3D ( 'NONE', #492, #1316, #4200 ) ;
#3910 =( BOUNDED_CURVE ( )  B_SPLINE_CURVE ( 3, ( #4518, #4932, #4054, #4084 ),
 .UNSPECIFIED., .F., .T. ) 
 B_SPLINE_CURVE_WITH_KNOTS ( ( 4, 4 ),
 ( 0.000000000000000000, 1.570796326794893893 ),
 .UNSPECIFIED. ) 
 CURVE ( )  GEOMETRIC_REPRESENTATION_ITEM ( )  RATIONAL_B_SPLINE_CURVE ( ( 1.000000000000000000, 0.8047378541243654926, 0.8047378541243654926, 1.000000000000000000 ) ) 
 REPRESENTATION_ITEM ( '' )  );
#3911 = ADVANCED_FACE ( 'NONE', ( #4492 ), #1151, .F. ) ;
#3912 = ORIENTED_EDGE ( 'NONE', *, *, #5022, .F. ) ;
#3913 = CARTESIAN_POINT ( 'NONE',  ( 18.47502848755587479, 0.3106601717798218032, 4.435461913262239264 ) ) ;
#3914 = EDGE_LOOP ( 'NONE', ( #2786, #4105, #116, #3467 ) ) ;
#3915 = CARTESIAN_POINT ( 'NONE',  ( -15.43615830453686399, 0.000000000000000000, -11.21502547726912269 ) ) ;
#3916 = ORIENTED_EDGE ( 'NONE', *, *, #3994, .T. ) ;
#3917 = ORIENTED_EDGE ( 'NONE', *, *, #850, .F. ) ;
#3918 = PRODUCT_RELATED_PRODUCT_CATEGORY ( 'part', '', ( #1056 ) ) ;
#3919 = CYLINDRICAL_SURFACE ( 'NONE', #4039, 0.7499999999999995559 ) ;
#3920 = DIRECTION ( 'NONE',  ( -0.1671339897965903598, 0.000000000000000000, 0.9859341912392901586 ) ) ;
#3921 = CIRCLE ( 'NONE', #3757, 3.549999999999999822 ) ;
#3922 = CYLINDRICAL_SURFACE ( 'NONE', #157, 0.7499999999999994449 ) ;
#3923 = PLANE ( 'NONE',  #4127 ) ;
#3924 = PLANE ( 'NONE',  #4450 ) ;
#3925 = ORIENTED_EDGE ( 'NONE', *, *, #5032, .F. ) ;
#3926 = AXIS2_PLACEMENT_3D ( 'NONE', #3583, #1226, #5242 ) ;
#3927 = ADVANCED_FACE ( 'NONE', ( #5308 ), #1573, .F. ) ;
#3928 = CARTESIAN_POINT ( 'NONE',  ( 14.14213562373097588, 17.50000000000000000, -14.14213562373094035 ) ) ;
#3929 = FACE_OUTER_BOUND ( 'NONE', #3561, .T. ) ;
#3930 = CARTESIAN_POINT ( 'NONE',  ( 1.490722818829056884, 0.7500000000000006661, -18.94142934092942809 ) ) ;
#3931 = CARTESIAN_POINT ( 'NONE',  ( 0.000000000000000000, 33.05634918610405037, -5.500000000000000000 ) ) ;
#3932 = ORIENTED_EDGE ( 'NONE', *, *, #801, .F. ) ;
#3933 = DIRECTION ( 'NONE',  ( 0.5965222315134216524, 0.000000000000000000, 0.8025965532633739796 ) ) ;
#3934 = CARTESIAN_POINT ( 'NONE',  ( -9.079809994790956296, 0.3106601717798219142, -17.82013048376735398 ) ) ;
#3935 = EDGE_LOOP ( 'NONE', ( #3644, #3530, #826, #4323 ) ) ;
#3936 = CARTESIAN_POINT ( 'NONE',  ( 17.55371111771447090, 17.50000000000000000, 7.270985214936744434 ) ) ;
#3937 = CARTESIAN_POINT ( 'NONE',  ( -13.40268498030151179, 0.000000000000000000, -14.01678513138349658 ) ) ;
#3938 = VERTEX_POINT ( 'NONE', #365 ) ;
#3939 = EDGE_CURVE ( 'NONE', #1782, #4490, #813, .T. ) ;
#3940 =( BOUNDED_CURVE ( )  B_SPLINE_CURVE ( 3, ( #514, #3842, #1338, #4660 ),
 .UNSPECIFIED., .F., .F. ) 
 B_SPLINE_CURVE_WITH_KNOTS ( ( 4, 4 ),
 ( 0.000000000000000000, 1.570796326794896558 ),
 .UNSPECIFIED. ) 
 CURVE ( )  GEOMETRIC_REPRESENTATION_ITEM ( )  RATIONAL_B_SPLINE_CURVE ( ( 1.000000000000000000, 0.8047378541243649375, 0.8047378541243649375, 1.000000000000000000 ) ) 
 REPRESENTATION_ITEM ( '' )  );
#3941 = ORIENTED_EDGE ( 'NONE', *, *, #4306, .T. ) ;
#3942 = CARTESIAN_POINT ( 'NONE',  ( 11.75570504584948139, 17.50000000000000000, -16.18033988749894192 ) ) ;
#3943 = LINE ( 'NONE', #1413, #4791 ) ;
#3944 = VECTOR ( 'NONE', #3101, 1000.000000000000000 ) ;
#3945 = ORIENTED_EDGE ( 'NONE', *, *, #2934, .F. ) ;
#3946 = CARTESIAN_POINT ( 'NONE',  ( -14.17247134405519837, 6.782361035846846955E-16, -12.10443404024196745 ) ) ;
#3947 = DIRECTION ( 'NONE',  ( 0.1671339897965873900, -0.000000000000000000, 0.9859341912392906027 ) ) ;
#3948 = CARTESIAN_POINT ( 'NONE',  ( 7.270985214936714236, 0.7500000000000006661, -17.55371111771444248 ) ) ;
#3949 = LINE ( 'NONE', #1494, #3042 ) ;
#3950 = ORIENTED_EDGE ( 'NONE', *, *, #5083, .T. ) ;
#3951 = EDGE_CURVE ( 'NONE', #2874, #1318, #2033, .T. ) ;
#3952 = ADVANCED_FACE ( 'NONE', ( #2845 ), #1630, .F. ) ;
#3953 = CARTESIAN_POINT ( 'NONE',  ( -9.079809994790952743, 0.7500000000000006661, 17.82013048376742148 ) ) ;
#3954 = DIRECTION ( 'NONE',  ( -0.3193103808106281249, 0.000000000000000000, 0.9476501889972753778 ) ) ;
#3955 = DIRECTION ( 'NONE',  ( 0.000000000000000000, 0.000000000000000000, -1.000000000000000000 ) ) ;
#3956 = CARTESIAN_POINT ( 'NONE',  ( -19.02113032590310837, 17.50000000000000000, -6.180339887498923268 ) ) ;
#3957 = EDGE_LOOP ( 'NONE', ( #3364, #3066, #888, #4155 ) ) ;
#3958 = CYLINDRICAL_SURFACE ( 'NONE', #2481, 0.7499999999999985567 ) ;
#3959 = EDGE_LOOP ( 'NONE', ( #5253, #1446, #3430, #1981 ) ) ;
#3960 = DIRECTION ( 'NONE',  ( -0.6993986216886685092, 0.000000000000000000, 0.7147318154244923782 ) ) ;
#3961 = CARTESIAN_POINT ( 'NONE',  ( -8.415286074267338989, 0.7500000000000006661, 17.47241226587838980 ) ) ;
#3962 = ORIENTED_EDGE ( 'NONE', *, *, #2025, .T. ) ;
#3963 = EDGE_LOOP ( 'NONE', ( #1908, #3160, #1861, #2439 ) ) ;
#3964 = DIRECTION ( 'NONE',  ( 0.4636242905187152319, -0.000000000000000000, 0.8860318940314835245 ) ) ;
#3965 = DIRECTION ( 'NONE',  ( -0.9543510403658072017, 0.000000000000000000, 0.2986872808686390490 ) ) ;
#3966 = ORIENTED_EDGE ( 'NONE', *, *, #3171, .F. ) ;
#3967 = VERTEX_POINT ( 'NONE', #1231 ) ;
#3968 =( BOUNDED_CURVE ( )  B_SPLINE_CURVE ( 3, ( #3155, #4769, #5149, #2779 ),
 .UNSPECIFIED., .F., .T. ) 
 B_SPLINE_CURVE_WITH_KNOTS ( ( 4, 4 ),
 ( 0.000000000000000000, 1.570796326794896558 ),
 .UNSPECIFIED. ) 
 CURVE ( )  GEOMETRIC_REPRESENTATION_ITEM ( )  RATIONAL_B_SPLINE_CURVE ( ( 1.000000000000000000, 0.8047378541243649375, 0.8047378541243649375, 1.000000000000000000 ) ) 
 REPRESENTATION_ITEM ( '' )  );
#3969 = VECTOR ( 'NONE', #3281, 1000.000000000000114 ) ;
#3970 = PLANE ( 'NONE',  #4386 ) ;
#3971 = CARTESIAN_POINT ( 'NONE',  ( 18.14629240691750667, 0.000000000000000000, -5.896087816609099974 ) ) ;
#3972 = CARTESIAN_POINT ( 'NONE',  ( -5.896087816609128396, 0.000000000000000000, 18.14629240691754219 ) ) ;
#3973 = CARTESIAN_POINT ( 'NONE',  ( -17.82013048376738951, 17.50000000000000000, -9.079809994790915439 ) ) ;
#3974 = DIRECTION ( 'NONE',  ( -0.9859341912392910467, 0.000000000000000000, 0.1671339897965862242 ) ) ;
#3975 = EDGE_CURVE ( 'NONE', #1761, #1375, #2647, .T. ) ;
#3976 = ORIENTED_EDGE ( 'NONE', *, *, #4174, .T. ) ;
#3977 = LINE ( 'NONE', #2258, #5172 ) ;
#3978 = DIRECTION ( 'NONE',  ( 0.000000000000000000, -1.000000000000000000, 0.000000000000000000 ) ) ;
#3979 = CARTESIAN_POINT ( 'NONE',  ( -16.18033988749897745, 17.50000000000000000, -11.75570504584944587 ) ) ;
#3980 = FACE_OUTER_BOUND ( 'NONE', #4898, .T. ) ;
#3981 = CARTESIAN_POINT ( 'NONE',  ( 19.02113032590310482, 0.3106601717798218032, -6.180339887498927709 ) ) ;
#3982 = ORIENTED_EDGE ( 'NONE', *, *, #4262, .T. ) ;
#3983 = EDGE_CURVE ( 'NONE', #2894, #3491, #3323, .T. ) ;
#3984 = VERTEX_POINT ( 'NONE', #1079 ) ;
#3985 = CARTESIAN_POINT ( 'NONE',  ( -8.906831404756513137, 5.698158863361341534E-16, -17.48064088573828556 ) ) ;
#3986 = ORIENTED_EDGE ( 'NONE', *, *, #4855, .T. ) ;
#3987 = CARTESIAN_POINT ( 'NONE',  ( -11.75570504584948672, 17.50000000000000000, 16.18033988749900942 ) ) ;
#3988 = DIRECTION ( 'NONE',  ( 0.1671339897965881671, 0.000000000000000000, 0.9859341912392904916 ) ) ;
#3989 = LINE ( 'NONE', #2705, #1899 ) ;
#3990 = ORIENTED_EDGE ( 'NONE', *, *, #4498, .T. ) ;
#3991 = AXIS2_PLACEMENT_3D ( 'NONE', #19, #4238, #4190 ) ;
#3992 = AXIS2_PLACEMENT_3D ( 'NONE', #5074, #5101, #4254 ) ;
#3993 = AXIS2_PLACEMENT_3D ( 'NONE', #2108, #2003, #4184 ) ;
#3994 = EDGE_CURVE ( 'NONE', #338, #5367, #3579, .T. ) ;
#3995 = VERTEX_POINT ( 'NONE', #4013 ) ;
#3996 = CARTESIAN_POINT ( 'NONE',  ( 1.462323201273054485, 4.605826747125912431E-16, 18.58057798583387310 ) ) ;
#3997 = ORIENTED_EDGE ( 'NONE', *, *, #3319, .F. ) ;
#3998 = EDGE_CURVE ( 'NONE', #1137, #4522, #1281, .T. ) ;
#3999 = DIRECTION ( 'NONE',  ( 0.000000000000000000, -1.000000000000000000, 0.000000000000000000 ) ) ;
#4000 = PLANE ( 'NONE',  #4588 ) ;
#4001 = LINE ( 'NONE', #652, #4331 ) ;
#4002 =( LENGTH_UNIT ( ) NAMED_UNIT ( * ) SI_UNIT ( .MILLI., .METRE. ) );
#4003 = DIRECTION ( 'NONE',  ( -0.000000000000000000, -1.000000000000000000, -0.000000000000000000 ) ) ;
#4004 =( BOUNDED_CURVE ( )  B_SPLINE_CURVE ( 3, ( #1105, #2751, #4415, #320 ),
 .UNSPECIFIED., .F., .T. ) 
 B_SPLINE_CURVE_WITH_KNOTS ( ( 4, 4 ),
 ( 0.000000000000000000, 1.570796326794896558 ),
 .UNSPECIFIED. ) 
 CURVE ( )  GEOMETRIC_REPRESENTATION_ITEM ( )  RATIONAL_B_SPLINE_CURVE ( ( 1.000000000000000000, 0.8047378541243649375, 0.8047378541243649375, 1.000000000000000000 ) ) 
 REPRESENTATION_ITEM ( '' )  );
#4005 = VERTEX_POINT ( 'NONE', #1141 ) ;
#4006 = ADVANCED_FACE ( 'NONE', ( #4834 ), #2318, .F. ) ;
#4007 = AXIS2_PLACEMENT_3D ( 'NONE', #647, #5221, #228 ) ;
#4008 = DIRECTION ( 'NONE',  ( -0.000000000000000000, -1.000000000000000000, -0.000000000000000000 ) ) ;
#4009 = LINE ( 'NONE', #4798, #75 ) ;
#4010 = ORIENTED_EDGE ( 'NONE', *, *, #1491, .T. ) ;
#4011 = VECTOR ( 'NONE', #1551, 1000.000000000000000 ) ;
#4012 = VERTEX_POINT ( 'NONE', #3132 ) ;
#4013 = CARTESIAN_POINT ( 'NONE',  ( 18.47502848755588190, 0.7500000000000006661, -4.435461913262180644 ) ) ;
#4014 = ORIENTED_EDGE ( 'NONE', *, *, #5294, .F. ) ;
#4015 = LINE ( 'NONE', #3637, #205 ) ;
#4016 = CARTESIAN_POINT ( 'NONE',  ( 17.82013048376738595, 17.50000000000000000, 9.079809994790986494 ) ) ;
#4017 = CARTESIAN_POINT ( 'NONE',  ( 17.55371111771447445, 0.7500000000000006661, -7.270985214936688479 ) ) ;
#4018 = VERTEX_POINT ( 'NONE', #2290 ) ;
#4019 = ORIENTED_EDGE ( 'NONE', *, *, #1960, .F. ) ;
#4020 = CARTESIAN_POINT ( 'NONE',  ( 16.20016312272777270, 17.50000000000000000, -9.927472729603014301 ) ) ;
#4021 = DIRECTION ( 'NONE',  ( 0.9543510403658076457, 0.000000000000000000, -0.2986872808686380498 ) ) ;
#4022 = EDGE_LOOP ( 'NONE', ( #4832, #3805, #1891, #1308 ) ) ;
#4023 = ADVANCED_FACE ( 'NONE', ( #2378 ), #3958, .T. ) ;
#4024 = ORIENTED_EDGE ( 'NONE', *, *, #1213, .F. ) ;
#4025 = CARTESIAN_POINT ( 'NONE',  ( 0.000000000000000000, 0.9999999999999997780, 10.50000000000000000 ) ) ;
#4026 = FACE_OUTER_BOUND ( 'NONE', #502, .T. ) ;
#4027 = VECTOR ( 'NONE', #3387, 1000.000000000000000 ) ;
#4028 = LINE ( 'NONE', #2878, #3899 ) ;
#4029 = FACE_OUTER_BOUND ( 'NONE', #4068, .T. ) ;
#4030 = ORIENTED_EDGE ( 'NONE', *, *, #1804, .F. ) ;
#4031 = VECTOR ( 'NONE', #571, 1000.000000000000000 ) ;
#4032 = CARTESIAN_POINT ( 'NONE',  ( -12.10443404024200120, 5.698158863361341534E-16, -14.17247134405516462 ) ) ;
#4033 = CARTESIAN_POINT ( 'NONE',  ( 0.000000000000000000, -50.49747468305834985, 0.000000000000000000 ) ) ;
#4034 = CARTESIAN_POINT ( 'NONE',  ( -3.461916805248298701, 0.000000000000000000, 19.08185950409746567 ) ) ;
#4035 = EDGE_CURVE ( 'NONE', #2385, #942, #613, .T. ) ;
#4036 = CARTESIAN_POINT ( 'NONE',  ( -19.02113032590310837, 17.50000000000000000, 6.180339887498993434 ) ) ;
#4037 = EDGE_LOOP ( 'NONE', ( #2644, #3675, #861, #3589 ) ) ;
#4038 = ORIENTED_EDGE ( 'NONE', *, *, #3578, .F. ) ;
#4039 = AXIS2_PLACEMENT_3D ( 'NONE', #2684, #596, #568 ) ;
#4040 = EDGE_CURVE ( 'NONE', #2172, #1359, #2669, .T. ) ;
#4041 = CARTESIAN_POINT ( 'NONE',  ( -17.00053009192103204, 0.000000000000000000, 8.662202736729659236 ) ) ;
#4042 = ORIENTED_EDGE ( 'NONE', *, *, #3319, .T. ) ;
#4043 = CARTESIAN_POINT ( 'NONE',  ( -9.262948809079432522, 0.000000000000000000, 15.85244490483876945 ) ) ;
#4044 = AXIS2_PLACEMENT_3D ( 'NONE', #3768, #461, #3792 ) ;
#4045 = DIRECTION ( 'NONE',  ( -0.9543510403658079788, 0.000000000000000000, 0.2986872808686367731 ) ) ;
#4046 = ORIENTED_EDGE ( 'NONE', *, *, #392, .T. ) ;
#4047 = CARTESIAN_POINT ( 'NONE',  ( 17.82013048376738595, 0.7500000000000006661, 9.079809994790986494 ) ) ;
#4048 = ORIENTED_EDGE ( 'NONE', *, *, #2608, .T. ) ;
#4049 = VECTOR ( 'NONE', #2915, 1000.000000000000000 ) ;
#4050 = VERTEX_POINT ( 'NONE', #4041 ) ;
#4051 = EDGE_CURVE ( 'NONE', #1726, #4561, #1916, .T. ) ;
#4052 = VERTEX_POINT ( 'NONE', #3163 ) ;
#4053 = CARTESIAN_POINT ( 'NONE',  ( 9.927472729603040946, 0.7500000000000006661, -16.20016312272774783 ) ) ;
#4054 = CARTESIAN_POINT ( 'NONE',  ( 14.17247134405518771, 1.848059572229458157E-15, 12.10443404024202430 ) ) ;
#4055 = VECTOR ( 'NONE', #2759, 1000.000000000000000 ) ;
#4056 = EDGE_CURVE ( 'NONE', #1761, #746, #638, .T. ) ;
#4057 = EDGE_CURVE ( 'NONE', #4836, #1889, #3518, .T. ) ;
#4058 = ORIENTED_EDGE ( 'NONE', *, *, #5234, .F. ) ;
#4059 = CARTESIAN_POINT ( 'NONE',  ( 6.938745187938080563E-16, -0.6952007619927221826, 15.93575425059469453 ) ) ;
#4060 = LINE ( 'NONE', #2015, #5019 ) ;
#4061 = CARTESIAN_POINT ( 'NONE',  ( 2.604140334538122215, 0.7500000000000006661, -19.21771795033438934 ) ) ;
#4062 = LINE ( 'NONE', #1581, #705 ) ;
#4063 = VECTOR ( 'NONE', #3920, 1000.000000000000114 ) ;
#4064 = PLANE ( 'NONE',  #655 ) ;
#4065 = CARTESIAN_POINT ( 'NONE',  ( -19.75376681190278916, 17.50000000000000000, 3.128689300804659013 ) ) ;
#4066 = LINE ( 'NONE', #30, #1228 ) ;
#4067 = CARTESIAN_POINT ( 'NONE',  ( -6.180339887498959683, 17.50000000000000000, 19.02113032590313679 ) ) ;
#4068 = EDGE_LOOP ( 'NONE', ( #5049, #5062, #1622, #4520 ) ) ;
#4069 = EDGE_CURVE ( 'NONE', #2518, #684, #694, .T. ) ;
#4070 = ADVANCED_FACE ( 'NONE', ( #721 ), #275, .T. ) ;
#4071 = ADVANCED_FACE ( 'NONE', ( #4366 ), #4453, .F. ) ;
#4072 = CARTESIAN_POINT ( 'NONE',  ( 12.10443404024199587, 1.848059572229458157E-15, 14.17247134405522146 ) ) ;
#4073 = ORIENTED_EDGE ( 'NONE', *, *, #2216, .T. ) ;
#4074 = CARTESIAN_POINT ( 'NONE',  ( 17.62530740377556171, 0.000000000000000000, 4.231461929904049235 ) ) ;
#4075 = CARTESIAN_POINT ( 'NONE',  ( 1.835685437794179586, 15.26645965707074204, -2.507372257696184104 ) ) ;
#4076 = LINE ( 'NONE', #4895, #3556 ) ;
#4077 = ORIENTED_EDGE ( 'NONE', *, *, #4498, .F. ) ;
#4078 = VECTOR ( 'NONE', #4987, 1000.000000000000114 ) ;
#4079 = EDGE_CURVE ( 'NONE', #1749, #1746, #2443, .T. ) ;
#4080 = ORIENTED_EDGE ( 'NONE', *, *, #4528, .F. ) ;
#4081 = VECTOR ( 'NONE', #5134, 1000.000000000000000 ) ;
#4082 = ORIENTED_EDGE ( 'NONE', *, *, #91, .T. ) ;
#4083 = CARTESIAN_POINT ( 'NONE',  ( 9.470878960739316454, 0.000000000000000000, -15.45506981067498664 ) ) ;
#4084 = CARTESIAN_POINT ( 'NONE',  ( 13.78322037140357814, 0.000000000000000000, 11.77198230270241197 ) ) ;
#4085 = EDGE_LOOP ( 'NONE', ( #3051, #2416, #2919, #2268 ) ) ;
#4086 = VECTOR ( 'NONE', #4447, 1000.000000000000000 ) ;
#4087 = ORIENTED_EDGE ( 'NONE', *, *, #925, .F. ) ;
#4088 = CARTESIAN_POINT ( 'NONE',  ( -19.02113032590310837, 0.7500000000000006661, 6.180339887498993434 ) ) ;
#4089 = CARTESIAN_POINT ( 'NONE',  ( 15.94085710189100169, 0.000000000000000000, -11.04496740410149158 ) ) ;
#4090 = CARTESIAN_POINT ( 'NONE',  ( -5.687488515043146897, 1.000000000000000000, 13.34374425752157300 ) ) ;
#4091 = CARTESIAN_POINT ( 'NONE',  ( 18.58057798583384113, 6.774231092096921299E-16, 1.462323201273081796 ) ) ;
#4092 = FACE_OUTER_BOUND ( 'NONE', #3914, .T. ) ;
#4093 = CARTESIAN_POINT ( 'NONE',  ( -6.180339887498959683, 17.50000000000000000, 19.02113032590313679 ) ) ;
#4094 = DIRECTION ( 'NONE',  ( -0.000000000000000000, -1.000000000000000000, -0.000000000000000000 ) ) ;
#4095 = CARTESIAN_POINT ( 'NONE',  ( 20.00000000000003197, 0.7500000000000006661, 3.484000922962643298E-14 ) ) ;
#4096 = ORIENTED_EDGE ( 'NONE', *, *, #4909, .T. ) ;
#4097 = VERTEX_POINT ( 'NONE', #4750 ) ;
#4098 = EDGE_CURVE ( 'NONE', #4594, #839, #3619, .T. ) ;
#4099 = CARTESIAN_POINT ( 'NONE',  ( -19.75376681190278561, 0.3106601717798220808, -3.128689300804587514 ) ) ;
#4100 = ORIENTED_EDGE ( 'NONE', *, *, #4621, .F. ) ;
#4101 = DIRECTION ( 'NONE',  ( -0.9893263804011536156, 0.000000000000000000, 0.1457165503378109184 ) ) ;
#4102 = LINE ( 'NONE', #358, #4671 ) ;
#4103 = VECTOR ( 'NONE', #1181, 1000.000000000000227 ) ;
#4104 = DIRECTION ( 'NONE',  ( 1.000000000000000000, 0.000000000000000000, -1.224646799147353207E-16 ) ) ;
#4105 = ORIENTED_EDGE ( 'NONE', *, *, #1031, .F. ) ;
#4106 = EDGE_LOOP ( 'NONE', ( #2431, #808, #5243, #4928 ) ) ;
#4107 = ORIENTED_EDGE ( 'NONE', *, *, #1410, .F. ) ;
#4108 = LINE ( 'NONE', #1207, #683 ) ;
#4109 = ADVANCED_FACE ( 'NONE', ( #5143 ), #4737, .T. ) ;
#4110 = DIRECTION ( 'NONE',  ( -0.000000000000000000, -1.000000000000000000, -0.000000000000000000 ) ) ;
#4111 = ORIENTED_EDGE ( 'NONE', *, *, #1568, .F. ) ;
#4112 = CARTESIAN_POINT ( 'NONE',  ( -19.75376681190278916, 0.7500000000000006661, 3.128689300804659013 ) ) ;
#4113 = VERTEX_POINT ( 'NONE', #5198 ) ;
#4114 = CARTESIAN_POINT ( 'NONE',  ( 16.18033988749897389, 17.50000000000000000, -11.75570504584944764 ) ) ;
#4115 = FACE_OUTER_BOUND ( 'NONE', #4085, .T. ) ;
#4116 = DIRECTION ( 'NONE',  ( 0.9999412215650128610, 0.000000000000000000, 0.01084220526784426993 ) ) ;
#4117 = CARTESIAN_POINT ( 'NONE',  ( 19.02113032590310482, 0.7500000000000006661, 6.180339887498993434 ) ) ;
#4118 = FACE_OUTER_BOUND ( 'NONE', #4122, .T. ) ;
#4119 = CARTESIAN_POINT ( 'NONE',  ( -17.82013048376738951, 0.7500000000000006661, -9.079809994790915439 ) ) ;
#4120 = ORIENTED_EDGE ( 'NONE', *, *, #319, .T. ) ;
#4121 = AXIS2_PLACEMENT_3D ( 'NONE', #138, #1806, #3460 ) ;
#4122 = EDGE_LOOP ( 'NONE', ( #1570, #4315, #1676, #480 ) ) ;
#4123 = ADVANCED_FACE ( 'NONE', ( #1794 ), #1035, .T. ) ;
#4124 = EDGE_CURVE ( 'NONE', #5338, #4018, #3062, .T. ) ;
#4125 = EDGE_CURVE ( 'NONE', #4701, #2683, #3476, .T. ) ;
#4126 = CARTESIAN_POINT ( 'NONE',  ( -19.75376681190278916, 0.7500000000000006661, -3.128689300804586626 ) ) ;
#4127 = AXIS2_PLACEMENT_3D ( 'NONE', #4764, #1037, #4357 ) ;
#4128 = EDGE_LOOP ( 'NONE', ( #156, #3917, #4304, #3420 ) ) ;
#4129 = CARTESIAN_POINT ( 'NONE',  ( 9.927472729603042723, 17.50000000000000000, 16.20016312272780468 ) ) ;
#4130 = LINE ( 'NONE', #3221, #1118 ) ;
#4131 = FACE_OUTER_BOUND ( 'NONE', #3341, .T. ) ;
#4132 = VERTEX_POINT ( 'NONE', #3971 ) ;
#4133 = CONICAL_SURFACE ( 'NONE', #556, 15.49999999999998579, 0.7853981633974543852 ) ;
#4134 = CLOSED_SHELL ( 'NONE', ( #4507, #2296, #519, #1007, #843, #1363, #1394, #188, #489, #1190, #3261, #2253, #3190, #1222, #3346, #1787, #934, #2564, #347, #1883, #3911, #408, #230, #3927, #4799, #3453, #4006, #1159, #176, #3480, #2275, #4526, #3554, #1062, #5174, #1596, #2964, #173, #1259, #539, #4657, #3000, #3049, #5245, #5307, #1643, #290, #1045, #3266, #4686, #3952, #1704, #3326, #1285, #829, #2854, #1241, #2575, #4782, #126, #577, #4283, #2620, #1430, #891, #364, #529, #2950, #5362, #1004, #4284, #3391, #2801, #1063, #1166, #178, #5125, #1909, #90, #4071, #828, #2072, #2648, #4380, #1975, #759, #766, #1786, #2301, #2538, #3673, #3437, #4324, #3656, #3306, #245, #3054, #4023, #1653, #2319, #773, #4392, #1758, #946, #5107, #2206, #3047, #250, #3749, #3431, #2448, #4683, #5059, #1326, #2675, #587, #977, #3822, #1665, #4109, #318, #460, #1784, #3840, #1458, #691, #1110, #5008, #1893, #2797, #1405, #5268, #1348, #919, #109, #4123, #4351, #4971, #1456, #1265, #3767, #3729, #1943, #1623, #195, #2579, #4070, #4481, #4166, #1719, #1088, #3774, #1542, #4610, #2091, #966, #477, #2701, #2139, #3180, #940, #2750, #5252, #438, #1184, #2487, #2112, #63, #26, #417, #4753, #2792, #3097, #4150, #2462, #1959, #1172, #1186, #1727, #2198, #1788, #2424, #3342, #3532, #4840, #4852, #3252 ) ) ;
#4135 = VERTEX_POINT ( 'NONE', #2628 ) ;
#4136 = VERTEX_POINT ( 'NONE', #2685 ) ;
#4137 = DIRECTION ( 'NONE',  ( 0.000000000000000000, 0.000000000000000000, -1.000000000000000000 ) ) ;
#4138 = DIRECTION ( 'NONE',  ( -0.000000000000000000, 1.000000000000000000, -0.000000000000000000 ) ) ;
#4139 = AXIS2_PLACEMENT_3D ( 'NONE', #2637, #2237, #4931 ) ;
#4140 = EDGE_LOOP ( 'NONE', ( #2401, #4777, #4401, #3820 ) ) ;
#4141 = VECTOR ( 'NONE', #2259, 1000.000000000000227 ) ;
#4142 = EDGE_CURVE ( 'NONE', #5217, #3138, #3176, .T. ) ;
#4143 = FACE_OUTER_BOUND ( 'NONE', #4435, .T. ) ;
#4144 = EDGE_LOOP ( 'NONE', ( #2544, #5130, #33, #3304 ) ) ;
#4145 = DIRECTION ( 'NONE',  ( -0.000000000000000000, -1.000000000000000000, -0.000000000000000000 ) ) ;
#4146 = VECTOR ( 'NONE', #189, 1000.000000000000227 ) ;
#4147 = CARTESIAN_POINT ( 'NONE',  ( 9.079809994790950967, 17.50000000000000000, -17.82013048376735753 ) ) ;
#4148 = DIRECTION ( 'NONE',  ( 0.4443033392582304009, 0.000000000000000000, -0.8958764104071419432 ) ) ;
#4149 = FACE_OUTER_BOUND ( 'NONE', #695, .T. ) ;
#4150 = ADVANCED_FACE ( 'NONE', ( #129, #1871 ), #1416, .T. ) ;
#4151 = CARTESIAN_POINT ( 'NONE',  ( -17.55371111771447801, 0.3106601717798219142, -7.270985214936684038 ) ) ;
#4152 = CARTESIAN_POINT ( 'NONE',  ( 6.936571146717650294, 0.000000000000000000, -16.74636413877161445 ) ) ;
#4153 = LINE ( 'NONE', #3632, #458 ) ;
#4154 = ORIENTED_EDGE ( 'NONE', *, *, #2691, .F. ) ;
#4155 = ORIENTED_EDGE ( 'NONE', *, *, #1061, .F. ) ;
#4156 =( BOUNDED_CURVE ( )  B_SPLINE_CURVE ( 3, ( #1837, #1816, #3495, #198 ),
 .UNSPECIFIED., .F., .T. ) 
 B_SPLINE_CURVE_WITH_KNOTS ( ( 4, 4 ),
 ( 4.712388980384689674, 6.283185307179586232 ),
 .UNSPECIFIED. ) 
 CURVE ( )  GEOMETRIC_REPRESENTATION_ITEM ( )  RATIONAL_B_SPLINE_CURVE ( ( 1.000000000000000000, 0.8047378541243649375, 0.8047378541243649375, 1.000000000000000000 ) ) 
 REPRESENTATION_ITEM ( '' )  );
#4157 = AXIS2_PLACEMENT_3D ( 'NONE', #4467, #735, #3592 ) ;
#4158 = CARTESIAN_POINT ( 'NONE',  ( -15.45506981067501329, 0.000000000000000000, 9.470878960739346653 ) ) ;
#4159 = CARTESIAN_POINT ( 'NONE',  ( -19.21771795033442132, 0.000000000000000000, 2.604140334538155965 ) ) ;
#4160 = DIRECTION ( 'NONE',  ( -0.8153423299809062774, 0.000000000000000000, 0.5789791748770475310 ) ) ;
#4161 = LINE ( 'NONE', #834, #931 ) ;
#4162 = EDGE_CURVE ( 'NONE', #145, #1777, #651, .T. ) ;
#4163 = ORIENTED_EDGE ( 'NONE', *, *, #4712, .T. ) ;
#4164 = ORIENTED_EDGE ( 'NONE', *, *, #4729, .F. ) ;
#4165 = ORIENTED_EDGE ( 'NONE', *, *, #5085, .F. ) ;
#4166 = ADVANCED_FACE ( 'NONE', ( #2305 ), #208, .T. ) ;
#4167 = AXIS2_PLACEMENT_3D ( 'NONE', #4491, #4517, #4137 ) ;
#4168 = CARTESIAN_POINT ( 'NONE',  ( 7.270985214936714236, 17.50000000000000000, 17.55371111771449932 ) ) ;
#4169 = ORIENTED_EDGE ( 'NONE', *, *, #707, .T. ) ;
#4170 = CARTESIAN_POINT ( 'NONE',  ( -11.75570504584948672, 0.3106601717798218032, 16.18033988749900942 ) ) ;
#4171 = LINE ( 'NONE', #73, #2937 ) ;
#4172 = DIRECTION ( 'NONE',  ( -0.4443033392582322327, 0.000000000000000000, -0.8958764104071409440 ) ) ;
#4173 = VECTOR ( 'NONE', #3826, 1000.000000000000114 ) ;
#4174 = EDGE_CURVE ( 'NONE', #2870, #3832, #4762, .T. ) ;
#4175 = AXIS2_PLACEMENT_3D ( 'NONE', #2499, #1639, #2102 ) ;
#4176 = CARTESIAN_POINT ( 'NONE',  ( 7.270985214936714236, 0.7500000000000006661, 17.55371111771449932 ) ) ;
#4177 = CARTESIAN_POINT ( 'NONE',  ( -16.18033988749897745, 17.50000000000000000, 11.75570504584951692 ) ) ;
#4178 = ORIENTED_EDGE ( 'NONE', *, *, #4219, .F. ) ;
#4179 = EDGE_CURVE ( 'NONE', #4449, #3700, #4312, .T. ) ;
#4180 = ORIENTED_EDGE ( 'NONE', *, *, #1491, .F. ) ;
#4181 = CARTESIAN_POINT ( 'NONE',  ( 14.14213562373097410, 17.50000000000000000, 14.14213562373100785 ) ) ;
#4182 = ORIENTED_EDGE ( 'NONE', *, *, #760, .T. ) ;
#4183 = EDGE_LOOP ( 'NONE', ( #5350, #3096, #733, #424 ) ) ;
#4184 = DIRECTION ( 'NONE',  ( 0.000000000000000000, 0.000000000000000000, 1.000000000000000000 ) ) ;
#4185 = CARTESIAN_POINT ( 'NONE',  ( -20.00000000000003553, 17.50000000000000000, 3.589030062008058859E-14 ) ) ;
#4186 = EDGE_LOOP ( 'NONE', ( #1023, #4752, #1121, #2670 ) ) ;
#4187 = VECTOR ( 'NONE', #3350, 1000.000000000000114 ) ;
#4188 = ORIENTED_EDGE ( 'NONE', *, *, #1078, .T. ) ;
#4189 = ORIENTED_EDGE ( 'NONE', *, *, #4257, .F. ) ;
#4190 = DIRECTION ( 'NONE',  ( 0.000000000000000000, 0.000000000000000000, -1.000000000000000000 ) ) ;
#4191 = CIRCLE ( 'NONE', #622, 0.5000000000000004441 ) ;
#4192 = EDGE_CURVE ( 'NONE', #3691, #1306, #1468, .T. ) ;
#4193 = FACE_OUTER_BOUND ( 'NONE', #1707, .T. ) ;
#4194 = CARTESIAN_POINT ( 'NONE',  ( 11.75570504584948139, 17.50000000000000000, -16.18033988749894192 ) ) ;
#4195 = LINE ( 'NONE', #2148, #1217 ) ;
#4196 = DIRECTION ( 'NONE',  ( -0.000000000000000000, -1.000000000000000000, -0.000000000000000000 ) ) ;
#4197 = EDGE_CURVE ( 'NONE', #3279, #4670, #1505, .T. ) ;
#4198 = DIRECTION ( 'NONE',  ( -0.000000000000000000, -1.000000000000000000, -0.000000000000000000 ) ) ;
#4199 = DIRECTION ( 'NONE',  ( 0.9999412215650126390, 0.000000000000000000, -0.01084220526785186975 ) ) ;
#4200 = DIRECTION ( 'NONE',  ( -0.01084220526785296262, 0.000000000000000000, -0.9999412215650126390 ) ) ;
#4201 = CARTESIAN_POINT ( 'NONE',  ( -6.180339887498959683, 17.50000000000000000, 19.02113032590313679 ) ) ;
#4202 = VERTEX_POINT ( 'NONE', #541 ) ;
#4203 = CARTESIAN_POINT ( 'NONE',  ( -1.399002207840399053E-15, 17.50000000000000000, 20.00000000000007105 ) ) ;
#4204 = EDGE_LOOP ( 'NONE', ( #1942, #3855, #3288, #2263 ) ) ;
#4205 = ORIENTED_EDGE ( 'NONE', *, *, #2059, .F. ) ;
#4206 = DIRECTION ( 'NONE',  ( 0.5965222315134229847, 0.000000000000000000, -0.8025965532633728694 ) ) ;
#4207 = LINE ( 'NONE', #5027, #4027 ) ;
#4208 = AXIS2_PLACEMENT_3D ( 'NONE', #473, #1751, #5051 ) ;
#4209 = ORIENTED_EDGE ( 'NONE', *, *, #3070, .T. ) ;
#4210 = ORIENTED_EDGE ( 'NONE', *, *, #3162, .T. ) ;
#4211 = ORIENTED_EDGE ( 'NONE', *, *, #2514, .T. ) ;
#4212 = CARTESIAN_POINT ( 'NONE',  ( 12.33951291827350616, 17.50000000000000000, 14.44771334640063465 ) ) ;
#4213 = AXIS2_PLACEMENT_3D ( 'NONE', #5065, #1362, #4658 ) ;
#4214 = EDGE_CURVE ( 'NONE', #3284, #361, #150, .T. ) ;
#4215 = CARTESIAN_POINT ( 'NONE',  ( -1.823950323272791829, 0.000000000000000000, -18.26952203312410461 ) ) ;
#4216 = DIRECTION ( 'NONE',  ( 0.9893263804011538376, -0.000000000000000000, 0.1457165503378092530 ) ) ;
#4217 = CARTESIAN_POINT ( 'NONE',  ( -14.14213562373097588, 17.50000000000000000, 14.14213562373101141 ) ) ;
#4218 = DIRECTION ( 'NONE',  ( -0.4443033392582366181, 0.000000000000000000, 0.8958764104071388346 ) ) ;
#4219 = EDGE_CURVE ( 'NONE', #810, #2031, #2252, .T. ) ;
#4220 = CONICAL_SURFACE ( 'NONE', #1865, 5.500000000000000000, 0.7853981633974437271 ) ;
#4221 = CARTESIAN_POINT ( 'NONE',  ( -18.47502848755588545, 17.50000000000000000, 4.435461913262241040 ) ) ;
#4222 = CARTESIAN_POINT ( 'NONE',  ( -1.986310913237223214E-15, 5.698158863361341534E-16, 19.61898191672810654 ) ) ;
#4223 = DIRECTION ( 'NONE',  ( -0.7147318154244899358, -0.000000000000000000, 0.6993986216886711738 ) ) ;
#4224 = LINE ( 'NONE', #3182, #4976 ) ;
#4225 = ORIENTED_EDGE ( 'NONE', *, *, #3702, .F. ) ;
#4226 = VERTEX_POINT ( 'NONE', #175 ) ;
#4227 = EDGE_CURVE ( 'NONE', #3806, #299, #172, .T. ) ;
#4228 = DIRECTION ( 'NONE',  ( 0.7147318154244886035, 0.000000000000000000, 0.6993986216886723950 ) ) ;
#4229 = ORIENTED_EDGE ( 'NONE', *, *, #4869, .F. ) ;
#4230 = VERTEX_POINT ( 'NONE', #625 ) ;
#4231 = LINE ( 'NONE', #2636, #2081 ) ;
#4232 = CARTESIAN_POINT ( 'NONE',  ( -11.21502547726916355, 0.000000000000000000, -15.43615830453682847 ) ) ;
#4233 = ORIENTED_EDGE ( 'NONE', *, *, #630, .T. ) ;
#4234 = VECTOR ( 'NONE', #3373, 1000.000000000000000 ) ;
#4235 = EDGE_CURVE ( 'NONE', #5328, #3192, #5311, .T. ) ;
#4236 = VERTEX_POINT ( 'NONE', #3233 ) ;
#4237 = ORIENTED_EDGE ( 'NONE', *, *, #2515, .T. ) ;
#4238 = DIRECTION ( 'NONE',  ( -0.000000000000000000, -1.000000000000000000, -0.000000000000000000 ) ) ;
#4239 = EDGE_CURVE ( 'NONE', #4018, #43, #2392, .T. ) ;
#4240 = DIRECTION ( 'NONE',  ( 0.8025965532633737576, -0.000000000000000000, -0.5965222315134218745 ) ) ;
#4241 = CARTESIAN_POINT ( 'NONE',  ( 9.189097407544306151, 0.7500000000000006661, 17.07813569846655710 ) ) ;
#4242 = ORIENTED_EDGE ( 'NONE', *, *, #70, .F. ) ;
#4243 = CARTESIAN_POINT ( 'NONE',  ( 14.14213562373097410, 17.50000000000000000, 14.14213562373100785 ) ) ;
#4244 = DIRECTION ( 'NONE',  ( 0.000000000000000000, -0.000000000000000000, -1.000000000000000000 ) ) ;
#4245 = DIRECTION ( 'NONE',  ( -0.7147318154244941546, 0.000000000000000000, 0.6993986216886668439 ) ) ;
#4246 = DIRECTION ( 'NONE',  ( 0.8153423299809100522, 0.000000000000000000, -0.5789791748770424240 ) ) ;
#4247 = VECTOR ( 'NONE', #2242, 999.9999999999998863 ) ;
#4248 = LINE ( 'NONE', #516, #1080 ) ;
#4249 = CARTESIAN_POINT ( 'NONE',  ( 17.55371111771447090, 0.7500000000000006661, 7.270985214936744434 ) ) ;
#4250 = EDGE_LOOP ( 'NONE', ( #3748, #1486, #4205, #2560 ) ) ;
#4251 = VECTOR ( 'NONE', #2882, 1000.000000000000227 ) ;
#4252 = LINE ( 'NONE', #2207, #2643 ) ;
#4253 = CARTESIAN_POINT ( 'NONE',  ( 14.14213562373097410, 0.7500000000000006661, 14.14213562373100785 ) ) ;
#4254 = DIRECTION ( 'NONE',  ( -0.9893263804011543927, 0.000000000000000000, -0.1457165503378049787 ) ) ;
#4255 = CARTESIAN_POINT ( 'NONE',  ( -6.180339887498861984, 0.7500000000000006661, -19.02113032590267494 ) ) ;
#4256 = EDGE_LOOP ( 'NONE', ( #2710, #4997, #4726, #1724 ) ) ;
#4257 = EDGE_CURVE ( 'NONE', #4097, #108, #344, .T. ) ;
#4258 = ORIENTED_EDGE ( 'NONE', *, *, #419, .F. ) ;
#4259 = ORIENTED_EDGE ( 'NONE', *, *, #5188, .F. ) ;
#4260 = DIRECTION ( 'NONE',  ( 0.000000000000000000, 1.000000000000000000, 0.000000000000000000 ) ) ;
#4261 = VECTOR ( 'NONE', #4110, 1000.000000000000000 ) ;
#4262 = EDGE_CURVE ( 'NONE', #498, #1560, #140, .T. ) ;
#4263 = CARTESIAN_POINT ( 'NONE',  ( -17.75926520728152980, 0.000000000000000000, 4.659477373913718523 ) ) ;
#4264 = LINE ( 'NONE', #1760, #1629 ) ;
#4265 = VERTEX_POINT ( 'NONE', #1990 ) ;
#4266 = CARTESIAN_POINT ( 'NONE',  ( -6.180339887498861984, 17.50000000000000000, -19.02113032590267494 ) ) ;
#4267 = DIRECTION ( 'NONE',  ( -0.3193103808106292352, 0.000000000000000000, 0.9476501889972749337 ) ) ;
#4268 = AXIS2_PLACEMENT_3D ( 'NONE', #4988, #1212, #2903 ) ;
#4269 = DIRECTION ( 'NONE',  ( 0.6993986216886668439, 0.000000000000000000, 0.7147318154244941546 ) ) ;
#4270 = DIRECTION ( 'NONE',  ( 0.7147318154244933774, 0.000000000000000000, -0.6993986216886675100 ) ) ;
#4271 = CARTESIAN_POINT ( 'NONE',  ( 0.000000000000000000, 0.7500000000000006661, -20.00000000000000000 ) ) ;
#4272 = CARTESIAN_POINT ( 'NONE',  ( -16.20016312272777981, 0.7500000000000006661, -9.927472729603010748 ) ) ;
#4273 = FACE_OUTER_BOUND ( 'NONE', #1790, .T. ) ;
#4274 = EDGE_LOOP ( 'NONE', ( #1832, #4087, #297, #1836 ) ) ;
#4275 = LINE ( 'NONE', #4203, #298 ) ;
#4276 = EDGE_CURVE ( 'NONE', #2806, #2172, #4060, .T. ) ;
#4277 = CARTESIAN_POINT ( 'NONE',  ( 12.10443404024199410, 7.858433264582426719E-16, -14.17247134405516462 ) ) ;
#4278 = PLANE ( 'NONE',  #3462 ) ;
#4279 = LINE ( 'NONE', #550, #4395 ) ;
#4280 = FACE_OUTER_BOUND ( 'NONE', #2317, .T. ) ;
#4281 = ORIENTED_EDGE ( 'NONE', *, *, #1770, .T. ) ;
#4282 = EDGE_CURVE ( 'NONE', #4391, #1489, #2066, .T. ) ;
#4283 = ADVANCED_FACE ( 'NONE', ( #4905 ), #2743, .F. ) ;
#4284 = ADVANCED_FACE ( 'NONE', ( #1185 ), #4000, .F. ) ;
#4285 = CYLINDRICAL_SURFACE ( 'NONE', #4489, 0.7500000000000001110 ) ;
#4286 = VECTOR ( 'NONE', #161, 1000.000000000000000 ) ;
#4287 = ORIENTED_EDGE ( 'NONE', *, *, #403, .F. ) ;
#4288 =( BOUNDED_CURVE ( )  B_SPLINE_CURVE ( 3, ( #210, #981, #1470, #234 ),
 .UNSPECIFIED., .F., .T. ) 
 B_SPLINE_CURVE_WITH_KNOTS ( ( 4, 4 ),
 ( 4.712388980384689674, 6.283185307179586232 ),
 .UNSPECIFIED. ) 
 CURVE ( )  GEOMETRIC_REPRESENTATION_ITEM ( )  RATIONAL_B_SPLINE_CURVE ( ( 1.000000000000000000, 0.8047378541243649375, 0.8047378541243649375, 1.000000000000000000 ) ) 
 REPRESENTATION_ITEM ( '' )  );
#4289 = EDGE_LOOP ( 'NONE', ( #1945, #1858, #2456, #2092 ) ) ;
#4290 = CARTESIAN_POINT ( 'NONE',  ( 17.82013048376738595, 17.50000000000000000, -9.079809994790915439 ) ) ;
#4291 = CARTESIAN_POINT ( 'NONE',  ( 16.18033988749897389, 0.3106601717798219142, -11.75570504584944587 ) ) ;
#4292 = EDGE_LOOP ( 'NONE', ( #2240, #2034, #2763, #4859 ) ) ;
#4293 = CARTESIAN_POINT ( 'NONE',  ( 1.422160076959149588, 0.000000000000000000, 18.07025710545694963 ) ) ;
#4294 = EDGE_CURVE ( 'NONE', #1889, #2172, #3622, .T. ) ;
#4295 = FACE_OUTER_BOUND ( 'NONE', #3215, .T. ) ;
#4296 = AXIS2_PLACEMENT_3D ( 'NONE', #4761, #3475, #678 ) ;
#4297 = EDGE_CURVE ( 'NONE', #1253, #5138, #5286, .T. ) ;
#4298 = VECTOR ( 'NONE', #1852, 1000.000000000000000 ) ;
#4299 = CARTESIAN_POINT ( 'NONE',  ( -9.927472729603048052, 0.7500000000000006661, -16.20016312272774783 ) ) ;
#4300 = CARTESIAN_POINT ( 'NONE',  ( 0.000000000000000000, -1.000000000000000000, 0.000000000000000000 ) ) ;
#4301 = LINE ( 'NONE', #1713, #2682 ) ;
#4302 = CARTESIAN_POINT ( 'NONE',  ( -19.75376681190278916, 0.7500000000000006661, 3.128689300804659013 ) ) ;
#4303 = PLANE ( 'NONE',  #1406 ) ;
#4304 = ORIENTED_EDGE ( 'NONE', *, *, #659, .F. ) ;
#4305 = CYLINDRICAL_SURFACE ( 'NONE', #2136, 18.00000000000000000 ) ;
#4306 = EDGE_CURVE ( 'NONE', #4622, #3897, #5194, .T. ) ;
#4307 = CARTESIAN_POINT ( 'NONE',  ( 16.74636413877164287, 0.000000000000000000, 6.936571146717677827 ) ) ;
#4308 = DIRECTION ( 'NONE',  ( 0.8958764104071417211, 0.000000000000000000, -0.4443033392582310670 ) ) ;
#4309 = CARTESIAN_POINT ( 'NONE',  ( -17.62530740377556882, 0.000000000000000000, 4.231461929904050123 ) ) ;
#4310 = DIRECTION ( 'NONE',  ( -0.5965222315134218745, 0.000000000000000000, -0.8025965532633737576 ) ) ;
#4311 = CARTESIAN_POINT ( 'NONE',  ( 9.927472729603046275, 0.3106601717798219142, 16.20016312272780468 ) ) ;
#4312 = CIRCLE ( 'NONE', #4747, 5.435754250594693637 ) ;
#4313 = ORIENTED_EDGE ( 'NONE', *, *, #3681, .T. ) ;
#4314 = ORIENTED_EDGE ( 'NONE', *, *, #3202, .T. ) ;
#4315 = ORIENTED_EDGE ( 'NONE', *, *, #3489, .F. ) ;
#4316 = ORIENTED_EDGE ( 'NONE', *, *, #4803, .F. ) ;
#4317 = DIRECTION ( 'NONE',  ( -0.9859341912392908247, 0.000000000000000000, -0.1671339897965860022 ) ) ;
#4318 = VECTOR ( 'NONE', #1155, 1000.000000000000114 ) ;
#4319 =( BOUNDED_CURVE ( )  B_SPLINE_CURVE ( 3, ( #2196, #3863, #1792, #3450 ),
 .UNSPECIFIED., .F., .T. ) 
 B_SPLINE_CURVE_WITH_KNOTS ( ( 4, 4 ),
 ( 0.000000000000000000, 1.570796326794896558 ),
 .UNSPECIFIED. ) 
 CURVE ( )  GEOMETRIC_REPRESENTATION_ITEM ( )  RATIONAL_B_SPLINE_CURVE ( ( 1.000000000000000000, 0.8047378541243649375, 0.8047378541243649375, 1.000000000000000000 ) ) 
 REPRESENTATION_ITEM ( '' )  );
#4320 = ORIENTED_EDGE ( 'NONE', *, *, #1982, .F. ) ;
#4321 = PLANE ( 'NONE',  #1894 ) ;
#4322 = CYLINDRICAL_SURFACE ( 'NONE', #4540, 0.7499999999999994449 ) ;
#4323 = ORIENTED_EDGE ( 'NONE', *, *, #1097, .F. ) ;
#4324 = ADVANCED_FACE ( 'NONE', ( #4026 ), #4935, .T. ) ;
#4325 = LINE ( 'NONE', #4817, #2384 ) ;
#4326 = CARTESIAN_POINT ( 'NONE',  ( 19.02113032590310482, 0.7500000000000006661, 6.180339887498993434 ) ) ;
#4327 = FACE_OUTER_BOUND ( 'NONE', #2191, .T. ) ;
#4328 = FACE_OUTER_BOUND ( 'NONE', #353, .T. ) ;
#4329 = CARTESIAN_POINT ( 'NONE',  ( 19.75376681190278205, 0.3106601717798220808, -3.128689300804589735 ) ) ;
#4330 = EDGE_CURVE ( 'NONE', #5212, #4097, #4523, .T. ) ;
#4331 = VECTOR ( 'NONE', #2306, 1000.000000000000114 ) ;
#4332 = ORIENTED_EDGE ( 'NONE', *, *, #3197, .T. ) ;
#4333 = CARTESIAN_POINT ( 'NONE',  ( 0.000000000000000000, -1.000000000000000000, 0.000000000000000000 ) ) ;
#4334 = VECTOR ( 'NONE', #4260, 1000.000000000000000 ) ;
#4335 = DIRECTION ( 'NONE',  ( -0.4636242905187143437, -0.000000000000000000, 0.8860318940314838576 ) ) ;
#4336 = DIRECTION ( 'NONE',  ( 0.01084220526784623016, 0.000000000000000000, 0.9999412215650128610 ) ) ;
#4337 = DIRECTION ( 'NONE',  ( 0.3193103808106293462, 0.000000000000000000, -0.9476501889972749337 ) ) ;
#4338 = EDGE_CURVE ( 'NONE', #752, #1489, #2042, .T. ) ;
#4339 = CARTESIAN_POINT ( 'NONE',  ( 19.02113032590310482, 17.50000000000000000, 6.180339887498993434 ) ) ;
#4340 = CARTESIAN_POINT ( 'NONE',  ( 12.21416242592606594, 0.000000000000000000, 13.70826270297116700 ) ) ;
#4341 = VERTEX_POINT ( 'NONE', #1522 ) ;
#4342 = CIRCLE ( 'NONE', #1813, 3.049999999999999822 ) ;
#4343 = CARTESIAN_POINT ( 'NONE',  ( -18.14629240691751022, 0.000000000000000000, 5.896087816609165699 ) ) ;
#4344 = VERTEX_POINT ( 'NONE', #3179 ) ;
#4345 = DIRECTION ( 'NONE',  ( 0.000000000000000000, 0.000000000000000000, 1.000000000000000000 ) ) ;
#4346 = EDGE_LOOP ( 'NONE', ( #1979, #1411, #3461, #649 ) ) ;
#4347 = CARTESIAN_POINT ( 'NONE',  ( 9.262948809079428969, 0.000000000000000000, -15.85244490483871083 ) ) ;
#4348 = CARTESIAN_POINT ( 'NONE',  ( -3.124046291664141698E-17, 0.000000000000000000, -19.08014097585542856 ) ) ;
#4349 = ORIENTED_EDGE ( 'NONE', *, *, #432, .F. ) ;
#4350 = ORIENTED_EDGE ( 'NONE', *, *, #603, .T. ) ;
#4351 = ADVANCED_FACE ( 'NONE', ( #1127 ), #2773, .T. ) ;
#4352 = EDGE_CURVE ( 'NONE', #943, #1863, #1964, .T. ) ;
#4353 = FACE_OUTER_BOUND ( 'NONE', #5258, .T. ) ;
#4354 = DIRECTION ( 'NONE',  ( 0.5965222315135666475, -0.000000000000000000, -0.8025965532632660659 ) ) ;
#4355 = VECTOR ( 'NONE', #3086, 1000.000000000000000 ) ;
#4356 = FACE_OUTER_BOUND ( 'NONE', #4816, .T. ) ;
#4357 = DIRECTION ( 'NONE',  ( -0.6993986216886716178, 0.000000000000000000, 0.7147318154244893806 ) ) ;
#4358 = PLANE ( 'NONE',  #262 ) ;
#4359 = EDGE_LOOP ( 'NONE', ( #761, #142, #336, #1183 ) ) ;
#4360 = PLANE ( 'NONE',  #4742 ) ;
#4361 = CARTESIAN_POINT ( 'NONE',  ( 11.75570504584948139, 0.7500000000000006661, -16.18033988749894192 ) ) ;
#4362 = FACE_OUTER_BOUND ( 'NONE', #5329, .T. ) ;
#4363 = CARTESIAN_POINT ( 'NONE',  ( 16.20016312272777270, 17.50000000000000000, -9.927472729603014301 ) ) ;
#4364 = ORIENTED_EDGE ( 'NONE', *, *, #4098, .T. ) ;
#4365 = ORIENTED_EDGE ( 'NONE', *, *, #4051, .F. ) ;
#4366 = FACE_OUTER_BOUND ( 'NONE', #3172, .T. ) ;
#4367 = VERTEX_POINT ( 'NONE', #4580 ) ;
#4368 = CARTESIAN_POINT ( 'NONE',  ( -7.270985214936714236, 0.7500000000000006661, 17.55371111771449577 ) ) ;
#4369 = LINE ( 'NONE', #3445, #4081 ) ;
#4370 = ORIENTED_EDGE ( 'NONE', *, *, #2626, .T. ) ;
#4371 = ORIENTED_EDGE ( 'NONE', *, *, #1544, .F. ) ;
#4372 = CARTESIAN_POINT ( 'NONE',  ( 14.44771334640060623, 17.50000000000000000, 12.33951291827353458 ) ) ;
#4373 = DIRECTION ( 'NONE',  ( -0.2986872808686397707, 0.000000000000000000, -0.9543510403658072017 ) ) ;
#4374 = AXIS2_PLACEMENT_3D ( 'NONE', #2478, #4532, #2452 ) ;
#4375 = ORIENTED_EDGE ( 'NONE', *, *, #2346, .F. ) ;
#4376 = VERTEX_POINT ( 'NONE', #1289 ) ;
#4377 = VECTOR ( 'NONE', #2745, 1000.000000000000000 ) ;
#4378 = DIRECTION ( 'NONE',  ( -0.8025965532633737576, -0.000000000000000000, 0.5965222315134218745 ) ) ;
#4379 = CARTESIAN_POINT ( 'NONE',  ( 0.000000000000000000, -1.000000000000000000, 10.50000000000000000 ) ) ;
#4380 = ADVANCED_FACE ( 'NONE', ( #2069 ), #4986, .F. ) ;
#4381 = DIRECTION ( 'NONE',  ( 0.8025965532633735355, 0.000000000000000000, 0.5965222315134220965 ) ) ;
#4382 = DIRECTION ( 'NONE',  ( 0.1457165503378027305, 0.000000000000000000, -0.9893263804011548368 ) ) ;
#4383 = CARTESIAN_POINT ( 'NONE',  ( 0.000000000000000000, 0.000000000000000000, 0.000000000000000000 ) ) ;
#4384 = EDGE_LOOP ( 'NONE', ( #2110, #4313, #3735, #5237 ) ) ;
#4385 = CARTESIAN_POINT ( 'NONE',  ( 0.000000000000000000, 3.500000000000020428, -5.500000000000000000 ) ) ;
#4386 = AXIS2_PLACEMENT_3D ( 'NONE', #207, #1441, #2627 ) ;
#4387 = LINE ( 'NONE', #2341, #3263 ) ;
#4388 = LINE ( 'NONE', #1969, #42 ) ;
#4389 = DIRECTION ( 'NONE',  ( -0.8860318940314835245, 0.000000000000000000, 0.4636242905187152319 ) ) ;
#4390 = LINE ( 'NONE', #4363, #190 ) ;
#4391 = VERTEX_POINT ( 'NONE', #4601 ) ;
#4392 = ADVANCED_FACE ( 'NONE', ( #1660 ), #1262, .T. ) ;
#4393 = EDGE_LOOP ( 'NONE', ( #5046, #4178, #1654, #4653 ) ) ;
#4394 = EDGE_CURVE ( 'NONE', #684, #81, #48, .T. ) ;
#4395 = VECTOR ( 'NONE', #2210, 1000.000000000000000 ) ;
#4396 = CARTESIAN_POINT ( 'NONE',  ( -19.02113032590310837, 17.50000000000000000, -6.180339887498923268 ) ) ;
#4397 = ORIENTED_EDGE ( 'NONE', *, *, #348, .F. ) ;
#4398 = CARTESIAN_POINT ( 'NONE',  ( 15.43615830453686044, 0.000000000000000000, -11.21502547726912269 ) ) ;
#4399 = CARTESIAN_POINT ( 'NONE',  ( -7.132466372432016755, 5.698158863361341534E-16, 17.21929704949543094 ) ) ;
#4400 = DIRECTION ( 'NONE',  ( 0.1671339897965903598, -0.000000000000000000, -0.9859341912392901586 ) ) ;
#4401 = ORIENTED_EDGE ( 'NONE', *, *, #4282, .F. ) ;
#4402 = EDGE_CURVE ( 'NONE', #212, #4230, #2609, .T. ) ;
#4403 = ORIENTED_EDGE ( 'NONE', *, *, #3369, .T. ) ;
#4404 = DIRECTION ( 'NONE',  ( 0.1457165503378057558, 0.000000000000000000, 0.9893263804011543927 ) ) ;
#4405 = EDGE_CURVE ( 'NONE', #1320, #5274, #2901, .T. ) ;
#4406 = CARTESIAN_POINT ( 'NONE',  ( 11.53174823564547502, 8.942635437067931153E-16, -15.87208978296775541 ) ) ;
#4407 = ORIENTED_EDGE ( 'NONE', *, *, #1656, .T. ) ;
#4408 = VECTOR ( 'NONE', #5088, 1000.000000000000000 ) ;
#4409 = PLANE ( 'NONE',  #4296 ) ;
#4410 = CARTESIAN_POINT ( 'NONE',  ( 17.55371111771447445, 0.7500000000000006661, -7.270985214936688479 ) ) ;
#4411 = CARTESIAN_POINT ( 'NONE',  ( -18.84523277876397174, 0.000000000000000000, -2.984791646450103197 ) ) ;
#4412 = LINE ( 'NONE', #2280, #552 ) ;
#4413 = DIRECTION ( 'NONE',  ( -0.9999412215650126390, 0.000000000000000000, -0.01084220526785186975 ) ) ;
#4414 = ORIENTED_EDGE ( 'NONE', *, *, #137, .T. ) ;
#4415 = CARTESIAN_POINT ( 'NONE',  ( 17.21929704949540962, 7.858433264582426719E-16, -7.132466372431991886 ) ) ;
#4416 = DIRECTION ( 'NONE',  ( -0.000000000000000000, 1.000000000000000000, -0.000000000000000000 ) ) ;
#4417 = FACE_OUTER_BOUND ( 'NONE', #2784, .T. ) ;
#4418 = CARTESIAN_POINT ( 'NONE',  ( 6.180339887498956131, 0.3106601717798219142, 19.02113032590314035 ) ) ;
#4419 = ORIENTED_EDGE ( 'NONE', *, *, #2514, .F. ) ;
#4420 = ORIENTED_EDGE ( 'NONE', *, *, #1831, .F. ) ;
#4421 = VECTOR ( 'NONE', #4654, 1000.000000000000000 ) ;
#4422 = DIRECTION ( 'NONE',  ( 8.659560562354985860E-17, 0.7071067811865432429, -0.7071067811865517916 ) ) ;
#4423 = ORIENTED_EDGE ( 'NONE', *, *, #3994, .F. ) ;
#4424 = DIRECTION ( 'NONE',  ( -0.4636242905187136221, -0.000000000000000000, -0.8860318940314843017 ) ) ;
#4425 = CARTESIAN_POINT ( 'NONE',  ( -19.02113032590310837, 0.7500000000000006661, -6.180339887498923268 ) ) ;
#4426 = EDGE_CURVE ( 'NONE', #200, #1679, #3739, .T. ) ;
#4427 = DIRECTION ( 'NONE',  ( -0.01084220526784811754, 0.000000000000000000, 0.9999412215650127500 ) ) ;
#4428 = ORIENTED_EDGE ( 'NONE', *, *, #2249, .F. ) ;
#4429 = AXIS2_PLACEMENT_3D ( 'NONE', #3487, #60, #908 ) ;
#4430 = AXIS2_PLACEMENT_3D ( 'NONE', #2578, #3428, #4246 ) ;
#4431 = ORIENTED_EDGE ( 'NONE', *, *, #403, .T. ) ;
#4432 = ORIENTED_EDGE ( 'NONE', *, *, #4548, .F. ) ;
#4433 = LINE ( 'NONE', #2490, #2076 ) ;
#4434 = DIRECTION ( 'NONE',  ( -0.1457165503378061722, 0.000000000000000000, 0.9893263804011545037 ) ) ;
#4435 = EDGE_LOOP ( 'NONE', ( #162, #4787, #139, #3292 ) ) ;
#4436 = ORIENTED_EDGE ( 'NONE', *, *, #1810, .F. ) ;
#4437 = EDGE_CURVE ( 'NONE', #3967, #2486, #429, .T. ) ;
#4438 = CARTESIAN_POINT ( 'NONE',  ( 2.984791646450138280, 0.000000000000000000, -18.84523277876394332 ) ) ;
#4439 = CARTESIAN_POINT ( 'NONE',  ( -19.08185950409743370, 0.7500000000000006661, -3.461916805248260509 ) ) ;
#4440 = CARTESIAN_POINT ( 'NONE',  ( 0.000000000000000000, -0.5000000000000011102, 10.50000000000000000 ) ) ;
#4441 = CARTESIAN_POINT ( 'NONE',  ( 16.20016312272776915, 0.3106601717798219142, 9.927472729603071144 ) ) ;
#4442 = EDGE_CURVE ( 'NONE', #4136, #1288, #2953, .T. ) ;
#4443 = EDGE_LOOP ( 'NONE', ( #2589, #2023, #2232, #3912 ) ) ;
#4444 = VECTOR ( 'NONE', #4655, 1000.000000000000114 ) ;
#4445 = CARTESIAN_POINT ( 'NONE',  ( -14.14213562373097766, 0.7500000000000006661, -14.14213562373093858 ) ) ;
#4446 = DIRECTION ( 'NONE',  ( 0.4443033392582338426, 0.000000000000000000, -0.8958764104071401668 ) ) ;
#4447 = DIRECTION ( 'NONE',  ( -0.000000000000000000, -1.000000000000000000, -0.000000000000000000 ) ) ;
#4448 = FACE_OUTER_BOUND ( 'NONE', #2516, .T. ) ;
#4449 = VERTEX_POINT ( 'NONE', #1708 ) ;
#4450 = AXIS2_PLACEMENT_3D ( 'NONE', #1966, #3624, #3504 ) ;
#4451 = ORIENTED_EDGE ( 'NONE', *, *, #266, .T. ) ;
#4452 = EDGE_CURVE ( 'NONE', #4012, #1318, #2522, .T. ) ;
#4453 = PLANE ( 'NONE',  #1967 ) ;
#4454 = ORIENTED_EDGE ( 'NONE', *, *, #1335, .T. ) ;
#4455 = CARTESIAN_POINT ( 'NONE',  ( -17.55371111771447801, 17.50000000000000000, -7.270985214936684038 ) ) ;
#4456 = CARTESIAN_POINT ( 'NONE',  ( -3.469446951953613794E-15, 0.9999999999999998890, 10.49999999999999822 ) ) ;
#4457 = CARTESIAN_POINT ( 'NONE',  ( 0.000000000000000000, -1.000000000000000444, 4.603923403089751787 ) ) ;
#4458 = EDGE_CURVE ( 'NONE', #4522, #1137, #3626, .T. ) ;
#4459 = EDGE_CURVE ( 'NONE', #1679, #3367, #1634, .T. ) ;
#4460 = ORIENTED_EDGE ( 'NONE', *, *, #132, .F. ) ;
#4461 = ORIENTED_EDGE ( 'NONE', *, *, #732, .T. ) ;
#4462 = DIRECTION ( 'NONE',  ( 0.5789791748770458657, -0.000000000000000000, -0.8153423299809074987 ) ) ;
#4463 = CARTESIAN_POINT ( 'NONE',  ( 19.02113032590310482, 17.50000000000000000, 6.180339887498993434 ) ) ;
#4464 = ORIENTED_EDGE ( 'NONE', *, *, #5304, .T. ) ;
#4465 = EDGE_CURVE ( 'NONE', #2320, #3406, #3348, .T. ) ;
#4466 = CARTESIAN_POINT ( 'NONE',  ( 18.14629240691750311, 0.000000000000000000, 5.896087816609164811 ) ) ;
#4467 = CARTESIAN_POINT ( 'NONE',  ( 14.14213562373097410, 17.50000000000000000, 14.14213562373100785 ) ) ;
#4468 = AXIS2_PLACEMENT_3D ( 'NONE', #743, #407, #718 ) ;
#4469 = CARTESIAN_POINT ( 'NONE',  ( 6.938745187938078591E-16, -0.6952007619927221826, 15.93575425059469453 ) ) ;
#4470 =( NAMED_UNIT ( * ) SI_UNIT ( $, .STERADIAN. ) SOLID_ANGLE_UNIT ( ) );
#4471 =( BOUNDED_CURVE ( )  B_SPLINE_CURVE ( 3, ( #4095, #2782, #2021, #3690 ),
 .UNSPECIFIED., .F., .T. ) 
 B_SPLINE_CURVE_WITH_KNOTS ( ( 4, 4 ),
 ( 0.000000000000000000, 1.570796326794896558 ),
 .UNSPECIFIED. ) 
 CURVE ( )  GEOMETRIC_REPRESENTATION_ITEM ( )  RATIONAL_B_SPLINE_CURVE ( ( 1.000000000000000000, 0.8047378541243649375, 0.8047378541243649375, 1.000000000000000000 ) ) 
 REPRESENTATION_ITEM ( '' )  );
#4472 = DIRECTION ( 'NONE',  ( -0.9859341912392897145, 0.000000000000000000, 0.1671339897965926080 ) ) ;
#4473 = EDGE_CURVE ( 'NONE', #2291, #4050, #5037, .T. ) ;
#4474 = CARTESIAN_POINT ( 'NONE',  ( 19.08185950409743015, 0.7500000000000006661, -3.461916805248263174 ) ) ;
#4475 = LINE ( 'NONE', #1498, #1272 ) ;
#4476 = CARTESIAN_POINT ( 'NONE',  ( 0.000000000000000000, 0.9999999999999997780, 10.50000000000000000 ) ) ;
#4477 = CARTESIAN_POINT ( 'NONE',  ( 3.910912946995704687, 0.000000000000000000, -17.93897962598748208 ) ) ;
#4478 = EDGE_LOOP ( 'NONE', ( #3925, #4332, #3853, #5230 ) ) ;
#4479 = ORIENTED_EDGE ( 'NONE', *, *, #610, .F. ) ;
#4480 = AXIS2_PLACEMENT_3D ( 'NONE', #343, #1548, #2014 ) ;
#4481 = ADVANCED_FACE ( 'NONE', ( #1312 ), #4627, .T. ) ;
#4482 = FACE_OUTER_BOUND ( 'NONE', #1771, .T. ) ;
#4483 = ORIENTED_EDGE ( 'NONE', *, *, #3077, .T. ) ;
#4484 = CARTESIAN_POINT ( 'NONE',  ( 17.00053009192102849, 0.000000000000000000, -8.662202736729591734 ) ) ;
#4485 = AXIS2_PLACEMENT_3D ( 'NONE', #3027, #3829, #1426 ) ;
#4486 = CARTESIAN_POINT ( 'NONE',  ( 0.000000000000000000, -0.5000000000000000000, 0.000000000000000000 ) ) ;
#4487 = DIRECTION ( 'NONE',  ( 0.6993986216886699525, 0.000000000000000000, 0.7147318154244910460 ) ) ;
#4488 = ORIENTED_EDGE ( 'NONE', *, *, #526, .F. ) ;
#4489 = AXIS2_PLACEMENT_3D ( 'NONE', #5155, #1024, #3933 ) ;
#4490 = VERTEX_POINT ( 'NONE', #485 ) ;
#4491 = CARTESIAN_POINT ( 'NONE',  ( 0.000000000000000000, -1.000000000000000000, 0.000000000000000000 ) ) ;
#4492 = FACE_OUTER_BOUND ( 'NONE', #4702, .T. ) ;
#4493 = ORIENTED_EDGE ( 'NONE', *, *, #252, .F. ) ;
#4494 = EDGE_LOOP ( 'NONE', ( #5298, #4862, #3738, #4419 ) ) ;
#4495 = CARTESIAN_POINT ( 'NONE',  ( 14.14213562373097588, 0.7500000000000006661, -14.14213562373094035 ) ) ;
#4496 = DIRECTION ( 'NONE',  ( -0.9476501889972740456, 0.000000000000000000, -0.3193103808106315111 ) ) ;
#4497 = FACE_OUTER_BOUND ( 'NONE', #4993, .T. ) ;
#4498 = EDGE_CURVE ( 'NONE', #5279, #5338, #72, .T. ) ;
#4499 = AXIS2_PLACEMENT_3D ( 'NONE', #315, #370, #3651 ) ;
#4500 = DIRECTION ( 'NONE',  ( 0.01084220526785296262, 0.000000000000000000, -0.9999412215650126390 ) ) ;
#4501 =( BOUNDED_CURVE ( )  B_SPLINE_CURVE ( 3, ( #5023, #1801, #3043, #3797 ),
 .UNSPECIFIED., .F., .T. ) 
 B_SPLINE_CURVE_WITH_KNOTS ( ( 4, 4 ),
 ( 4.712388980384689674, 6.283185307179586232 ),
 .UNSPECIFIED. ) 
 CURVE ( )  GEOMETRIC_REPRESENTATION_ITEM ( )  RATIONAL_B_SPLINE_CURVE ( ( 1.000000000000000000, 0.8047378541243649375, 0.8047378541243649375, 1.000000000000000000 ) ) 
 REPRESENTATION_ITEM ( '' )  );
#4502 = DIRECTION ( 'NONE',  ( 0.000000000000000000, 0.000000000000000000, 1.000000000000000000 ) ) ;
#4503 = FACE_OUTER_BOUND ( 'NONE', #3366, .T. ) ;
#4504 = LINE ( 'NONE', #4067, #2974 ) ;
#4505 = VERTEX_POINT ( 'NONE', #2570 ) ;
#4506 = ORIENTED_EDGE ( 'NONE', *, *, #1392, .F. ) ;
#4507 = ADVANCED_FACE ( 'NONE', ( #2171 ), #4814, .T. ) ;
#4508 = CYLINDRICAL_SURFACE ( 'NONE', #1102, 0.7500000000000006661 ) ;
#4509 = ORIENTED_EDGE ( 'NONE', *, *, #3871, .F. ) ;
#4510 = CARTESIAN_POINT ( 'NONE',  ( -20.00000000000003197, 0.3106601717798219142, 3.448573754770284869E-14 ) ) ;
#4511 = CARTESIAN_POINT ( 'NONE',  ( 1.816590212458494058, 15.00000000000000178, -2.450000000000000622 ) ) ;
#4512 = CARTESIAN_POINT ( 'NONE',  ( 3.128689300804625262, 17.50000000000000000, -19.75376681190276074 ) ) ;
#4513 = ORIENTED_EDGE ( 'NONE', *, *, #4927, .F. ) ;
#4514 = CIRCLE ( 'NONE', #4766, 7.500000000000001776 ) ;
#4515 = VECTOR ( 'NONE', #66, 1000.000000000000000 ) ;
#4516 = ORIENTED_EDGE ( 'NONE', *, *, #432, .T. ) ;
#4517 = DIRECTION ( 'NONE',  ( 0.000000000000000000, -1.000000000000000000, 0.000000000000000000 ) ) ;
#4518 = CARTESIAN_POINT ( 'NONE',  ( 14.44771334640060623, 0.7500000000000006661, 12.33951291827353458 ) ) ;
#4519 = VECTOR ( 'NONE', #4999, 1000.000000000000000 ) ;
#4520 = ORIENTED_EDGE ( 'NONE', *, *, #390, .F. ) ;
#4521 = DIRECTION ( 'NONE',  ( 0.000000000000000000, 0.000000000000000000, 1.000000000000000000 ) ) ;
#4522 = VERTEX_POINT ( 'NONE', #4778 ) ;
#4523 = LINE ( 'NONE', #790, #1705 ) ;
#4524 = DIRECTION ( 'NONE',  ( 0.000000000000000000, -1.000000000000000000, 0.000000000000000000 ) ) ;
#4525 = CARTESIAN_POINT ( 'NONE',  ( 9.927472729603040946, 0.7500000000000006661, -16.20016312272774783 ) ) ;
#4526 = ADVANCED_FACE ( 'NONE', ( #2704 ), #1481, .F. ) ;
#4527 = EDGE_CURVE ( 'NONE', #2760, #1253, #4264, .T. ) ;
#4528 = EDGE_CURVE ( 'NONE', #108, #4376, #3419, .T. ) ;
#4529 = LINE ( 'NONE', #794, #2910 ) ;
#4530 = CYLINDRICAL_SURFACE ( 'NONE', #291, 0.7500000000000000000 ) ;
#4531 = CARTESIAN_POINT ( 'NONE',  ( 18.65876059498101114, 4.605826747125912431E-16, 6.062598824603787406 ) ) ;
#4532 = DIRECTION ( 'NONE',  ( -0.9893263804011537266, 0.000000000000000000, 0.1457165503378109184 ) ) ;
#4533 = ORIENTED_EDGE ( 'NONE', *, *, #1234, .T. ) ;
#4534 = ORIENTED_EDGE ( 'NONE', *, *, #2748, .T. ) ;
#4535 =( BOUNDED_CURVE ( )  B_SPLINE_CURVE ( 3, ( #406, #351, #742, #3769 ),
 .UNSPECIFIED., .F., .T. ) 
 B_SPLINE_CURVE_WITH_KNOTS ( ( 4, 4 ),
 ( 4.712388980384689674, 6.283185307179586232 ),
 .UNSPECIFIED. ) 
 CURVE ( )  GEOMETRIC_REPRESENTATION_ITEM ( )  RATIONAL_B_SPLINE_CURVE ( ( 1.000000000000000000, 0.8047378541243649375, 0.8047378541243649375, 1.000000000000000000 ) ) 
 REPRESENTATION_ITEM ( '' )  );
#4536 = CARTESIAN_POINT ( 'NONE',  ( 18.47502848755588190, 0.3106601717798219142, -4.435461913262182421 ) ) ;
#4537 = VERTEX_POINT ( 'NONE', #1538 ) ;
#4538 = LINE ( 'NONE', #384, #422 ) ;
#4539 = DIRECTION ( 'NONE',  ( -0.000000000000000000, -1.000000000000000000, -0.000000000000000000 ) ) ;
#4540 = AXIS2_PLACEMENT_3D ( 'NONE', #1897, #4844, #3527 ) ;
#4541 = CARTESIAN_POINT ( 'NONE',  ( -14.14213562373097588, 17.50000000000000000, 14.14213562373101141 ) ) ;
#4542 = EDGE_LOOP ( 'NONE', ( #1625, #4516, #5351, #22 ) ) ;
#4543 = EDGE_CURVE ( 'NONE', #4730, #2683, #4850, .T. ) ;
#4544 = VERTEX_POINT ( 'NONE', #3936 ) ;
#4545 = FACE_OUTER_BOUND ( 'NONE', #4256, .T. ) ;
#4546 = CARTESIAN_POINT ( 'NONE',  ( 3.128689300804625262, 17.50000000000000000, -19.75376681190276074 ) ) ;
#4547 = VERTEX_POINT ( 'NONE', #221 ) ;
#4548 = EDGE_CURVE ( 'NONE', #2565, #4544, #3611, .T. ) ;
#4549 = CARTESIAN_POINT ( 'NONE',  ( 12.33951291827350616, 17.50000000000000000, 14.44771334640063465 ) ) ;
#4550 = DIRECTION ( 'NONE',  ( -0.9893263804011540596, 0.000000000000000000, -0.1457165503378092808 ) ) ;
#4551 = CARTESIAN_POINT ( 'NONE',  ( 18.94142934092945296, 17.50000000000000000, -1.490722818829025575 ) ) ;
#4552 = LINE ( 'NONE', #2044, #2603 ) ;
#4554 = EDGE_CURVE ( 'NONE', #4537, #1359, #4678, .T. ) ;
#4553 = VECTOR ( 'NONE', #2907, 1000.000000000000000 ) ;
#4555 = FACE_OUTER_BOUND ( 'NONE', #1342, .T. ) ;
#4556 = DIRECTION ( 'NONE',  ( -0.2986872808686383829, -0.000000000000000000, 0.9543510403658074237 ) ) ;
#4557 = CARTESIAN_POINT ( 'NONE',  ( 19.02113032590310127, 0.3106601717798218032, 6.180339887498994322 ) ) ;
#4558 = DIRECTION ( 'NONE',  ( -0.8153423299809100522, 0.000000000000000000, 0.5789791748770424240 ) ) ;
#4559 = ORIENTED_EDGE ( 'NONE', *, *, #2353, .T. ) ;
#4560 = VECTOR ( 'NONE', #1767, 1000.000000000000000 ) ;
#4561 = VERTEX_POINT ( 'NONE', #192 ) ;
#4562 = CARTESIAN_POINT ( 'NONE',  ( 12.33951291827350438, 0.3106601717798227469, 14.44771334640063110 ) ) ;
#4563 = VECTOR ( 'NONE', #1099, 999.9999999999998863 ) ;
#4564 = ORIENTED_EDGE ( 'NONE', *, *, #41, .T. ) ;
#4565 = FACE_OUTER_BOUND ( 'NONE', #778, .T. ) ;
#4566 = CARTESIAN_POINT ( 'NONE',  ( 1.974841765813149186, 15.50000000000000178, -2.950000000000000622 ) ) ;
#4567 = VERTEX_POINT ( 'NONE', #640 ) ;
#4568 = AXIS2_PLACEMENT_3D ( 'NONE', #5166, #4736, #174 ) ;
#4569 = EDGE_CURVE ( 'NONE', #942, #4367, #949, .T. ) ;
#4570 =( BOUNDED_CURVE ( )  B_SPLINE_CURVE ( 3, ( #3454, #4222, #2528, #5119 ),
 .UNSPECIFIED., .F., .F. ) 
 B_SPLINE_CURVE_WITH_KNOTS ( ( 4, 4 ),
 ( 4.712388980384689674, 6.283185307179586232 ),
 .UNSPECIFIED. ) 
 CURVE ( )  GEOMETRIC_REPRESENTATION_ITEM ( )  RATIONAL_B_SPLINE_CURVE ( ( 1.000000000000000000, 0.8047378541243649375, 0.8047378541243649375, 1.000000000000000000 ) ) 
 REPRESENTATION_ITEM ( '' )  );
#4571 = AXIS2_PLACEMENT_3D ( 'NONE', #5150, #1400, #1447 ) ;
#4572 = ORIENTED_EDGE ( 'NONE', *, *, #3090, .F. ) ;
#4573 = ORIENTED_EDGE ( 'NONE', *, *, #3686, .F. ) ;
#4574 = DIRECTION ( 'NONE',  ( -0.000000000000000000, -1.000000000000000000, -0.000000000000000000 ) ) ;
#4575 = EDGE_CURVE ( 'NONE', #2274, #329, #249, .T. ) ;
#4576 = ORIENTED_EDGE ( 'NONE', *, *, #1434, .T. ) ;
#4577 = EDGE_CURVE ( 'NONE', #2979, #5005, #2292, .T. ) ;
#4578 = CYLINDRICAL_SURFACE ( 'NONE', #5079, 0.7500000000000005551 ) ;
#4579 = VERTEX_POINT ( 'NONE', #1888 ) ;
#4580 = CARTESIAN_POINT ( 'NONE',  ( -14.14213562373097588, 0.7500000000000006661, 14.14213562373101141 ) ) ;
#4581 = CARTESIAN_POINT ( 'NONE',  ( 3.851859888774471706E-31, 0.9999999999999997780, 10.50000000000000178 ) ) ;
#4582 = FACE_OUTER_BOUND ( 'NONE', #1476, .T. ) ;
#4583 = CARTESIAN_POINT ( 'NONE',  ( -15.94085710189100524, 0.7500000000000006661, -11.04496740410149158 ) ) ;
#4584 = CARTESIAN_POINT ( 'NONE',  ( 18.47502848755587834, 17.50000000000000000, 4.435461913262236600 ) ) ;
#4585 = DIRECTION ( 'NONE',  ( 0.000000000000000000, -1.000000000000000000, 0.000000000000000000 ) ) ;
#4586 = ORIENTED_EDGE ( 'NONE', *, *, #1234, .F. ) ;
#4587 = EDGE_LOOP ( 'NONE', ( #3732, #2002 ) ) ;
#4588 = AXIS2_PLACEMENT_3D ( 'NONE', #2365, #2825, #1096 ) ;
#4589 = DIRECTION ( 'NONE',  ( -0.000000000000000000, -1.000000000000000000, -0.000000000000000000 ) ) ;
#4590 = VERTEX_POINT ( 'NONE', #3549 ) ;
#4591 = ORIENTED_EDGE ( 'NONE', *, *, #4543, .F. ) ;
#4592 = CARTESIAN_POINT ( 'NONE',  ( 18.47502848755588190, 17.50000000000000000, -4.435461913262180644 ) ) ;
#4593 = DIRECTION ( 'NONE',  ( -0.4443033392582326768, 0.000000000000000000, -0.8958764104071408330 ) ) ;
#4594 = VERTEX_POINT ( 'NONE', #4806 ) ;
#4595 = EDGE_CURVE ( 'NONE', #4344, #1690, #3135, .T. ) ;
#4596 = VERTEX_POINT ( 'NONE', #669 ) ;
#4597 = ORIENTED_EDGE ( 'NONE', *, *, #2869, .F. ) ;
#4598 = DIRECTION ( 'NONE',  ( -0.000000000000000000, -1.000000000000000000, -0.000000000000000000 ) ) ;
#4599 = CONICAL_SURFACE ( 'NONE', #3290, 5.500000000000000000, 0.7853981633974437271 ) ;
#4600 = DIRECTION ( 'NONE',  ( -0.000000000000000000, -1.000000000000000000, -0.000000000000000000 ) ) ;
#4601 = CARTESIAN_POINT ( 'NONE',  ( 17.82013048376738595, 0.7500000000000006661, 9.079809994790986494 ) ) ;
#4602 = DIRECTION ( 'NONE',  ( 0.9859341912392908247, -0.000000000000000000, -0.1671339897965861687 ) ) ;
#4603 = LINE ( 'NONE', #2174, #1484 ) ;
#4604 = AXIS2_PLACEMENT_3D ( 'NONE', #822, #322, #377 ) ;
#4605 = VECTOR ( 'NONE', #1393, 1000.000000000000000 ) ;
#4606 = CARTESIAN_POINT ( 'NONE',  ( -18.30536704562874917, 0.7500000000000006661, 6.404355348150471805 ) ) ;
#4607 = CARTESIAN_POINT ( 'NONE',  ( -9.738345398044646828, 3.529754518390332666E-16, -15.89153536764200325 ) ) ;
#4608 = DIRECTION ( 'NONE',  ( -1.000000000000000000, -0.000000000000000000, -0.000000000000000000 ) ) ;
#4609 = CARTESIAN_POINT ( 'NONE',  ( 14.44771334640060445, 17.50000000000000000, -12.33951291827347596 ) ) ;
#4610 = ADVANCED_FACE ( 'NONE', ( #1919 ), #3582, .T. ) ;
#4611 = VERTEX_POINT ( 'NONE', #1251 ) ;
#4612 = CARTESIAN_POINT ( 'NONE',  ( 2.143131898507868643E-15, 3.499999999999996003, -17.50000000000000355 ) ) ;
#4613 = ORIENTED_EDGE ( 'NONE', *, *, #933, .T. ) ;
#4614 = CARTESIAN_POINT ( 'NONE',  ( 9.079809994790949190, 17.50000000000000000, 17.82013048376742148 ) ) ;
#4615 = PLANE ( 'NONE',  #4208 ) ;
#4616 = EDGE_LOOP ( 'NONE', ( #841, #4708, #5372, #2271 ) ) ;
#4617 = EDGE_CURVE ( 'NONE', #2055, #3938, #2890, .T. ) ;
#4618 = AXIS2_PLACEMENT_3D ( 'NONE', #3375, #873, #4218 ) ;
#4619 = EDGE_CURVE ( 'NONE', #1972, #3691, #4161, .T. ) ;
#4620 = ORIENTED_EDGE ( 'NONE', *, *, #1938, .T. ) ;
#4621 = EDGE_CURVE ( 'NONE', #260, #3406, #2758, .T. ) ;
#4622 = VERTEX_POINT ( 'NONE', #4922 ) ;
#4623 = LINE ( 'NONE', #4212, #4768 ) ;
#4624 = VECTOR ( 'NONE', #3224, 1000.000000000000114 ) ;
#4625 = CARTESIAN_POINT ( 'NONE',  ( -9.079809994790954519, 0.3106601717798217477, 17.82013048376742148 ) ) ;
#4626 = ORIENTED_EDGE ( 'NONE', *, *, #2975, .F. ) ;
#4627 = CYLINDRICAL_SURFACE ( 'NONE', #2491, 0.7500000000000006661 ) ;
#4628 = DIRECTION ( 'NONE',  ( 0.8860318940314827474, -0.000000000000000000, 0.4636242905187167862 ) ) ;
#4629 = DIRECTION ( 'NONE',  ( 0.9476501889972763770, -0.000000000000000000, -0.3193103808106249608 ) ) ;
#4630 = EDGE_CURVE ( 'NONE', #2895, #1473, #2314, .T. ) ;
#4631 = CARTESIAN_POINT ( 'NONE',  ( -19.02113032590310837, 17.50000000000000000, 6.180339887498993434 ) ) ;
#4632 = PLANE ( 'NONE',  #4044 ) ;
#4633 = PLANE ( 'NONE',  #3654 ) ;
#4634 = CARTESIAN_POINT ( 'NONE',  ( -19.02113032590310837, 17.50000000000000000, 6.180339887498993434 ) ) ;
#4635 = LINE ( 'NONE', #3015, #1578 ) ;
#4636 = EDGE_CURVE ( 'NONE', #4537, #3772, #5000, .T. ) ;
#4637 = ORIENTED_EDGE ( 'NONE', *, *, #3327, .F. ) ;
#4638 = CARTESIAN_POINT ( 'NONE',  ( 19.75376681190278561, 17.50000000000000000, 3.128689300804657680 ) ) ;
#4639 = ORIENTED_EDGE ( 'NONE', *, *, #2768, .F. ) ;
#4640 = DIRECTION ( 'NONE',  ( 0.000000000000000000, -1.000000000000000000, 0.000000000000000000 ) ) ;
#4641 = EDGE_CURVE ( 'NONE', #2614, #5005, #4102, .T. ) ;
#4642 = DIRECTION ( 'NONE',  ( -0.01084220526784429248, 0.000000000000000000, -0.9999412215650128610 ) ) ;
#4643 = CIRCLE ( 'NONE', #3692, 17.50000000000000355 ) ;
#4644 = ORIENTED_EDGE ( 'NONE', *, *, #253, .F. ) ;
#4645 = EDGE_CURVE ( 'NONE', #4052, #4135, #4948, .T. ) ;
#4646 = VECTOR ( 'NONE', #4240, 1000.000000000000000 ) ;
#4647 = ORIENTED_EDGE ( 'NONE', *, *, #1738, .F. ) ;
#4648 = ORIENTED_EDGE ( 'NONE', *, *, #1239, .T. ) ;
#4649 = CARTESIAN_POINT ( 'NONE',  ( -17.62530740377556882, 0.000000000000000000, 4.231461929904050123 ) ) ;
#4650 = ORIENTED_EDGE ( 'NONE', *, *, #273, .T. ) ;
#4651 = DIRECTION ( 'NONE',  ( -0.8025965532633724253, 0.000000000000000000, -0.5965222315134237618 ) ) ;
#4652 = DIRECTION ( 'NONE',  ( 0.9859341912392898255, -0.000000000000000000, 0.1671339897965923305 ) ) ;
#4653 = ORIENTED_EDGE ( 'NONE', *, *, #3070, .F. ) ;
#4654 = DIRECTION ( 'NONE',  ( -0.000000000000000000, -1.000000000000000000, -0.000000000000000000 ) ) ;
#4655 = DIRECTION ( 'NONE',  ( 0.9543510403658654884, -0.000000000000000000, 0.2986872808684530312 ) ) ;
#4656 = VECTOR ( 'NONE', #2449, 1000.000000000000000 ) ;
#4657 = ADVANCED_FACE ( 'NONE', ( #750 ), #331, .F. ) ;
#4658 = DIRECTION ( 'NONE',  ( -0.2986872808686397707, 0.000000000000000000, -0.9543510403658070906 ) ) ;
#4659 = EDGE_CURVE ( 'NONE', #2894, #145, #2812, .T. ) ;
#4660 = CARTESIAN_POINT ( 'NONE',  ( 4.231461929904019925, 0.000000000000000000, 17.62530740377559724 ) ) ;
#4661 = FACE_OUTER_BOUND ( 'NONE', #4970, .T. ) ;
#4662 = DIRECTION ( 'NONE',  ( -0.1457165503378061444, 0.000000000000000000, 0.9893263804011542817 ) ) ;
#4663 = CARTESIAN_POINT ( 'NONE',  ( 1.422160076959151809, 0.000000000000000000, -18.07025710545689634 ) ) ;
#4664 = ORIENTED_EDGE ( 'NONE', *, *, #2842, .F. ) ;
#4665 = ORIENTED_EDGE ( 'NONE', *, *, #2216, .F. ) ;
#4666 = CARTESIAN_POINT ( 'NONE',  ( 11.75570504584948139, 17.50000000000000000, -16.18033988749894192 ) ) ;
#4667 = ORIENTED_EDGE ( 'NONE', *, *, #987, .T. ) ;
#4668 = LINE ( 'NONE', #4034, #3382 ) ;
#4669 = CARTESIAN_POINT ( 'NONE',  ( -18.47502848755588190, 0.7500000000000006661, -4.435461913262177092 ) ) ;
#4670 = VERTEX_POINT ( 'NONE', #1565 ) ;
#4671 = VECTOR ( 'NONE', #805, 1000.000000000000000 ) ;
#4672 = EDGE_CURVE ( 'NONE', #4730, #1271, #2084, .T. ) ;
#4673 = CARTESIAN_POINT ( 'NONE',  ( -9.079809994790956296, 17.50000000000000000, -17.82013048376735398 ) ) ;
#4674 = ORIENTED_EDGE ( 'NONE', *, *, #4729, .T. ) ;
#4675 = ORIENTED_EDGE ( 'NONE', *, *, #2594, .F. ) ;
#4676 = CARTESIAN_POINT ( 'NONE',  ( 9.079809994790947414, 0.3106601717798218032, 17.82013048376742148 ) ) ;
#4677 = FACE_OUTER_BOUND ( 'NONE', #2039, .T. ) ;
#4678 = LINE ( 'NONE', #1114, #4408 ) ;
#4679 = VERTEX_POINT ( 'NONE', #2458 ) ;
#4680 = CARTESIAN_POINT ( 'NONE',  ( -2.984791646449939773, 0.000000000000000000, -18.84523277876397529 ) ) ;
#4681 = DIRECTION ( 'NONE',  ( -0.000000000000000000, -1.000000000000000000, -0.000000000000000000 ) ) ;
#4682 = VECTOR ( 'NONE', #1290, 1000.000000000000114 ) ;
#4683 = ADVANCED_FACE ( 'NONE', ( #1675 ), #2866, .T. ) ;
#4684 = LINE ( 'NONE', #849, #2205 ) ;
#4685 = CARTESIAN_POINT ( 'NONE',  ( -14.44771334640061156, 0.7500000000000006661, -12.33951291827347596 ) ) ;
#4686 = ADVANCED_FACE ( 'NONE', ( #5326 ), #1592, .F. ) ;
#4687 = EDGE_CURVE ( 'NONE', #1652, #3133, #4130, .T. ) ;
#4688 = CARTESIAN_POINT ( 'NONE',  ( -17.55371111771447801, 0.7500000000000006661, 7.270985214936747099 ) ) ;
#4689 = EDGE_CURVE ( 'NONE', #4561, #5328, #3638, .T. ) ;
#4690 = AXIS2_PLACEMENT_3D ( 'NONE', #2115, #2142, #3807 ) ;
#4691 = CARTESIAN_POINT ( 'NONE',  ( -19.75376681190278916, 17.50000000000000000, -3.128689300804586626 ) ) ;
#4692 = AXIS2_PLACEMENT_3D ( 'NONE', #3723, #2865, #4160 ) ;
#4693 = CARTESIAN_POINT ( 'NONE',  ( 3.128689300804621709, 17.50000000000000000, 19.75376681190282468 ) ) ;
#4694 = EDGE_LOOP ( 'NONE', ( #450, #3188, #2437, #2816 ) ) ;
#4695 = LINE ( 'NONE', #2634, #3079 ) ;
#4696 = CARTESIAN_POINT ( 'NONE',  ( 16.18033988749897389, 17.50000000000000000, -11.75570504584944764 ) ) ;
#4697 = CARTESIAN_POINT ( 'NONE',  ( -19.02113032590310837, 0.7500000000000006661, 6.180339887498993434 ) ) ;
#4698 = LINE ( 'NONE', #3022, #5280 ) ;
#4699 = ORIENTED_EDGE ( 'NONE', *, *, #5021, .T. ) ;
#4700 = LINE ( 'NONE', #525, #1352 ) ;
#4701 = VERTEX_POINT ( 'NONE', #386 ) ;
#4702 = EDGE_LOOP ( 'NONE', ( #5004, #94, #2330, #3932 ) ) ;
#4703 = CARTESIAN_POINT ( 'NONE',  ( 18.47502848755587834, 0.7500000000000006661, 4.435461913262236600 ) ) ;
#4704 = EDGE_CURVE ( 'NONE', #4807, #247, #2057, .T. ) ;
#4705 = TOROIDAL_SURFACE ( 'NONE', #4268, 17.49999999999999645, 0.5000000000000000000 ) ;
#4706 =( BOUNDED_CURVE ( )  B_SPLINE_CURVE ( 3, ( #2581, #1013, #1341, #1252 ),
 .UNSPECIFIED., .F., .T. ) 
 B_SPLINE_CURVE_WITH_KNOTS ( ( 4, 4 ),
 ( 4.712388980384689674, 6.283185307179586232 ),
 .UNSPECIFIED. ) 
 CURVE ( )  GEOMETRIC_REPRESENTATION_ITEM ( )  RATIONAL_B_SPLINE_CURVE ( ( 1.000000000000000000, 0.8047378541243649375, 0.8047378541243649375, 1.000000000000000000 ) ) 
 REPRESENTATION_ITEM ( '' )  );
#4707 = CARTESIAN_POINT ( 'NONE',  ( -3.128689300804623930, 17.50000000000000000, 19.75376681190282113 ) ) ;
#4708 = ORIENTED_EDGE ( 'NONE', *, *, #5204, .T. ) ;
#4709 = LINE ( 'NONE', #5012, #4682 ) ;
#4710 = CARTESIAN_POINT ( 'NONE',  ( 16.18033988749897389, 17.50000000000000000, 11.75570504584951870 ) ) ;
#4711 = VECTOR ( 'NONE', #3040, 1000.000000000000114 ) ;
#4712 = EDGE_CURVE ( 'NONE', #3586, #2979, #3353, .T. ) ;
#4713 = LINE ( 'NONE', #978, #1686 ) ;
#4714 = CARTESIAN_POINT ( 'NONE',  ( 11.74757339189859273, 0.000000000000000000, -15.43038397132518114 ) ) ;
#4715 = DIRECTION ( 'NONE',  ( 0.4443033392582298458, -0.000000000000000000, 0.8958764104071421652 ) ) ;
#4716 = DIRECTION ( 'NONE',  ( 0.8860318940314843017, 0.000000000000000000, -0.4636242905187136221 ) ) ;
#4717 = CYLINDRICAL_SURFACE ( 'NONE', #5320, 0.7499999999999990008 ) ;
#4718 = ORIENTED_EDGE ( 'NONE', *, *, #4855, .F. ) ;
#4719 = CARTESIAN_POINT ( 'NONE',  ( -19.08014097585546054, 0.000000000000000000, 3.373428358374685000E-14 ) ) ;
#4720 = LINE ( 'NONE', #2611, #1610 ) ;
#4721 = LINE ( 'NONE', #2994, #2244 ) ;
#4722 = CARTESIAN_POINT ( 'NONE',  ( -11.53174823564548390, 6.782361035846846955E-16, -15.87208978296775541 ) ) ;
#4723 = VERTEX_POINT ( 'NONE', #1170 ) ;
#4724 = ORIENTED_EDGE ( 'NONE', *, *, #2423, .T. ) ;
#4725 = EDGE_CURVE ( 'NONE', #5080, #1928, #4698, .T. ) ;
#4726 = ORIENTED_EDGE ( 'NONE', *, *, #824, .T. ) ;
#4727 = CYLINDRICAL_SURFACE ( 'NONE', #1304, 18.00000000000000000 ) ;
#4728 = AXIS2_PLACEMENT_3D ( 'NONE', #454, #2927, #483 ) ;
#4729 = EDGE_CURVE ( 'NONE', #1777, #2504, #1885, .T. ) ;
#4730 = VERTEX_POINT ( 'NONE', #444 ) ;
#4731 = DIRECTION ( 'NONE',  ( 0.9893263804011541707, 0.000000000000000000, 0.1457165503378072269 ) ) ;
#4732 = AXIS2_PLACEMENT_3D ( 'NONE', #513, #2175, #3841 ) ;
#4733 =( BOUNDED_CURVE ( )  B_SPLINE_CURVE ( 3, ( #3667, #1591, #4510, #885 ),
 .UNSPECIFIED., .F., .T. ) 
 B_SPLINE_CURVE_WITH_KNOTS ( ( 4, 4 ),
 ( 4.712388980384689674, 6.283185307179586232 ),
 .UNSPECIFIED. ) 
 CURVE ( )  GEOMETRIC_REPRESENTATION_ITEM ( )  RATIONAL_B_SPLINE_CURVE ( ( 1.000000000000000000, 0.8047378541243649375, 0.8047378541243649375, 1.000000000000000000 ) ) 
 REPRESENTATION_ITEM ( '' )  );
#4734 = EDGE_CURVE ( 'NONE', #2482, #2556, #5370, .T. ) ;
#4735 = CIRCLE ( 'NONE', #4921, 18.00000000000000000 ) ;
#4736 = DIRECTION ( 'NONE',  ( -0.000000000000000000, -1.000000000000000000, -0.000000000000000000 ) ) ;
#4737 = CYLINDRICAL_SURFACE ( 'NONE', #391, 0.7499999999999996669 ) ;
#4738 = DIRECTION ( 'NONE',  ( 0.5789791748770429791, 0.000000000000000000, -0.8153423299809096081 ) ) ;
#4739 = CARTESIAN_POINT ( 'NONE',  ( -19.75376681190278561, 0.3106601717798218032, 3.128689300804657236 ) ) ;
#4740 = DIRECTION ( 'NONE',  ( 1.000000000000000000, 0.000000000000000000, 0.000000000000000000 ) ) ;
#4741 = VERTEX_POINT ( 'NONE', #2211 ) ;
#4742 = AXIS2_PLACEMENT_3D ( 'NONE', #3928, #158, #1935 ) ;
#4743 = CARTESIAN_POINT ( 'NONE',  ( 7.132466372432014978, 6.774231092096921299E-16, 17.21929704949543805 ) ) ;
#4744 = PLANE ( 'NONE',  #1092 ) ;
#4745 = DIRECTION ( 'NONE',  ( -0.6993986216886668439, 0.000000000000000000, -0.7147318154244941546 ) ) ;
#4746 = CARTESIAN_POINT ( 'NONE',  ( 14.14213562373097588, 0.7500000000000006661, -14.14213562373094035 ) ) ;
#4747 = AXIS2_PLACEMENT_3D ( 'NONE', #232, #2226, #3564 ) ;
#4748 = EDGE_LOOP ( 'NONE', ( #595, #3544, #1977, #562 ) ) ;
#4749 = DIRECTION ( 'NONE',  ( 0.9543510403658079788, 0.000000000000000000, -0.2986872808686367731 ) ) ;
#4750 = CARTESIAN_POINT ( 'NONE',  ( -17.82013048376738951, 0.7500000000000006661, -9.079809994790915439 ) ) ;
#4751 = ORIENTED_EDGE ( 'NONE', *, *, #526, .T. ) ;
#4752 = ORIENTED_EDGE ( 'NONE', *, *, #4214, .T. ) ;
#4753 = ADVANCED_FACE ( 'NONE', ( #3801 ), #964, .T. ) ;
#4754 = FACE_OUTER_BOUND ( 'NONE', #325, .T. ) ;
#4755 = AXIS2_PLACEMENT_3D ( 'NONE', #3166, #2350, #535 ) ;
#4756 = EDGE_LOOP ( 'NONE', ( #1461, #1808 ) ) ;
#4757 = DIRECTION ( 'NONE',  ( -0.1671339897965881949, 0.000000000000000000, -0.9859341912392906027 ) ) ;
#4758 = DIRECTION ( 'NONE',  ( 0.2986872808686381053, 0.000000000000000000, 0.9543510403658076457 ) ) ;
#4759 = ORIENTED_EDGE ( 'NONE', *, *, #3681, .F. ) ;
#4760 = ORIENTED_EDGE ( 'NONE', *, *, #1528, .T. ) ;
#4761 = CARTESIAN_POINT ( 'NONE',  ( 9.079809994790949190, 17.50000000000000000, 17.82013048376742148 ) ) ;
#4762 = LINE ( 'NONE', #4714, #567 ) ;
#4763 = FACE_OUTER_BOUND ( 'NONE', #3139, .T. ) ;
#4764 = CARTESIAN_POINT ( 'NONE',  ( 19.75376681190278561, 17.50000000000000000, 3.128689300804657680 ) ) ;
#4765 = CYLINDRICAL_SURFACE ( 'NONE', #5141, 0.7500000000000004441 ) ;
#4766 = AXIS2_PLACEMENT_3D ( 'NONE', #5330, #310, #1599 ) ;
#4767 = ORIENTED_EDGE ( 'NONE', *, *, #3569, .T. ) ;
#4768 = VECTOR ( 'NONE', #4598, 1000.000000000000000 ) ;
#4769 = CARTESIAN_POINT ( 'NONE',  ( 16.20016312272776915, 0.3106601717798219142, -9.927472729603014301 ) ) ;
#4770 = DIRECTION ( 'NONE',  ( -0.000000000000000000, -1.000000000000000000, -0.000000000000000000 ) ) ;
#4771 = CARTESIAN_POINT ( 'NONE',  ( 19.75376681190278561, 17.50000000000000000, -3.128689300804587958 ) ) ;
#4772 = DIRECTION ( 'NONE',  ( 0.9543510403658076457, 0.000000000000000000, 0.2986872808686380498 ) ) ;
#4773 = VERTEX_POINT ( 'NONE', #5103 ) ;
#4774 = VERTEX_POINT ( 'NONE', #2511 ) ;
#4775 = AXIS2_PLACEMENT_3D ( 'NONE', #1480, #3220, #3609 ) ;
#4776 = DIRECTION ( 'NONE',  ( 0.5789791748770451996, 0.000000000000000000, 0.8153423299809079428 ) ) ;
#4777 = ORIENTED_EDGE ( 'NONE', *, *, #490, .F. ) ;
#4778 = CARTESIAN_POINT ( 'NONE',  ( 0.000000000000000000, 17.50000000000000000, 17.50000000000000355 ) ) ;
#4779 = PLANE ( 'NONE',  #1221 ) ;
#4780 = ORIENTED_EDGE ( 'NONE', *, *, #5114, .T. ) ;
#4781 = EDGE_CURVE ( 'NONE', #4836, #2806, #909, .T. ) ;
#4782 = ADVANCED_FACE ( 'NONE', ( #4280 ), #39, .F. ) ;
#4783 = VERTEX_POINT ( 'NONE', #61 ) ;
#4784 = CYLINDRICAL_SURFACE ( 'NONE', #1720, 0.7500000000000004441 ) ;
#4785 = CARTESIAN_POINT ( 'NONE',  ( 11.75570504584947784, 0.3106601717798220808, -16.18033988749894192 ) ) ;
#4786 = ORIENTED_EDGE ( 'NONE', *, *, #2925, .T. ) ;
#4787 = ORIENTED_EDGE ( 'NONE', *, *, #5323, .T. ) ;
#4788 = DIRECTION ( 'NONE',  ( 0.000000000000000000, 0.000000000000000000, -1.000000000000000000 ) ) ;
#4789 = CARTESIAN_POINT ( 'NONE',  ( -4.350962353431359730, 5.698158863361341534E-16, 18.12306249041974127 ) ) ;
#4790 = EDGE_CURVE ( 'NONE', #2898, #3897, #4207, .T. ) ;
#4791 = VECTOR ( 'NONE', #3560, 1000.000000000000227 ) ;
#4792 = CARTESIAN_POINT ( 'NONE',  ( -1.974841765813141858, 15.50000000000000178, -2.950000000000000622 ) ) ;
#4793 = LINE ( 'NONE', #653, #196 ) ;
#4794 = CARTESIAN_POINT ( 'NONE',  ( -15.87208978296779449, 3.529754518390332666E-16, 11.53174823564551410 ) ) ;
#4795 = ORIENTED_EDGE ( 'NONE', *, *, #3818, .F. ) ;
#4796 = CARTESIAN_POINT ( 'NONE',  ( 9.927472729603040946, 17.50000000000000000, -16.20016312272774783 ) ) ;
#4797 = CARTESIAN_POINT ( 'NONE',  ( 3.461916805248298257, 0.7500000000000006661, -19.08185950409740173 ) ) ;
#4798 = CARTESIAN_POINT ( 'NONE',  ( -12.33951291827351149, 17.50000000000000000, -14.44771334640057781 ) ) ;
#4799 = ADVANCED_FACE ( 'NONE', ( #938 ), #4615, .F. ) ;
#4800 = CARTESIAN_POINT ( 'NONE',  ( 11.77198230270238710, 0.000000000000000000, 13.78322037140360479 ) ) ;
#4801 = EDGE_LOOP ( 'NONE', ( #4431, #701, #388, #3228 ) ) ;
#4802 = ORIENTED_EDGE ( 'NONE', *, *, #2059, .T. ) ;
#4803 = EDGE_CURVE ( 'NONE', #1694, #2053, #2563, .T. ) ;
#4804 = CARTESIAN_POINT ( 'NONE',  ( -14.44771334640060800, 17.50000000000000000, 12.33951291827353636 ) ) ;
#4805 = EDGE_LOOP ( 'NONE', ( #495, #5178, #398, #237 ) ) ;
#4806 = CARTESIAN_POINT ( 'NONE',  ( -1.816590212458487619, 15.00000000000000178, -2.450000000000000622 ) ) ;
#4807 = VERTEX_POINT ( 'NONE', #87 ) ;
#4808 = DIRECTION ( 'NONE',  ( -0.3193103808106269592, 0.000000000000000000, -0.9476501889972757109 ) ) ;
#4809 = VERTEX_POINT ( 'NONE', #886 ) ;
#4810 = EDGE_LOOP ( 'NONE', ( #5203, #2508, #3966, #3109 ) ) ;
#4811 = CARTESIAN_POINT ( 'NONE',  ( -1.490722818829055552, 17.50000000000000000, 18.94142934092948849 ) ) ;
#4812 = LINE ( 'NONE', #2739, #6 ) ;
#4813 = VECTOR ( 'NONE', #5096, 1000.000000000000227 ) ;
#4814 =( BOUNDED_SURFACE ( )  B_SPLINE_SURFACE ( 3, 3, ( 
 ( #4961, #1859, #4456, #2788 ),
 ( #2761, #5183, #5215, #1455 ),
 ( #1051, #2322, #3194, #3107 ),
 ( #1358, #1511, #1947, #2269 ) ),
 .UNSPECIFIED., .F., .F., .T. ) 
 B_SPLINE_SURFACE_WITH_KNOTS ( ( 4, 4 ),
 ( 4, 4 ),
 ( 0.000000000000000000, 1.000000000000000000 ),
 ( 0.000000000000000000, 1.000000000000000000 ),
 .UNSPECIFIED. ) 
 GEOMETRIC_REPRESENTATION_ITEM ( )  RATIONAL_B_SPLINE_SURFACE ( (
 ( 1.000000000000000000, 0.3333333333333334259, 0.3333333333333334259, 1.000000000000000000),
 ( 0.8393855087293401462, 0.2797951695764467894, 0.2797951695764467894, 0.8393855087293401462),
 ( 0.8393855087293401462, 0.2797951695764467894, 0.2797951695764467894, 0.8393855087293401462),
 ( 1.000000000000000000, 0.3333333333333334259, 0.3333333333333334259, 1.000000000000000000) ) ) 
 REPRESENTATION_ITEM ( '' )  SURFACE ( )  );
#4815 = ORIENTED_EDGE ( 'NONE', *, *, #2914, .F. ) ;
#4816 = EDGE_LOOP ( 'NONE', ( #1332, #4576, #3945, #2412 ) ) ;
#4817 = CARTESIAN_POINT ( 'NONE',  ( -14.14213562373097766, 17.50000000000000000, -14.14213562373093858 ) ) ;
#4818 = CARTESIAN_POINT ( 'NONE',  ( -11.77198230270238710, 0.000000000000000000, 13.78322037140360834 ) ) ;
#4819 = CARTESIAN_POINT ( 'NONE',  ( -1.816590212458487619, 15.00000000000000178, -2.450000000000000622 ) ) ;
#4820 = AXIS2_PLACEMENT_3D ( 'NONE', #1287, #4984, #5087 ) ;
#4821 = DIRECTION ( 'NONE',  ( 0.9893263804011536156, 0.000000000000000000, -0.1457165503378108906 ) ) ;
#4822 = DIRECTION ( 'NONE',  ( 0.000000000000000000, -1.000000000000000000, 0.000000000000000000 ) ) ;
#4823 = ORIENTED_EDGE ( 'NONE', *, *, #880, .T. ) ;
#4824 = CARTESIAN_POINT ( 'NONE',  ( 8.662202736729621932, 0.000000000000000000, 17.00053009192106046 ) ) ;
#4825 = AXIS2_PLACEMENT_3D ( 'NONE', #3875, #2829, #5261 ) ;
#4826 = EDGE_CURVE ( 'NONE', #1984, #887, #1847, .T. ) ;
#4827 = DIRECTION ( 'NONE',  ( -0.4636242905187114571, 0.000000000000000000, -0.8860318940314854119 ) ) ;
#4828 = LINE ( 'NONE', #2780, #1957 ) ;
#4829 = DIRECTION ( 'NONE',  ( 0.9476501889972749337, -0.000000000000000000, 0.3193103808106293462 ) ) ;
#4830 = CARTESIAN_POINT ( 'NONE',  ( 9.738345398044643275, 6.774231092096921299E-16, 15.89153536764205832 ) ) ;
#4831 = EDGE_LOOP ( 'NONE', ( #2489, #191, #1459, #3615 ) ) ;
#4832 = ORIENTED_EDGE ( 'NONE', *, *, #3887, .T. ) ;
#4833 = VECTOR ( 'NONE', #3813, 1000.000000000000000 ) ;
#4834 = FACE_OUTER_BOUND ( 'NONE', #1875, .T. ) ;
#4835 = AXIS2_PLACEMENT_3D ( 'NONE', #4300, #1390, #2277 ) ;
#4836 = VERTEX_POINT ( 'NONE', #2536 ) ;
#4837 = CARTESIAN_POINT ( 'NONE',  ( 20.00000000000003197, 0.7500000000000006661, 3.495948467706136828E-14 ) ) ;
#4838 = DIRECTION ( 'NONE',  ( -0.9476501889972759329, -0.000000000000000000, -0.3193103808106264596 ) ) ;
#4839 = ORIENTED_EDGE ( 'NONE', *, *, #4473, .F. ) ;
#4840 = ADVANCED_FACE ( 'NONE', ( #2996 ), #3593, .T. ) ;
#4841 = EDGE_LOOP ( 'NONE', ( #994, #645, #2793, #1590 ) ) ;
#4842 = EDGE_CURVE ( 'NONE', #1882, #338, #3363, .T. ) ;
#4843 = DIRECTION ( 'NONE',  ( -0.000000000000000000, -1.000000000000000000, -0.000000000000000000 ) ) ;
#4844 = DIRECTION ( 'NONE',  ( 0.9859341912392899365, 0.000000000000000000, 0.1671339897965923582 ) ) ;
#4845 = ORIENTED_EDGE ( 'NONE', *, *, #4458, .T. ) ;
#4846 = VECTOR ( 'NONE', #2978, 1000.000000000000114 ) ;
#4847 = CARTESIAN_POINT ( 'NONE',  ( 0.000000000000000000, 1.500000000000001332, 15.49999999999998579 ) ) ;
#4848 = CARTESIAN_POINT ( 'NONE',  ( 17.82013048376738595, 0.3106601717798219142, 9.079809994790986494 ) ) ;
#4849 = DIRECTION ( 'NONE',  ( 0.7147318154244898247, 0.000000000000000000, 0.6993986216886712848 ) ) ;
#4850 =( BOUNDED_CURVE ( )  B_SPLINE_CURVE ( 3, ( #3007, #4399, #278, #4368 ),
 .UNSPECIFIED., .F., .T. ) 
 B_SPLINE_CURVE_WITH_KNOTS ( ( 4, 4 ),
 ( 4.712388980384689674, 6.283185307179586232 ),
 .UNSPECIFIED. ) 
 CURVE ( )  GEOMETRIC_REPRESENTATION_ITEM ( )  RATIONAL_B_SPLINE_CURVE ( ( 1.000000000000000000, 0.8047378541243649375, 0.8047378541243649375, 1.000000000000000000 ) ) 
 REPRESENTATION_ITEM ( '' )  );
#4851 = CARTESIAN_POINT ( 'NONE',  ( 19.75376681190278561, 0.7500000000000006661, -3.128689300804587958 ) ) ;
#4852 = ADVANCED_FACE ( 'NONE', ( #1373 ), #551, .T. ) ;
#4853 = ORIENTED_EDGE ( 'NONE', *, *, #7, .F. ) ;
#4854 = EDGE_CURVE ( 'NONE', #3491, #1174, #5129, .T. ) ;
#4855 = EDGE_CURVE ( 'NONE', #4978, #247, #3158, .T. ) ;
#4856 = PLANE ( 'NONE',  #745 ) ;
#4857 = PLANE ( 'NONE',  #2388 ) ;
#4858 = LINE ( 'NONE', #2722, #5213 ) ;
#4859 = ORIENTED_EDGE ( 'NONE', *, *, #2040, .F. ) ;
#4860 = EDGE_LOOP ( 'NONE', ( #3719, #1659, #1563, #2530 ) ) ;
#4861 = DIRECTION ( 'NONE',  ( -0.4636242905187159535, 0.000000000000000000, -0.8860318940314830805 ) ) ;
#4862 = ORIENTED_EDGE ( 'NONE', *, *, #4569, .T. ) ;
#4863 = LINE ( 'NONE', #2380, #3695 ) ;
#4864 = DIRECTION ( 'NONE',  ( -0.1457165503378067828, 0.000000000000000000, -0.9893263804011541707 ) ) ;
#4865 = ORIENTED_EDGE ( 'NONE', *, *, #4790, .T. ) ;
#4866 = DIRECTION ( 'NONE',  ( -0.4443033392583126684, 0.000000000000000000, 0.8958764104071011980 ) ) ;
#4867 = EDGE_LOOP ( 'NONE', ( #845, #1002, #1900 ) ) ;
#4868 = AXIS2_PLACEMENT_3D ( 'NONE', #5290, #4389, #1937 ) ;
#4869 = EDGE_CURVE ( 'NONE', #5080, #5338, #532, .T. ) ;
#4870 = AXIS2_PLACEMENT_3D ( 'NONE', #2629, #104, #2227 ) ;
#4871 = ORIENTED_EDGE ( 'NONE', *, *, #753, .F. ) ;
#4872 = EDGE_LOOP ( 'NONE', ( #4082, #1672 ) ) ;
#4873 = CARTESIAN_POINT ( 'NONE',  ( 19.75376681190278561, 17.50000000000000000, -3.128689300804587958 ) ) ;
#4874 = EDGE_CURVE ( 'NONE', #3772, #4978, #635, .T. ) ;
#4875 = CARTESIAN_POINT ( 'NONE',  ( 11.62877527652555010, 0.000000000000000000, -14.20823056079260560 ) ) ;
#4876 = VERTEX_POINT ( 'NONE', #3543 ) ;
#4877 = CARTESIAN_POINT ( 'NONE',  ( 3.128689300804625262, 0.7500000000000006661, -19.75376681190276074 ) ) ;
#4878 = CARTESIAN_POINT ( 'NONE',  ( 17.00053009192102493, 0.000000000000000000, 8.662202736729659236 ) ) ;
#4879 = CARTESIAN_POINT ( 'NONE',  ( 14.14213562373097410, 0.3106601717798219142, 14.14213562373100608 ) ) ;
#4880 = LINE ( 'NONE', #2658, #168 ) ;
#4881 = EDGE_CURVE ( 'NONE', #5078, #4890, #217, .T. ) ;
#4882 = VECTOR ( 'NONE', #101, 1000.000000000000114 ) ;
#4883 = FACE_OUTER_BOUND ( 'NONE', #2847, .T. ) ;
#4884 =( BOUNDED_CURVE ( )  B_SPLINE_CURVE ( 3, ( #3175, #1030, #2680, #199 ),
 .UNSPECIFIED., .F., .T. ) 
 B_SPLINE_CURVE_WITH_KNOTS ( ( 4, 4 ),
 ( 0.000000000000000000, 1.570796326794896558 ),
 .UNSPECIFIED. ) 
 CURVE ( )  GEOMETRIC_REPRESENTATION_ITEM ( )  RATIONAL_B_SPLINE_CURVE ( ( 1.000000000000000000, 0.8047378541243649375, 0.8047378541243649375, 1.000000000000000000 ) ) 
 REPRESENTATION_ITEM ( '' )  );
#4885 = CARTESIAN_POINT ( 'NONE',  ( 11.04496740410152533, 0.7500000000000006661, 15.94085710189104077 ) ) ;
#4886 = LINE ( 'NONE', #1996, #154 ) ;
#4887 = CARTESIAN_POINT ( 'NONE',  ( 0.000000000000000000, 17.50000000000000000, -20.00000000000000000 ) ) ;
#4888 = ORIENTED_EDGE ( 'NONE', *, *, #5154, .T. ) ;
#4889 = VECTOR ( 'NONE', #155, 1000.000000000000000 ) ;
#4890 = VERTEX_POINT ( 'NONE', #4800 ) ;
#4891 = LINE ( 'NONE', #411, #1437 ) ;
#4892 = ORIENTED_EDGE ( 'NONE', *, *, #4803, .T. ) ;
#4893 = DIRECTION ( 'NONE',  ( 0.1671339897965903876, 0.000000000000000000, -0.9859341912392902696 ) ) ;
#4894 = CARTESIAN_POINT ( 'NONE',  ( -4.435461913262215283, 17.50000000000000000, -18.47502848755585347 ) ) ;
#4895 = CARTESIAN_POINT ( 'NONE',  ( 18.94142934092945652, 17.50000000000000000, 1.490722818829083751 ) ) ;
#4896 = VERTEX_POINT ( 'NONE', #2287 ) ;
#4897 = EDGE_CURVE ( 'NONE', #4561, #676, #5263, .T. ) ;
#4898 = EDGE_LOOP ( 'NONE', ( #667, #4042, #3055, #4983 ) ) ;
#4899 = ORIENTED_EDGE ( 'NONE', *, *, #573, .T. ) ;
#4900 = ORIENTED_EDGE ( 'NONE', *, *, #4543, .T. ) ;
#4901 = DIRECTION ( 'NONE',  ( -0.4443033392582338426, 0.000000000000000000, 0.8958764104071401668 ) ) ;
#4902 = DIRECTION ( 'NONE',  ( -0.7147318154245566602, 0.000000000000000000, 0.6993986216886028950 ) ) ;
#4903 = ORIENTED_EDGE ( 'NONE', *, *, #2356, .F. ) ;
#4904 = FACE_OUTER_BOUND ( 'NONE', #2114, .T. ) ;
#4905 = FACE_OUTER_BOUND ( 'NONE', #1283, .T. ) ;
#4906 = VECTOR ( 'NONE', #2665, 1000.000000000000114 ) ;
#4907 = LINE ( 'NONE', #2826, #4078 ) ;
#4908 = LINE ( 'NONE', #1685, #2441 ) ;
#4909 = EDGE_CURVE ( 'NONE', #5123, #618, #566, .T. ) ;
#4910 = DIRECTION ( 'NONE',  ( 0.9893263804011550588, 0.000000000000000000, 0.1457165503378019256 ) ) ;
#4911 = DIRECTION ( 'NONE',  ( -0.2986872808686380498, 0.000000000000000000, -0.9543510403658075347 ) ) ;
#4912 = PLANE ( 'NONE',  #5041 ) ;
#4913 = LINE ( 'NONE', #1218, #281 ) ;
#4914 = ORIENTED_EDGE ( 'NONE', *, *, #2503, .T. ) ;
#4915 = ORIENTED_EDGE ( 'NONE', *, *, #4235, .F. ) ;
#4916 =( BOUNDED_CURVE ( )  B_SPLINE_CURVE ( 3, ( #2005, #2354, #2436, #1948 ),
 .UNSPECIFIED., .F., .T. ) 
 B_SPLINE_CURVE_WITH_KNOTS ( ( 4, 4 ),
 ( 0.000000000000000000, 1.570796326794896558 ),
 .UNSPECIFIED. ) 
 CURVE ( )  GEOMETRIC_REPRESENTATION_ITEM ( )  RATIONAL_B_SPLINE_CURVE ( ( 1.000000000000000000, 0.8047378541243649375, 0.8047378541243649375, 1.000000000000000000 ) ) 
 REPRESENTATION_ITEM ( '' )  );
#4917 = AXIS2_PLACEMENT_3D ( 'NONE', #561, #4893, #3032 ) ;
#4918 = DIRECTION ( 'NONE',  ( 0.7147318154245566602, -0.000000000000000000, -0.6993986216886028950 ) ) ;
#4919 = ORIENTED_EDGE ( 'NONE', *, *, #2496, .F. ) ;
#4920 = FACE_OUTER_BOUND ( 'NONE', #220, .T. ) ;
#4921 = AXIS2_PLACEMENT_3D ( 'NONE', #59, #2967, #1299 ) ;
#4922 = CARTESIAN_POINT ( 'NONE',  ( -11.77198230270238710, 0.000000000000000000, 13.78322037140360834 ) ) ;
#4923 = CARTESIAN_POINT ( 'NONE',  ( -17.93897962598751405, 0.000000000000000000, -3.910912946995675377 ) ) ;
#4924 = EDGE_LOOP ( 'NONE', ( #2008, #4024, #2512, #915 ) ) ;
#4925 = VECTOR ( 'NONE', #239, 1000.000000000000000 ) ;
#4926 = EDGE_CURVE ( 'NONE', #5328, #4132, #1140, .T. ) ;
#4927 = EDGE_CURVE ( 'NONE', #2537, #4611, #663, .T. ) ;
#4928 = ORIENTED_EDGE ( 'NONE', *, *, #1770, .F. ) ;
#4929 = ORIENTED_EDGE ( 'NONE', *, *, #4079, .F. ) ;
#4930 = DIRECTION ( 'NONE',  ( 0.8958764104071416101, -0.000000000000000000, -0.4443033392582310115 ) ) ;
#4931 = DIRECTION ( 'NONE',  ( -0.9476501889972759329, 0.000000000000000000, -0.3193103808106264596 ) ) ;
#4932 = CARTESIAN_POINT ( 'NONE',  ( 14.44771334640060267, 0.3106601717798227469, 12.33951291827353458 ) ) ;
#4933 = ORIENTED_EDGE ( 'NONE', *, *, #4426, .F. ) ;
#4934 = FACE_OUTER_BOUND ( 'NONE', #3798, .T. ) ;
#4935 = CYLINDRICAL_SURFACE ( 'NONE', #3005, 0.7499999999999992228 ) ;
#4936 = CARTESIAN_POINT ( 'NONE',  ( 14.14213562373097410, 0.7500000000000006661, 14.14213562373100785 ) ) ;
#4937 = DIRECTION ( 'NONE',  ( 0.8025965532633724253, 0.000000000000000000, 0.5965222315134236508 ) ) ;
#4938 = VECTOR ( 'NONE', #3960, 1000.000000000000114 ) ;
#4939 = DIRECTION ( 'NONE',  ( 0.8860318940314830805, 0.000000000000000000, 0.4636242905187159535 ) ) ;
#4940 = CARTESIAN_POINT ( 'NONE',  ( 14.14213562373097410, 0.7500000000000006661, 14.14213562373100785 ) ) ;
#4941 = CARTESIAN_POINT ( 'NONE',  ( 19.02113032590310482, 0.7500000000000006661, 6.180339887498993434 ) ) ;
#4942 = DIRECTION ( 'NONE',  ( -0.9999412215650128610, -0.000000000000000000, 0.01084220526784429248 ) ) ;
#4943 = ORIENTED_EDGE ( 'NONE', *, *, #2404, .T. ) ;
#4944 = ORIENTED_EDGE ( 'NONE', *, *, #4897, .T. ) ;
#4945 = DIRECTION ( 'NONE',  ( -0.9859341912392908247, 0.000000000000000000, 0.1671339897965861965 ) ) ;
#4946 = VERTEX_POINT ( 'NONE', #2262 ) ;
#4947 = DIRECTION ( 'NONE',  ( -0.01084220526784615730, 0.000000000000000000, -0.9999412215650127500 ) ) ;
#4948 = LINE ( 'NONE', #1225, #5105 ) ;
#4949 = PLANE ( 'NONE',  #3926 ) ;
#4950 = EDGE_LOOP ( 'NONE', ( #3471, #1125, #781, #394 ) ) ;
#4951 = AXIS2_PLACEMENT_3D ( 'NONE', #4061, #316, #1991 ) ;
#4952 = AXIS2_PLACEMENT_3D ( 'NONE', #3961, #1890, #223 ) ;
#4953 = ORIENTED_EDGE ( 'NONE', *, *, #70, .T. ) ;
#4954 = DIRECTION ( 'NONE',  ( -0.8025965532633728694, 0.000000000000000000, -0.5965222315134229847 ) ) ;
#4955 = DIRECTION ( 'NONE',  ( -0.8153423299809067215, 0.000000000000000000, -0.5789791748770470869 ) ) ;
#4956 = EDGE_CURVE ( 'NONE', #4723, #746, #1941, .T. ) ;
#4957 = VECTOR ( 'NONE', #3302, 1000.000000000000000 ) ;
#4958 = EDGE_LOOP ( 'NONE', ( #4865, #706, #1502, #99 ) ) ;
#4959 = DIRECTION ( 'NONE',  ( -0.2986872808686369951, 0.000000000000000000, 0.9543510403658078678 ) ) ;
#4960 = VERTEX_POINT ( 'NONE', #270 ) ;
#4961 = CARTESIAN_POINT ( 'NONE',  ( 1.237301820696032472E-31, 0.9999999999999997780, 10.50000000000000178 ) ) ;
#4962 = DIRECTION ( 'NONE',  ( 0.7147318154244898247, -0.000000000000000000, 0.6993986216886712848 ) ) ;
#4963 = SHAPE_DEFINITION_REPRESENTATION ( #2700, #1756 ) ;
#4964 =( LENGTH_UNIT ( ) NAMED_UNIT ( * ) SI_UNIT ( .MILLI., .METRE. ) );
#4965 = DIRECTION ( 'NONE',  ( 0.4443033392582299013, 0.000000000000000000, 0.8958764104071422762 ) ) ;
#4966 = EDGE_CURVE ( 'NONE', #44, #498, #1854, .T. ) ;
#4967 = DIRECTION ( 'NONE',  ( 0.2986872808684536418, 0.000000000000000000, -0.9543510403658652663 ) ) ;
#4968 = DIRECTION ( 'NONE',  ( -0.000000000000000000, -1.000000000000000000, -0.000000000000000000 ) ) ;
#4969 = ORIENTED_EDGE ( 'NONE', *, *, #4125, .F. ) ;
#4970 = EDGE_LOOP ( 'NONE', ( #1147, #1604, #3776, #3381 ) ) ;
#4971 = ADVANCED_FACE ( 'NONE', ( #2723 ), #2638, .T. ) ;
#4972 = CARTESIAN_POINT ( 'NONE',  ( -17.07813569846652513, 0.000000000000000000, -9.189097407544268847 ) ) ;
#4973 = CARTESIAN_POINT ( 'NONE',  ( -12.33951291827350794, 0.7500000000000006661, 14.44771334640063820 ) ) ;
#4974 = CARTESIAN_POINT ( 'NONE',  ( -1.490722818829055552, 0.7500000000000006661, 18.94142934092948849 ) ) ;
#4975 = DIRECTION ( 'NONE',  ( -0.1671339897965881671, 0.000000000000000000, -0.9859341912392904916 ) ) ;
#4976 = VECTOR ( 'NONE', #3095, 1000.000000000000114 ) ;
#4977 = DIRECTION ( 'NONE',  ( 0.4443033392582361740, 0.000000000000000000, -0.8958764104071391676 ) ) ;
#4978 = VERTEX_POINT ( 'NONE', #689 ) ;
#4979 = EDGE_CURVE ( 'NONE', #2760, #4809, #4390, .T. ) ;
#4980 = ORIENTED_EDGE ( 'NONE', *, *, #367, .F. ) ;
#4981 = ORIENTED_EDGE ( 'NONE', *, *, #1929, .T. ) ;
#4982 = CARTESIAN_POINT ( 'NONE',  ( -17.55371111771447801, 17.50000000000000000, 7.270985214936747099 ) ) ;
#4983 = ORIENTED_EDGE ( 'NONE', *, *, #995, .F. ) ;
#4984 = DIRECTION ( 'NONE',  ( -0.9999412215650128610, 0.000000000000000000, -0.01084220526784615210 ) ) ;
#4985 = ORIENTED_EDGE ( 'NONE', *, *, #675, .T. ) ;
#4986 = PLANE ( 'NONE',  #2568 ) ;
#4987 = DIRECTION ( 'NONE',  ( -0.8025965532633706490, -0.000000000000000000, 0.5965222315134260933 ) ) ;
#4988 = CARTESIAN_POINT ( 'NONE',  ( 0.000000000000000000, -0.5000000000000000000, 0.000000000000000000 ) ) ;
#4989 = VECTOR ( 'NONE', #5235, 1000.000000000000000 ) ;
#4990 = CARTESIAN_POINT ( 'NONE',  ( -11.77198230270239065, 0.000000000000000000, -13.78322037140355327 ) ) ;
#4991 = CARTESIAN_POINT ( 'NONE',  ( 18.14629240691750311, 0.000000000000000000, 5.896087816609164811 ) ) ;
#4992 = LINE ( 'NONE', #4177, #546 ) ;
#4993 = EDGE_LOOP ( 'NONE', ( #3750, #5264, #1168, #2840 ) ) ;
#4994 = ORIENTED_EDGE ( 'NONE', *, *, #3939, .F. ) ;
#4995 = EDGE_CURVE ( 'NONE', #2156, #5153, #1848, .T. ) ;
#4996 = PLANE ( 'NONE',  #3614 ) ;
#4997 = ORIENTED_EDGE ( 'NONE', *, *, #1239, .F. ) ;
#4998 = DIRECTION ( 'NONE',  ( 0.9859341912392908247, 0.000000000000000000, 0.1671339897965860022 ) ) ;
#4999 = DIRECTION ( 'NONE',  ( -0.000000000000000000, -1.000000000000000000, -0.000000000000000000 ) ) ;
#5000 = LINE ( 'NONE', #1650, #3969 ) ;
#5001 = ORIENTED_EDGE ( 'NONE', *, *, #3031, .F. ) ;
#5002 = VECTOR ( 'NONE', #899, 1000.000000000000227 ) ;
#5003 = AXIS2_PLACEMENT_3D ( 'NONE', #4093, #741, #3660 ) ;
#5004 = ORIENTED_EDGE ( 'NONE', *, *, #1960, .T. ) ;
#5005 = VERTEX_POINT ( 'NONE', #579 ) ;
#5006 = CARTESIAN_POINT ( 'NONE',  ( 2.204364238465235428E-15, -0.5000000000000000000, -18.00000000000000000 ) ) ;
#5007 = EDGE_CURVE ( 'NONE', #4341, #5078, #243, .T. ) ;
#5008 = ADVANCED_FACE ( 'NONE', ( #991 ), #2238, .T. ) ;
#5009 = DIRECTION ( 'NONE',  ( -0.000000000000000000, -1.000000000000000000, -0.000000000000000000 ) ) ;
#5010 = DIRECTION ( 'NONE',  ( 0.9999412215650126390, 0.000000000000000000, 0.01084220526785186975 ) ) ;
#5011 = VECTOR ( 'NONE', #2727, 1000.000000000000000 ) ;
#5012 = CARTESIAN_POINT ( 'NONE',  ( -17.82013048376738951, 17.50000000000000000, 9.079809994790986494 ) ) ;
#5013 = CARTESIAN_POINT ( 'NONE',  ( 0.000000000000000000, -0.6952007619927221826, 5.064245749405307251 ) ) ;
#5014 = DIRECTION ( 'NONE',  ( -0.9543510403658080898, 0.000000000000000000, -0.2986872808686369951 ) ) ;
#5015 = DIRECTION ( 'NONE',  ( -0.8958764104071391676, -0.000000000000000000, -0.4443033392582361740 ) ) ;
#5016 = LINE ( 'NONE', #79, #4553 ) ;
#5017 = EDGE_CURVE ( 'NONE', #5171, #2385, #4153, .T. ) ;
#5018 = ORIENTED_EDGE ( 'NONE', *, *, #2143, .F. ) ;
#5019 = VECTOR ( 'NONE', #2335, 1000.000000000000000 ) ;
#5020 = ORIENTED_EDGE ( 'NONE', *, *, #4394, .F. ) ;
#5021 = EDGE_CURVE ( 'NONE', #342, #4579, #378, .T. ) ;
#5022 = EDGE_CURVE ( 'NONE', #4701, #366, #4504, .T. ) ;
#5023 = CARTESIAN_POINT ( 'NONE',  ( -18.14629240691750667, 0.000000000000000000, -5.896087816609098198 ) ) ;
#5024 = ORIENTED_EDGE ( 'NONE', *, *, #3645, .F. ) ;
#5025 = ORIENTED_EDGE ( 'NONE', *, *, #2676, .T. ) ;
#5026 = DIRECTION ( 'NONE',  ( -0.9999412215650127500, 0.000000000000000000, 0.01084220526784602547 ) ) ;
#5027 = CARTESIAN_POINT ( 'NONE',  ( -12.33951291827350794, 17.50000000000000000, 14.44771334640063820 ) ) ;
#5028 = ORIENTED_EDGE ( 'NONE', *, *, #586, .F. ) ;
#5029 = ORIENTED_EDGE ( 'NONE', *, *, #4854, .T. ) ;
#5030 = ORIENTED_EDGE ( 'NONE', *, *, #5354, .T. ) ;
#5031 = CARTESIAN_POINT ( 'NONE',  ( -1.490722818829055552, 0.7500000000000006661, 18.94142934092948849 ) ) ;
#5032 = EDGE_CURVE ( 'NONE', #1473, #2895, #2463, .T. ) ;
#5033 = EDGE_CURVE ( 'NONE', #2559, #4097, #15, .T. ) ;
#5034 = VECTOR ( 'NONE', #1171, 1000.000000000000114 ) ;
#5035 = EDGE_CURVE ( 'NONE', #676, #3192, #2400, .T. ) ;
#5036 = CARTESIAN_POINT ( 'NONE',  ( 17.00053009192102493, 0.000000000000000000, 8.662202736729659236 ) ) ;
#5037 = LINE ( 'NONE', #2545, #4846 ) ;
#5038 = CARTESIAN_POINT ( 'NONE',  ( -17.00053009192103204, 0.000000000000000000, -8.662202736729591734 ) ) ;
#5039 = LINE ( 'NONE', #3399, #4444 ) ;
#5040 = VECTOR ( 'NONE', #3470, 1000.000000000000000 ) ;
#5041 = AXIS2_PLACEMENT_3D ( 'NONE', #3746, #1162, #5317 ) ;
#5042 = DIRECTION ( 'NONE',  ( 0.2986872808686370506, 0.000000000000000000, -0.9543510403658080898 ) ) ;
#5043 = EDGE_CURVE ( 'NONE', #2453, #618, #324, .T. ) ;
#5044 = LINE ( 'NONE', #3402, #2946 ) ;
#5045 = CARTESIAN_POINT ( 'NONE',  ( -11.75570504584948672, 17.50000000000000000, 16.18033988749900942 ) ) ;
#5046 = ORIENTED_EDGE ( 'NONE', *, *, #1254, .T. ) ;
#5047 = EDGE_LOOP ( 'NONE', ( #1033, #4014, #1525, #1752 ) ) ;
#5048 = CARTESIAN_POINT ( 'NONE',  ( 18.58057798583383757, 6.774231092096921299E-16, -1.462323201273025397 ) ) ;
#5049 = ORIENTED_EDGE ( 'NONE', *, *, #610, .T. ) ;
#5050 = DIRECTION ( 'NONE',  ( -0.9476501889972737125, -0.000000000000000000, 0.3193103808106329544 ) ) ;
#5051 = DIRECTION ( 'NONE',  ( 0.8860318940314827474, 0.000000000000000000, -0.4636242905187166752 ) ) ;
#5052 = ORIENTED_EDGE ( 'NONE', *, *, #2617, .F. ) ;
#5053 = VERTEX_POINT ( 'NONE', #4036 ) ;
#5054 = AXIS2_PLACEMENT_3D ( 'NONE', #170, #4434, #4731 ) ;
#5055 = ORIENTED_EDGE ( 'NONE', *, *, #2600, .T. ) ;
#5056 =( BOUNDED_CURVE ( )  B_SPLINE_CURVE ( 3, ( #2054, #4562, #4072, #5371 ),
 .UNSPECIFIED., .F., .F. ) 
 B_SPLINE_CURVE_WITH_KNOTS ( ( 4, 4 ),
 ( 0.000000000000000000, 1.570796326794893893 ),
 .UNSPECIFIED. ) 
 CURVE ( )  GEOMETRIC_REPRESENTATION_ITEM ( )  RATIONAL_B_SPLINE_CURVE ( ( 1.000000000000000000, 0.8047378541243654926, 0.8047378541243654926, 1.000000000000000000 ) ) 
 REPRESENTATION_ITEM ( '' )  );
#5057 = EDGE_LOOP ( 'NONE', ( #1559, #881, #2438, #1846 ) ) ;
#5058 = CARTESIAN_POINT ( 'NONE',  ( 14.14213562373097410, 17.50000000000000000, 14.14213562373100785 ) ) ;
#5059 = ADVANCED_FACE ( 'NONE', ( #3662 ), #2077, .T. ) ;
#5060 = LINE ( 'NONE', #893, #3424 ) ;
#5061 = CARTESIAN_POINT ( 'NONE',  ( 14.01678513138353210, 0.000000000000000000, -13.40268498030147271 ) ) ;
#5062 = ORIENTED_EDGE ( 'NONE', *, *, #4881, .F. ) ;
#5063 = CARTESIAN_POINT ( 'NONE',  ( 15.43038397132521489, 0.7500000000000006661, -11.74757339189856253 ) ) ;
#5064 = LINE ( 'NONE', #2955, #5136 ) ;
#5065 = CARTESIAN_POINT ( 'NONE',  ( -19.02113032590310837, 17.50000000000000000, -6.180339887498923268 ) ) ;
#5066 = CARTESIAN_POINT ( 'NONE',  ( 14.14213562373097588, 17.50000000000000000, -14.14213562373094035 ) ) ;
#5067 = FACE_OUTER_BOUND ( 'NONE', #3558, .T. ) ;
#5068 = DIRECTION ( 'NONE',  ( -0.8153423299809067215, 0.000000000000000000, -0.5789791748770470869 ) ) ;
#5069 = ORIENTED_EDGE ( 'NONE', *, *, #1572, .T. ) ;
#5070 = EDGE_CURVE ( 'NONE', #2864, #2163, #4913, .T. ) ;
#5071 = ORIENTED_EDGE ( 'NONE', *, *, #3834, .T. ) ;
#5072 = CARTESIAN_POINT ( 'NONE',  ( 19.75376681190278561, 0.7500000000000006661, 3.128689300804657680 ) ) ;
#5073 = FACE_OUTER_BOUND ( 'NONE', #3385, .T. ) ;
#5074 = CARTESIAN_POINT ( 'NONE',  ( -17.07813569846652513, 0.7500000000000006661, 9.189097407544339902 ) ) ;
#5075 = CARTESIAN_POINT ( 'NONE',  ( -6.180339887498861984, 0.3106601717798219142, -19.02113032590267139 ) ) ;
#5076 = VECTOR ( 'NONE', #2580, 1000.000000000000114 ) ;
#5077 = ORIENTED_EDGE ( 'NONE', *, *, #3275, .T. ) ;
#5078 = VERTEX_POINT ( 'NONE', #1586 ) ;
#5079 = AXIS2_PLACEMENT_3D ( 'NONE', #3320, #2193, #71 ) ;
#5080 = VERTEX_POINT ( 'NONE', #1667 ) ;
#5081 = CARTESIAN_POINT ( 'NONE',  ( -1.399002207840399053E-15, 0.7500000000000006661, 20.00000000000007105 ) ) ;
#5082 = AXIS2_PLACEMENT_3D ( 'NONE', #5197, #1467, #1235 ) ;
#5083 = EDGE_CURVE ( 'NONE', #2250, #1567, #1245, .T. ) ;
#5084 = EDGE_CURVE ( 'NONE', #5218, #2453, #2990, .T. ) ;
#5085 = EDGE_CURVE ( 'NONE', #746, #4723, #4643, .T. ) ;
#5086 =( BOUNDED_CURVE ( )  B_SPLINE_CURVE ( 3, ( #2507, #4536, #3751, #8 ),
 .UNSPECIFIED., .F., .T. ) 
 B_SPLINE_CURVE_WITH_KNOTS ( ( 4, 4 ),
 ( 0.000000000000000000, 1.570796326794896558 ),
 .UNSPECIFIED. ) 
 CURVE ( )  GEOMETRIC_REPRESENTATION_ITEM ( )  RATIONAL_B_SPLINE_CURVE ( ( 1.000000000000000000, 0.8047378541243649375, 0.8047378541243649375, 1.000000000000000000 ) ) 
 REPRESENTATION_ITEM ( '' )  );
#5087 = DIRECTION ( 'NONE',  ( -0.01084220526784615210, 0.000000000000000000, 0.9999412215650128610 ) ) ;
#5088 = DIRECTION ( 'NONE',  ( -0.000000000000000000, -1.000000000000000000, -0.000000000000000000 ) ) ;
#5089 = ORIENTED_EDGE ( 'NONE', *, *, #20, .T. ) ;
#5090 = CARTESIAN_POINT ( 'NONE',  ( -19.02113032590310837, 17.50000000000000000, -6.180339887498923268 ) ) ;
#5091 = VECTOR ( 'NONE', #1774, 1000.000000000000227 ) ;
#5092 = CARTESIAN_POINT ( 'NONE',  ( 2.143131898507868643E-15, -50.49747468305834985, -17.50000000000000355 ) ) ;
#5093 = VECTOR ( 'NONE', #4335, 1000.000000000000114 ) ;
#5094 = CARTESIAN_POINT ( 'NONE',  ( 19.75376681190278561, 17.50000000000000000, -3.128689300804587958 ) ) ;
#5095 = LINE ( 'NONE', #2985, #3743 ) ;
#5096 = DIRECTION ( 'NONE',  ( 0.9893263804011543927, -0.000000000000000000, -0.1457165503378054228 ) ) ;
#5097 = CARTESIAN_POINT ( 'NONE',  ( -1.422160076959151143, 0.000000000000000000, 18.07025710545695318 ) ) ;
#5098 = ORIENTED_EDGE ( 'NONE', *, *, #4257, .T. ) ;
#5099 = PLANE ( 'NONE',  #2904 ) ;
#5100 = CARTESIAN_POINT ( 'NONE',  ( -19.38849325251435118, 0.7500000000000006661, 0.4342343811578182056 ) ) ;
#5101 = DIRECTION ( 'NONE',  ( 0.1457165503378051175, 0.000000000000000000, -0.9893263804011545037 ) ) ;
#5102 = EDGE_CURVE ( 'NONE', #1998, #4052, #4471, .T. ) ;
#5103 = CARTESIAN_POINT ( 'NONE',  ( -16.74636413877164998, 0.000000000000000000, 6.936571146717683156 ) ) ;
#5104 = ORIENTED_EDGE ( 'NONE', *, *, #4098, .F. ) ;
#5105 = VECTOR ( 'NONE', #2029, 1000.000000000000000 ) ;
#5106 = ORIENTED_EDGE ( 'NONE', *, *, #4595, .F. ) ;
#5107 = ADVANCED_FACE ( 'NONE', ( #5337 ), #2859, .T. ) ;
#5108 = ORIENTED_EDGE ( 'NONE', *, *, #812, .T. ) ;
#5109 = CYLINDRICAL_SURFACE ( 'NONE', #1465, 0.7500000000000012212 ) ;
#5110 = CARTESIAN_POINT ( 'NONE',  ( -9.470878960739321784, 0.000000000000000000, 15.45506981067504171 ) ) ;
#5111 = ORIENTED_EDGE ( 'NONE', *, *, #2899, .T. ) ;
#5112 = CARTESIAN_POINT ( 'NONE',  ( 9.079809994790949190, 17.50000000000000000, 17.82013048376742148 ) ) ;
#5113 = CARTESIAN_POINT ( 'NONE',  ( -19.02113032590310837, 17.50000000000000000, 6.180339887498993434 ) ) ;
#5114 = EDGE_CURVE ( 'NONE', #2806, #4537, #1136, .T. ) ;
#5115 = AXIS2_PLACEMENT_3D ( 'NONE', #1098, #3479, #1469 ) ;
#5116 =( BOUNDED_CURVE ( )  B_SPLINE_CURVE ( 3, ( #1412, #3056, #3559, #3587 ),
 .UNSPECIFIED., .F., .F. ) 
 B_SPLINE_CURVE_WITH_KNOTS ( ( 4, 4 ),
 ( 0.000000000000000000, 1.570796326794896558 ),
 .UNSPECIFIED. ) 
 CURVE ( )  GEOMETRIC_REPRESENTATION_ITEM ( )  RATIONAL_B_SPLINE_CURVE ( ( 1.000000000000000000, 0.8047378541243649375, 0.8047378541243649375, 1.000000000000000000 ) ) 
 REPRESENTATION_ITEM ( '' )  );
#5117 = FACE_OUTER_BOUND ( 'NONE', #4359, .T. ) ;
#5118 = DIRECTION ( 'NONE',  ( 0.000000000000000000, 0.000000000000000000, -1.000000000000000000 ) ) ;
#5119 = CARTESIAN_POINT ( 'NONE',  ( -1.399002207840399053E-15, 0.7500000000000006661, 20.00000000000007105 ) ) ;
#5120 = DIRECTION ( 'NONE',  ( 0.8153423299809090530, 0.000000000000000000, -0.5789791748770437563 ) ) ;
#5121 = AXIS2_PLACEMENT_3D ( 'NONE', #5262, #1044, #609 ) ;
#5122 = DIRECTION ( 'NONE',  ( -0.4636242905187152319, 0.000000000000000000, -0.8860318940314835245 ) ) ;
#5123 = VERTEX_POINT ( 'NONE', #823 ) ;
#5124 = VECTOR ( 'NONE', #4849, 1000.000000000000000 ) ;
#5125 = ADVANCED_FACE ( 'NONE', ( #4448 ), #296, .F. ) ;
#5126 = DIRECTION ( 'NONE',  ( -0.9859341912392908247, -0.000000000000000000, -0.1671339897965860022 ) ) ;
#5127 = CARTESIAN_POINT ( 'NONE',  ( -6.180339887498959683, 0.7500000000000006661, 19.02113032590313679 ) ) ;
#5128 = CARTESIAN_POINT ( 'NONE',  ( -9.079809994790956296, 17.50000000000000000, -17.82013048376735398 ) ) ;
#5129 = LINE ( 'NONE', #3046, #4906 ) ;
#5130 = ORIENTED_EDGE ( 'NONE', *, *, #658, .T. ) ;
#5131 = EDGE_CURVE ( 'NONE', #4547, #4136, #5016, .T. ) ;
#5132 = EDGE_LOOP ( 'NONE', ( #3444, #4853 ) ) ;
#5133 = ORIENTED_EDGE ( 'NONE', *, *, #1582, .T. ) ;
#5134 = DIRECTION ( 'NONE',  ( 0.3193103808106281249, 0.000000000000000000, -0.9476501889972753778 ) ) ;
#5135 = EDGE_CURVE ( 'NONE', #2556, #2344, #2605, .T. ) ;
#5136 = VECTOR ( 'NONE', #3788, 1000.000000000000000 ) ;
#5137 = CARTESIAN_POINT ( 'NONE',  ( -1.399002207840399053E-15, 17.50000000000000000, 20.00000000000007105 ) ) ;
#5138 = VERTEX_POINT ( 'NONE', #4609 ) ;
#5139 = CARTESIAN_POINT ( 'NONE',  ( -18.30536704562874917, 0.000000000000000000, -6.404355348150404303 ) ) ;
#5140 = CARTESIAN_POINT ( 'NONE',  ( 17.47241226587835428, 0.7500000000000006661, 8.415286074267372740 ) ) ;
#5141 = AXIS2_PLACEMENT_3D ( 'NONE', #1524, #3974, #2338 ) ;
#5142 = CARTESIAN_POINT ( 'NONE',  ( 0.000000000000000000, 15.50000000000000178, 0.000000000000000000 ) ) ;
#5143 = FACE_OUTER_BOUND ( 'NONE', #4810, .T. ) ;
#5144 = DIRECTION ( 'NONE',  ( -0.5965222315134230957, 0.000000000000000000, 0.8025965532633728694 ) ) ;
#5145 = DIRECTION ( 'NONE',  ( 0.6993986216886668439, -0.000000000000000000, 0.7147318154244941546 ) ) ;
#5146 = CARTESIAN_POINT ( 'NONE',  ( -1.462323201273056705, 5.698158863361341534E-16, 18.58057798583387665 ) ) ;
#5147 = ORIENTED_EDGE ( 'NONE', *, *, #1849, .T. ) ;
#5148 = EDGE_CURVE ( 'NONE', #2053, #4670, #1742, .T. ) ;
#5149 = CARTESIAN_POINT ( 'NONE',  ( 15.89153536764202990, 6.774231092096921299E-16, -9.738345398044614853 ) ) ;
#5150 = CARTESIAN_POINT ( 'NONE',  ( 0.000000000000000000, -1.000000000000000000, 0.000000000000000000 ) ) ;
#5151 = CARTESIAN_POINT ( 'NONE',  ( -18.47502848755588190, 0.3106601717798220808, 4.435461913262239264 ) ) ;
#5152 = DIRECTION ( 'NONE',  ( -0.000000000000000000, -1.000000000000000000, -0.000000000000000000 ) ) ;
#5153 = VERTEX_POINT ( 'NONE', #3770 ) ;
#5154 = EDGE_CURVE ( 'NONE', #2614, #1882, #2103, .T. ) ;
#5155 = CARTESIAN_POINT ( 'NONE',  ( 18.57373865226803744, 0.7500000000000006661, 5.578392472551462866 ) ) ;
#5156 = VECTOR ( 'NONE', #3513, 1000.000000000000000 ) ;
#5157 = EDGE_LOOP ( 'NONE', ( #4188, #3889, #4111, #2808 ) ) ;
#5158 = ORIENTED_EDGE ( 'NONE', *, *, #2079, .T. ) ;
#5159 = CYLINDRICAL_SURFACE ( 'NONE', #4952, 0.7499999999999985567 ) ;
#5160 = ORIENTED_EDGE ( 'NONE', *, *, #5085, .T. ) ;
#5161 = CARTESIAN_POINT ( 'NONE',  ( 16.18033988749897389, 17.50000000000000000, 11.75570504584951870 ) ) ;
#5162 = VECTOR ( 'NONE', #3418, 1000.000000000000000 ) ;
#5163 = EDGE_LOOP ( 'NONE', ( #5369, #2464, #916, #2741 ) ) ;
#5164 = ORIENTED_EDGE ( 'NONE', *, *, #3713, .T. ) ;
#5165 = AXIS2_PLACEMENT_3D ( 'NONE', #3134, #1946, #144 ) ;
#5166 = CARTESIAN_POINT ( 'NONE',  ( 0.000000000000000000, 33.05634918610405037, 0.000000000000000000 ) ) ;
#5167 = DIRECTION ( 'NONE',  ( 0.9893263804011541707, 0.000000000000000000, -0.1457165503378072269 ) ) ;
#5168 = DIRECTION ( 'NONE',  ( -0.9893263804011538376, -0.000000000000000000, -0.1457165503378092530 ) ) ;
#5169 = LINE ( 'NONE', #3150, #4031 ) ;
#5170 = CARTESIAN_POINT ( 'NONE',  ( -6.180339887498861984, 17.50000000000000000, -19.02113032590267494 ) ) ;
#5171 = VERTEX_POINT ( 'NONE', #493 ) ;
#5172 = VECTOR ( 'NONE', #3153, 1000.000000000000000 ) ;
#5173 = CARTESIAN_POINT ( 'NONE',  ( 8.415286074267335437, 0.000000000000000000, 17.47241226587838625 ) ) ;
#5174 = ADVANCED_FACE ( 'NONE', ( #5067 ), #853, .F. ) ;
#5175 = DIRECTION ( 'NONE',  ( 0.1671339897965892496, 0.000000000000000000, -0.9859341912392903806 ) ) ;
#5176 = CARTESIAN_POINT ( 'NONE',  ( -19.21771795033442132, 0.7500000000000006661, 2.604140334538156409 ) ) ;
#5177 = CARTESIAN_POINT ( 'NONE',  ( 9.470878960739318231, 0.000000000000000000, 15.45506981067504171 ) ) ;
#5178 = ORIENTED_EDGE ( 'NONE', *, *, #4235, .T. ) ;
#5179 = EDGE_CURVE ( 'NONE', #2482, #2571, #2986, .T. ) ;
#5180 = DIRECTION ( 'NONE',  ( 0.000000000000000000, 0.000000000000000000, -1.000000000000000000 ) ) ;
#5181 = CARTESIAN_POINT ( 'NONE',  ( -18.65876059498101824, 6.782361035846846955E-16, 6.062598824603787406 ) ) ;
#5182 = EDGE_LOOP ( 'NONE', ( #4096, #3836, #2948, #2461 ) ) ;
#5183 = CARTESIAN_POINT ( 'NONE',  ( 5.687488515043146009, 1.000000000000000000, 7.656255742478426107 ) ) ;
#5184 = VERTEX_POINT ( 'NONE', #1269 ) ;
#5185 = LINE ( 'NONE', #3052, #594 ) ;
#5186 = ORIENTED_EDGE ( 'NONE', *, *, #3325, .T. ) ;
#5187 = VECTOR ( 'NONE', #3988, 1000.000000000000114 ) ;
#5188 = EDGE_CURVE ( 'NONE', #1516, #1279, #4248, .T. ) ;
#5189 = ORIENTED_EDGE ( 'NONE', *, *, #2323, .T. ) ;
#5190 = CARTESIAN_POINT ( 'NONE',  ( -14.14213562373097766, 0.7500000000000006661, -14.14213562373093858 ) ) ;
#5191 = LINE ( 'NONE', #1838, #4355 ) ;
#5193 = EDGE_CURVE ( 'NONE', #1928, #81, #957, .T. ) ;
#5192 = VERTEX_POINT ( 'NONE', #2501 ) ;
#5194 =( BOUNDED_CURVE ( )  B_SPLINE_CURVE ( 3, ( #4818, #1606, #3148, #3265 ),
 .UNSPECIFIED., .F., .T. ) 
 B_SPLINE_CURVE_WITH_KNOTS ( ( 4, 4 ),
 ( 4.712388980384687898, 6.283185307179586232 ),
 .UNSPECIFIED. ) 
 CURVE ( )  GEOMETRIC_REPRESENTATION_ITEM ( )  RATIONAL_B_SPLINE_CURVE ( ( 1.000000000000000000, 0.8047378541243646044, 0.8047378541243646044, 1.000000000000000000 ) ) 
 REPRESENTATION_ITEM ( '' )  );
#5195 = ORIENTED_EDGE ( 'NONE', *, *, #799, .F. ) ;
#5196 = EDGE_CURVE ( 'NONE', #44, #1233, #816, .T. ) ;
#5197 = CARTESIAN_POINT ( 'NONE',  ( -16.18033988749897745, 17.50000000000000000, 11.75570504584951692 ) ) ;
#5198 = CARTESIAN_POINT ( 'NONE',  ( -16.18033988749897745, 0.7500000000000006661, -11.75570504584944587 ) ) ;
#5199 = LINE ( 'NONE', #3535, #5124 ) ;
#5200 = CARTESIAN_POINT ( 'NONE',  ( -18.94142934092946007, 17.50000000000000000, 1.490722818829087748 ) ) ;
#5201 = CARTESIAN_POINT ( 'NONE',  ( -11.62877527652555187, 0.000000000000000000, 14.20823056079266777 ) ) ;
#5202 = AXIS2_PLACEMENT_3D ( 'NONE', #4873, #2386, #4901 ) ;
#5203 = ORIENTED_EDGE ( 'NONE', *, *, #4282, .T. ) ;
#5204 = EDGE_CURVE ( 'NONE', #4113, #5212, #3794, .T. ) ;
#5205 = LINE ( 'NONE', #3570, #1005 ) ;
#5206 = AXIS2_PLACEMENT_3D ( 'NONE', #3784, #45, #3368 ) ;
#5207 = LINE ( 'NONE', #3124, #4141 ) ;
#5208 = CARTESIAN_POINT ( 'NONE',  ( 11.77198230270238533, 0.000000000000000000, -13.78322037140355505 ) ) ;
#5209 = CARTESIAN_POINT ( 'NONE',  ( 12.33951291827350616, 0.7500000000000006661, -14.44771334640057958 ) ) ;
#5210 = CARTESIAN_POINT ( 'NONE',  ( 9.927472729603042723, 0.7500000000000006661, 16.20016312272780468 ) ) ;
#5211 = ORIENTED_EDGE ( 'NONE', *, *, #132, .T. ) ;
#5212 = VERTEX_POINT ( 'NONE', #2128 ) ;
#5213 = VECTOR ( 'NONE', #1448, 1000.000000000000114 ) ;
#5214 = EDGE_LOOP ( 'NONE', ( #3244, #3562, #1769, #4423 ) ) ;
#5215 = CARTESIAN_POINT ( 'NONE',  ( 5.687488515043147785, 1.000000000000000000, 13.34374425752157123 ) ) ;
#5216 = DIRECTION ( 'NONE',  ( -0.000000000000000000, -1.000000000000000000, -0.000000000000000000 ) ) ;
#5217 = VERTEX_POINT ( 'NONE', #543 ) ;
#5218 = VERTEX_POINT ( 'NONE', #2529 ) ;
#5219 = CARTESIAN_POINT ( 'NONE',  ( -18.07025710545692476, 0.000000000000000000, 1.422160076959179342 ) ) ;
#5220 = EDGE_CURVE ( 'NONE', #366, #2796, #463, .T. ) ;
#5221 = DIRECTION ( 'NONE',  ( -0.9999412215650127500, 0.000000000000000000, -0.01084220526784427166 ) ) ;
#5222 = EDGE_CURVE ( 'NONE', #3276, #4005, #1104, .T. ) ;
#5223 = ORIENTED_EDGE ( 'NONE', *, *, #5363, .T. ) ;
#5224 = CARTESIAN_POINT ( 'NONE',  ( -17.55371111771447801, 0.3106601717798219142, 7.270985214936746210 ) ) ;
#5225 = DIRECTION ( 'NONE',  ( -0.4443033392582304009, 0.000000000000000000, 0.8958764104071419432 ) ) ;
#5226 = PRESENTATION_LAYER_ASSIGNMENT (  '', '', ( #1152 ) ) ;
#5227 = CARTESIAN_POINT ( 'NONE',  ( 11.75570504584948139, 17.50000000000000000, 16.18033988749900942 ) ) ;
#5228 = CARTESIAN_POINT ( 'NONE',  ( -1.816590212458487619, 15.00000000000000178, -2.450000000000000622 ) ) ;
#5229 = CARTESIAN_POINT ( 'NONE',  ( 9.927472729603040946, 0.7500000000000006661, -16.20016312272774783 ) ) ;
#5230 = ORIENTED_EDGE ( 'NONE', *, *, #2187, .F. ) ;
#5231 = PLANE ( 'NONE',  #918 ) ;
#5232 = CARTESIAN_POINT ( 'NONE',  ( -9.079809994790952743, 0.7500000000000006661, 17.82013048376742148 ) ) ;
#5233 = CARTESIAN_POINT ( 'NONE',  ( -6.180339887498861984, 17.50000000000000000, -19.02113032590267494 ) ) ;
#5234 = EDGE_CURVE ( 'NONE', #3367, #5123, #3331, .T. ) ;
#5235 = DIRECTION ( 'NONE',  ( -0.8025965532633696498, 0.000000000000000000, -0.5965222315134273146 ) ) ;
#5236 = ORIENTED_EDGE ( 'NONE', *, *, #533, .F. ) ;
#5237 = ORIENTED_EDGE ( 'NONE', *, *, #3297, .F. ) ;
#5238 = CARTESIAN_POINT ( 'NONE',  ( 6.404355348150438054, 0.7500000000000006661, 18.30536704562878469 ) ) ;
#5239 = ORIENTED_EDGE ( 'NONE', *, *, #4239, .T. ) ;
#5240 = DIRECTION ( 'NONE',  ( -0.000000000000000000, -1.000000000000000000, -0.000000000000000000 ) ) ;
#5241 = CARTESIAN_POINT ( 'NONE',  ( 11.04496740410152533, 0.7500000000000006661, -15.94085710189096794 ) ) ;
#5242 = DIRECTION ( 'NONE',  ( 0.8153423299809099412, 0.000000000000000000, 0.5789791748770425350 ) ) ;
#5243 = ORIENTED_EDGE ( 'NONE', *, *, #1391, .F. ) ;
#5244 = VECTOR ( 'NONE', #1295, 1000.000000000000114 ) ;
#5245 = ADVANCED_FACE ( 'NONE', ( #2153 ), #3356, .F. ) ;
#5246 = ORIENTED_EDGE ( 'NONE', *, *, #2934, .T. ) ;
#5247 = LINE ( 'NONE', #256, #2932 ) ;
#5248 = CYLINDRICAL_SURFACE ( 'NONE', #2181, 0.7500000000000000000 ) ;
#5249 = VECTOR ( 'NONE', #3481, 1000.000000000000227 ) ;
#5250 = EDGE_CURVE ( 'NONE', #5171, #1884, #3844, .T. ) ;
#5251 = EDGE_CURVE ( 'NONE', #1382, #5171, #4992, .T. ) ;
#5252 = ADVANCED_FACE ( 'NONE', ( #3429 ), #1822, .T. ) ;
#5253 = ORIENTED_EDGE ( 'NONE', *, *, #3327, .T. ) ;
#5254 = CARTESIAN_POINT ( 'NONE',  ( 0.000000000000000000, -50.49747468305834985, 0.000000000000000000 ) ) ;
#5255 = DIRECTION ( 'NONE',  ( -0.8860318940314827474, 0.000000000000000000, 0.4636242905187166752 ) ) ;
#5256 = PLANE ( 'NONE',  #2086 ) ;
#5257 = AXIS2_PLACEMENT_3D ( 'NONE', #4606, #5042, #5014 ) ;
#5258 = EDGE_LOOP ( 'NONE', ( #2587, #1153, #3490, #4933 ) ) ;
#5259 = AXIS2_PLACEMENT_3D ( 'NONE', #1134, #5316, #3239 ) ;
#5260 = DIRECTION ( 'NONE',  ( -0.000000000000000000, -1.000000000000000000, -0.000000000000000000 ) ) ;
#5261 = DIRECTION ( 'NONE',  ( 0.6993986216886685092, 0.000000000000000000, -0.7147318154244923782 ) ) ;
#5262 = CARTESIAN_POINT ( 'NONE',  ( -18.57373865226803744, 0.7500000000000006661, -5.578392472551395365 ) ) ;
#5263 = LINE ( 'NONE', #1881, #4989 ) ;
#5264 = ORIENTED_EDGE ( 'NONE', *, *, #4262, .F. ) ;
#5265 = VECTOR ( 'NONE', #4589, 1000.000000000000000 ) ;
#5266 = ORIENTED_EDGE ( 'NONE', *, *, #3874, .F. ) ;
#5267 = AXIS2_PLACEMENT_3D ( 'NONE', #292, #1968, #2828 ) ;
#5268 = ADVANCED_FACE ( 'NONE', ( #1844 ), #599, .T. ) ;
#5269 = DIRECTION ( 'NONE',  ( 0.8860318940314827474, 0.000000000000000000, -0.4636242905187166752 ) ) ;
#5270 = AXIS2_PLACEMENT_3D ( 'NONE', #3867, #3119, #3037 ) ;
#5271 = ORIENTED_EDGE ( 'NONE', *, *, #1388, .T. ) ;
#5272 = DIRECTION ( 'NONE',  ( -0.000000000000000000, -1.000000000000000000, -0.000000000000000000 ) ) ;
#5273 = CARTESIAN_POINT ( 'NONE',  ( -19.75376681190278916, 0.7500000000000006661, -3.128689300804586626 ) ) ;
#5274 = VERTEX_POINT ( 'NONE', #3973 ) ;
#5275 = DIRECTION ( 'NONE',  ( 0.8958764104071011980, 0.000000000000000000, 0.4443033392583126684 ) ) ;
#5276 = ORIENTED_EDGE ( 'NONE', *, *, #4966, .T. ) ;
#5277 = EDGE_CURVE ( 'NONE', #3279, #1567, #1796, .T. ) ;
#5278 = ORIENTED_EDGE ( 'NONE', *, *, #3975, .F. ) ;
#5279 = VERTEX_POINT ( 'NONE', #1395 ) ;
#5280 = VECTOR ( 'NONE', #1349, 1000.000000000000000 ) ;
#5281 = CARTESIAN_POINT ( 'NONE',  ( 0.000000000000000000, 1.500000000000000000, 0.000000000000000000 ) ) ;
#5282 = ORIENTED_EDGE ( 'NONE', *, *, #3551, .F. ) ;
#5283 = EDGE_LOOP ( 'NONE', ( #4163, #4320, #3048, #3189 ) ) ;
#5284 = VECTOR ( 'NONE', #2799, 1000.000000000000227 ) ;
#5285 = CARTESIAN_POINT ( 'NONE',  ( -8.662202736729627262, 0.000000000000000000, 17.00053009192106046 ) ) ;
#5286 = LINE ( 'NONE', #4114, #2653 ) ;
#5287 = LINE ( 'NONE', #5201, #3484 ) ;
#5288 = CARTESIAN_POINT ( 'NONE',  ( 14.14213562373097410, 17.50000000000000000, 14.14213562373100785 ) ) ;
#5289 = DIRECTION ( 'NONE',  ( 0.4636242905187136221, 0.000000000000000000, 0.8860318940314843017 ) ) ;
#5290 = CARTESIAN_POINT ( 'NONE',  ( 9.079809994790950967, 17.50000000000000000, -17.82013048376735753 ) ) ;
#5291 = DIRECTION ( 'NONE',  ( 0.5965222315134212083, -0.000000000000000000, 0.8025965532633743127 ) ) ;
#5292 = ORIENTED_EDGE ( 'NONE', *, *, #1609, .F. ) ;
#5293 = ORIENTED_EDGE ( 'NONE', *, *, #2691, .T. ) ;
#5294 = EDGE_CURVE ( 'NONE', #2309, #226, #3895, .T. ) ;
#5295 = VECTOR ( 'NONE', #3472, 1000.000000000000114 ) ;
#5296 =( BOUNDED_CURVE ( )  B_SPLINE_CURVE ( 3, ( #1042, #1851, #4743, #686 ),
 .UNSPECIFIED., .F., .F. ) 
 B_SPLINE_CURVE_WITH_KNOTS ( ( 4, 4 ),
 ( 0.000000000000000000, 1.570796326794896558 ),
 .UNSPECIFIED. ) 
 CURVE ( )  GEOMETRIC_REPRESENTATION_ITEM ( )  RATIONAL_B_SPLINE_CURVE ( ( 1.000000000000000000, 0.8047378541243649375, 0.8047378541243649375, 1.000000000000000000 ) ) 
 REPRESENTATION_ITEM ( '' )  );
#5297 = LINE ( 'NONE', #1167, #2995 ) ;
#5298 = ORIENTED_EDGE ( 'NONE', *, *, #4035, .T. ) ;
#5299 = FACE_OUTER_BOUND ( 'NONE', #1669, .T. ) ;
#5300 = DIRECTION ( 'NONE',  ( 0.000000000000000000, 0.000000000000000000, -1.000000000000000000 ) ) ;
#5301 = LINE ( 'NONE', #4512, #3226 ) ;
#5302 = EDGE_LOOP ( 'NONE', ( #4100, #3548, #5104, #699, #1204 ) ) ;
#5303 = VECTOR ( 'NONE', #1401, 1000.000000000000000 ) ;
#5304 = EDGE_CURVE ( 'NONE', #943, #5184, #4793, .T. ) ;
#5305 = EDGE_LOOP ( 'NONE', ( #4953, #5098, #64, #2218 ) ) ;
#5306 = DIRECTION ( 'NONE',  ( 0.8153423299809100522, 0.000000000000000000, -0.5789791748770425350 ) ) ;
#5307 = ADVANCED_FACE ( 'NONE', ( #1905 ), #3039, .F. ) ;
#5308 = FACE_OUTER_BOUND ( 'NONE', #4616, .T. ) ;
#5309 = ORIENTED_EDGE ( 'NONE', *, *, #3499, .T. ) ;
#5310 = CARTESIAN_POINT ( 'NONE',  ( 3.603089355156714376E-15, 3.500000000000001332, 1.734723475976807094E-15 ) ) ;
#5311 = LINE ( 'NONE', #4410, #2403 ) ;
#5312 = LINE ( 'NONE', #372, #3018 ) ;
#5313 = DIRECTION ( 'NONE',  ( 0.000000000000000000, 0.000000000000000000, 1.000000000000000000 ) ) ;
#5314 = DIRECTION ( 'NONE',  ( 0.8958764104071410550, 0.000000000000000000, -0.4443033392582322882 ) ) ;
#5315 = CYLINDRICAL_SURFACE ( 'NONE', #3174, 0.7500000000000007772 ) ;
#5316 = DIRECTION ( 'NONE',  ( -0.7147318154244899358, 0.000000000000000000, 0.6993986216886711738 ) ) ;
#5317 = DIRECTION ( 'NONE',  ( 0.9859341912392898255, 0.000000000000000000, 0.1671339897965923027 ) ) ;
#5318 = DIRECTION ( 'NONE',  ( -0.1671339897965870569, 0.000000000000000000, 0.9859341912392908247 ) ) ;
#5319 = ORIENTED_EDGE ( 'NONE', *, *, #3144, .T. ) ;
#5320 = AXIS2_PLACEMENT_3D ( 'NONE', #2154, #5068, #3455 ) ;
#5321 = ORIENTED_EDGE ( 'NONE', *, *, #2913, .T. ) ;
#5322 = EDGE_CURVE ( 'NONE', #2274, #942, #4288, .T. ) ;
#5323 = EDGE_CURVE ( 'NONE', #465, #1863, #5169, .T. ) ;
#5324 = ORIENTED_EDGE ( 'NONE', *, *, #2355, .F. ) ;
#5325 = CARTESIAN_POINT ( 'NONE',  ( -15.43038397132521844, 0.7500000000000006661, 11.74757339189863181 ) ) ;
#5326 = FACE_OUTER_BOUND ( 'NONE', #255, .T. ) ;
#5327 = CARTESIAN_POINT ( 'NONE',  ( -8.415286074267342542, 0.000000000000000000, -17.47241226587831520 ) ) ;
#5328 = VERTEX_POINT ( 'NONE', #2307 ) ;
#5329 = EDGE_LOOP ( 'NONE', ( #282, #4080, #2402, #3198 ) ) ;
#5330 = CARTESIAN_POINT ( 'NONE',  ( 0.000000000000000000, 1.500000000000000000, 0.000000000000000000 ) ) ;
#5331 = CARTESIAN_POINT ( 'NONE',  ( -12.33951291827350794, 0.7500000000000006661, 14.44771334640063820 ) ) ;
#5332 = ORIENTED_EDGE ( 'NONE', *, *, #1485, .F. ) ;
#5333 = CARTESIAN_POINT ( 'NONE',  ( 15.43615830453686044, 0.000000000000000000, 11.21502547726919019 ) ) ;
#5334 = CARTESIAN_POINT ( 'NONE',  ( 6.385528154715261036E-16, 0.3268088205148577119, 15.50236870920461918 ) ) ;
#5335 = DIRECTION ( 'NONE',  ( 0.8958764104071419432, -0.000000000000000000, 0.4443033392582304009 ) ) ;
#5336 = CARTESIAN_POINT ( 'NONE',  ( 7.270985214936714236, 17.50000000000000000, 17.55371111771449932 ) ) ;
#5337 = FACE_OUTER_BOUND ( 'NONE', #970, .T. ) ;
#5338 = VERTEX_POINT ( 'NONE', #2255 ) ;
#5339 = ORIENTED_EDGE ( 'NONE', *, *, #588, .T. ) ;
#5340 = AXIS2_PLACEMENT_3D ( 'NONE', #5094, #4245, #4269 ) ;
#5341 = CARTESIAN_POINT ( 'NONE',  ( -1.399002207840399053E-15, 17.50000000000000000, 20.00000000000007105 ) ) ;
#5342 = EDGE_LOOP ( 'NONE', ( #3074, #2690, #997, #4 ) ) ;
#5343 = DIRECTION ( 'NONE',  ( 0.8958764104071408330, 0.000000000000000000, -0.4443033392582326768 ) ) ;
#5344 = VECTOR ( 'NONE', #5365, 1000.000000000000227 ) ;
#5345 = CARTESIAN_POINT ( 'NONE',  ( -9.189097407544311480, 0.000000000000000000, 17.07813569846655710 ) ) ;
#5346 = DIRECTION ( 'NONE',  ( 0.000000000000000000, 0.000000000000000000, -1.000000000000000000 ) ) ;
#5347 = EDGE_CURVE ( 'NONE', #4567, #1306, #3557, .T. ) ;
#5348 = ORIENTED_EDGE ( 'NONE', *, *, #812, .F. ) ;
#5349 = VECTOR ( 'NONE', #3238, 1000.000000000000114 ) ;
#5350 = ORIENTED_EDGE ( 'NONE', *, *, #4459, .T. ) ;
#5351 = ORIENTED_EDGE ( 'NONE', *, *, #4057, .F. ) ;
#5352 = LINE ( 'NONE', #2794, #1028 ) ;
#5353 = CARTESIAN_POINT ( 'NONE',  ( 15.87208978296778916, 6.774231092096921299E-16, 11.53174823564551410 ) ) ;
#5354 = EDGE_CURVE ( 'NONE', #4005, #1972, #4412, .T. ) ;
#5355 = ORIENTED_EDGE ( 'NONE', *, *, #2662, .T. ) ;
#5356 = EDGE_CURVE ( 'NONE', #4896, #3494, #1444, .T. ) ;
#5357 = CARTESIAN_POINT ( 'NONE',  ( -19.75376681190278916, 17.50000000000000000, 3.128689300804659013 ) ) ;
#5358 = DIRECTION ( 'NONE',  ( 0.1457165503378067828, -0.000000000000000000, 0.9893263804011541707 ) ) ;
#5359 = CARTESIAN_POINT ( 'NONE',  ( -1.359562423188049122E-15, -0.6952007619927221826, 5.064245749405307251 ) ) ;
#5360 = LINE ( 'NONE', #3685, #617 ) ;
#5361 = VECTOR ( 'NONE', #23, 1000.000000000000000 ) ;
#5362 = ADVANCED_FACE ( 'NONE', ( #4328 ), #3923, .F. ) ;
#5363 = EDGE_CURVE ( 'NONE', #1730, #4052, #1873, .T. ) ;
#5364 = CARTESIAN_POINT ( 'NONE',  ( 19.75376681190278561, 17.50000000000000000, 3.128689300804657680 ) ) ;
#5365 = DIRECTION ( 'NONE',  ( 0.1457165503378061444, 0.000000000000000000, -0.9893263804011542817 ) ) ;
#5366 = DIRECTION ( 'NONE',  ( -0.9859341912392910467, 0.000000000000000000, -0.1671339897965860299 ) ) ;
#5367 = VERTEX_POINT ( 'NONE', #5200 ) ;
#5368 = EDGE_CURVE ( 'NONE', #4490, #4701, #3566, .T. ) ;
#5369 = ORIENTED_EDGE ( 'NONE', *, *, #5070, .T. ) ;
#5370 =( BOUNDED_CURVE ( )  B_SPLINE_CURVE ( 3, ( #4232, #4722, #2944, #2137 ),
 .UNSPECIFIED., .F., .T. ) 
 B_SPLINE_CURVE_WITH_KNOTS ( ( 4, 4 ),
 ( 4.712388980384689674, 6.283185307179586232 ),
 .UNSPECIFIED. ) 
 CURVE ( )  GEOMETRIC_REPRESENTATION_ITEM ( )  RATIONAL_B_SPLINE_CURVE ( ( 1.000000000000000000, 0.8047378541243649375, 0.8047378541243649375, 1.000000000000000000 ) ) 
 REPRESENTATION_ITEM ( '' )  );
#5371 = CARTESIAN_POINT ( 'NONE',  ( 11.77198230270238710, 0.000000000000000000, 13.78322037140360479 ) ) ;
#5372 = ORIENTED_EDGE ( 'NONE', *, *, #1892, .F. ) ;
#5373 = FACE_OUTER_BOUND ( 'NONE', #2179, .T. ) ;
#5374 = CARTESIAN_POINT ( 'NONE',  ( 1.936061947508616710, 15.50000000000000178, -2.822416343931843485 ) ) ;
#5375 = FACE_OUTER_BOUND ( 'NONE', #4841, .T. ) ;
#5376 = ORIENTED_EDGE ( 'NONE', *, *, #2976, .F. ) ;
#5377 = VECTOR ( 'NONE', #1872, 1000.000000000000000 ) ;
#5378 = AXIS2_PLACEMENT_3D ( 'NONE', #2313, #1558, #216 ) ;
#5379 = ORIENTED_EDGE ( 'NONE', *, *, #824, .F. ) ;
#5380 = CARTESIAN_POINT ( 'NONE',  ( 0.4342343811577819013, 0.7500000000000006661, -19.38849325251431921 ) ) ;
#5381 = VECTOR ( 'NONE', #5015, 1000.000000000000000 ) ;
#5382 = ORIENTED_EDGE ( 'NONE', *, *, #47, .F. ) ;
#5383 = FACE_OUTER_BOUND ( 'NONE', #1575, .T. ) ;
#5384 = DIRECTION ( 'NONE',  ( -0.7147318154244904909, -0.000000000000000000, -0.6993986216886706186 ) ) ;
#5385 = DIRECTION ( 'NONE',  ( -0.9476501889972755999, 0.000000000000000000, 0.3193103808106271813 ) ) ;
#5386 = CARTESIAN_POINT ( 'NONE',  ( 6.180339887498962348, 17.50000000000000000, -19.02113032590307284 ) ) ;
#5387 = EDGE_CURVE ( 'NONE', #260, #4594, #2715, .T. ) ;
ENDSEC;
END-ISO-10303-21;
